{
"type": "FeatureCollection",
"name": "TP_WB_countries_Admin0",
"crs": { "type": "name", "properties": { "name": "urn:ogc:def:crs:ESRI::54009" } },
"features": [
{ "type": "Feature", "properties": { "OBJECTID": 246, "featurecla": "Admin-0 country", "LEVEL": 2, "TYPE": "Dependency", "FORMAL_EN": null, "FORMAL_FR": null, "POP_EST": 300, "POP_RANK": 2, "GDP_MD_EST": 0.0, "POP_YEAR": 0, "LASTCENSUS": -99, "GDP_YEAR": 0, "ECONOMY": "7. Least developed region", "INCOME_GRP": "5. Low income", "FIPS_10_": "-99", "ISO_A2": "UM", "ISO_A3": "UMI", "ISO_A3_EH": "UMI", "ISO_N3": "581", "UN_A3": "-099", "WB_A2": "-99", "WB_A3": "UMI", "CONTINENT": "North America", "REGION_UN": "Seven seas (open ocean)", "SUBREGION": "Seven seas (open ocean)", "REGION_WB": "East Asia & Pacific", "NAME_AR": "جزر الولايات المتحدة الصغيرة النائية", "NAME_BN": "মার্কিন যুক্তরাষ্ট্র পার্শ্ববর্তী ক্ষুদ্র দ্বীপপুঞ্জ", "NAME_DE": "United States Minor Outlying Islands", "NAME_EN": "United States Minor Outlying Islands", "NAME_ES": "Islas ultramarinas de Estados Unidos", "NAME_FR": "Îles mineures éloignées des États-Unis", "NAME_EL": "Απομακρυσμένες Νησίδες των Ηνωμένων Πολιτειών", "NAME_HI": "संयुक्त राज्य अमेरिका के छोटे दूरस्थ द्वीपसमूह", "NAME_HU": "Az Amerikai Egyesült Államok lakatlan külbirtokai", "NAME_ID": "Kepulauan Terluar Kecil Amerika Serikat", "NAME_IT": "Isole minori esterne degli Stati Uniti d'America", "NAME_JA": "合衆国領有小離島", "NAME_KO": "미국령 군소 제도", "NAME_NL": "Kleine afgelegen eilanden van de Verenigde Staten", "NAME_PL": "Dalekie Wyspy Mniejsze Stanów Zjednoczonych", "NAME_PT": "Ilhas Menores Distantes dos Estados Unidos", "NAME_RU": "Внешние малые острова США", "NAME_SV": "Förenta staternas mindre öar i Oceanien och Västindien", "NAME_TR": "United States Minor Outlying Islands", "NAME_VI": "Các tiểu đảo xa của Hoa Kỳ", "NAME_ZH": "美国本土外小岛屿", "WB_NAME": "Midway Islands (US)", "WB_RULES": "Name in italic", "WB_REGION": "Other", "Shape_Leng": 0.11043430307, "Shape_Area": 0.00032240151 }, "geometry": { "type": "Polygon", "coordinates": [ [ [ -230.750866882441557, 94.148272087766884 ], [ -160.345400284024578, 94.148272087766884 ], [ -146.069598401653252, 41.170456471861485 ], [ -185.449884385651984, 14.278653141604327 ], [ -230.750866882441557, 13.072328792561549 ], [ -230.750866882441557, 94.148272087766884 ] ] ] } },
{ "type": "Feature", "properties": { "OBJECTID": 233, "featurecla": "Admin-0 country", "LEVEL": 2, "TYPE": "Dependency", "FORMAL_EN": null, "FORMAL_FR": null, "POP_EST": 0, "POP_RANK": 1, "GDP_MD_EST": 0.0, "POP_YEAR": 2017, "LASTCENSUS": -99, "GDP_YEAR": 2016, "ECONOMY": "7. Least developed region", "INCOME_GRP": "5. Low income", "FIPS_10_": "IP", "ISO_A2": "-99", "ISO_A3": "-99", "ISO_A3_EH": "-99", "ISO_N3": "-99", "UN_A3": "-099", "WB_A2": "-99", "WB_A3": "FRA", "CONTINENT": "Seven seas (open ocean)", "REGION_UN": "Americas", "SUBREGION": "Central America", "REGION_WB": "Latin America & Caribbean", "NAME_AR": "جزيرة كليبرتون", "NAME_BN": "ক্লিপারটন দ্বীপপুঞ্জ", "NAME_DE": "Clipperton-Insel", "NAME_EN": "Clipperton Island", "NAME_ES": "Isla Clipperton", "NAME_FR": "île Clipperton", "NAME_EL": "Νήσος Κλίπερτον", "NAME_HI": "क्लिपरटन द्वीप", "NAME_HU": "Clipperton-sziget", "NAME_ID": "Pulau Clipperton", "NAME_IT": "Clipperton", "NAME_JA": "クリッパートン島", "NAME_KO": "클리퍼턴 섬", "NAME_NL": "Clipperton", "NAME_PL": "Wyspa Clippertona", "NAME_PT": "Ilha de Clipperton", "NAME_RU": "Клиппертон", "NAME_SV": "Clippertonön", "NAME_TR": "Clipperton Adası", "NAME_VI": "Clipperton", "NAME_ZH": "克利珀頓島", "WB_NAME": "Clipperton Island (Fr.)", "WB_RULES": "Name in italic", "WB_REGION": "Other", "Shape_Leng": 0.081190068, "Shape_Area": 0.00041283915 }, "geometry": { "type": "Polygon", "coordinates": [ [ [ -137.055639198807057, 25.568908705608827 ], [ -125.322620855536869, 26.654484708275053 ], [ -100.171652481497659, 14.32759329710605 ], [ -98.377544098522407, 8.059542331114377 ], [ -96.851278288615333, -0.973531022224461 ], [ -96.87814034516137, -3.048003007873255 ], [ -102.017750813039356, -16.396760587811606 ], [ -127.11959682063916, -2.469673249911028 ], [ -135.550419722952853, 9.383144965110032 ], [ -135.893390339543259, 11.014910106843216 ], [ -136.699043477314575, 20.656423807562838 ], [ -137.055639198807057, 25.568908705608827 ] ] ] } },
{ "type": "Feature", "properties": { "OBJECTID": 249, "featurecla": "Admin-0 country", "LEVEL": 2, "TYPE": "Dependency", "FORMAL_EN": null, "FORMAL_FR": null, "POP_EST": 300, "POP_RANK": 2, "GDP_MD_EST": 0.0, "POP_YEAR": 0, "LASTCENSUS": -99, "GDP_YEAR": 0, "ECONOMY": "7. Least developed region", "INCOME_GRP": "5. Low income", "FIPS_10_": "-99", "ISO_A2": "UM", "ISO_A3": "UMI", "ISO_A3_EH": "UMI", "ISO_N3": "581", "UN_A3": "-099", "WB_A2": "-99", "WB_A3": "UMI", "CONTINENT": "North America", "REGION_UN": "Seven seas (open ocean)", "SUBREGION": "Seven seas (open ocean)", "REGION_WB": "East Asia & Pacific", "NAME_AR": "جزر الولايات المتحدة الصغيرة النائية", "NAME_BN": "মার্কিন যুক্তরাষ্ট্র পার্শ্ববর্তী ক্ষুদ্র দ্বীপপুঞ্জ", "NAME_DE": "United States Minor Outlying Islands", "NAME_EN": "United States Minor Outlying Islands", "NAME_ES": "Islas ultramarinas de Estados Unidos", "NAME_FR": "Îles mineures éloignées des États-Unis", "NAME_EL": "Απομακρυσμένες Νησίδες των Ηνωμένων Πολιτειών", "NAME_HI": "संयुक्त राज्य अमेरिका के छोटे दूरस्थ द्वीपसमूह", "NAME_HU": "Az Amerikai Egyesült Államok lakatlan külbirtokai", "NAME_ID": "Kepulauan Terluar Kecil Amerika Serikat", "NAME_IT": "Isole minori esterne degli Stati Uniti d'America", "NAME_JA": "合衆国領有小離島", "NAME_KO": "미국령 군소 제도", "NAME_NL": "Kleine afgelegen eilanden van de Verenigde Staten", "NAME_PL": "Dalekie Wyspy Mniejsze Stanów Zjednoczonych", "NAME_PT": "Ilhas Menores Distantes dos Estados Unidos", "NAME_RU": "Внешние малые острова США", "NAME_SV": "Förenta staternas mindre öar i Oceanien och Västindien", "NAME_TR": "United States Minor Outlying Islands", "NAME_VI": "Các tiểu đảo xa của Hoa Kỳ", "NAME_ZH": "美国本土外小岛屿", "WB_NAME": "Kingman Reef (US)", "WB_RULES": "Name in italic", "WB_REGION": "Other", "Shape_Leng": 0.05957031352, "Shape_Area": 0.00022178889 }, "geometry": { "type": "Polygon", "coordinates": [ [ [ -136.699043477314575, 20.656423807562838 ], [ -168.992198743677307, 2.32278555588822 ], [ -169.087760245595348, 2.538585308695796 ], [ -171.225044767498929, 7.93895174717657 ], [ -140.142757422613528, 29.493400102224037 ], [ -137.055639198807057, 25.568908705608827 ], [ -136.699043477314575, 20.656423807562838 ] ] ] } },
{ "type": "Feature", "properties": { "OBJECTID": 217, "featurecla": "Admin-0 country", "LEVEL": 2, "TYPE": "Dependency", "FORMAL_EN": "Wallis and Futuna Islands", "FORMAL_FR": null, "POP_EST": 15714, "POP_RANK": 6, "GDP_MD_EST": 60.0, "POP_YEAR": 2017, "LASTCENSUS": -99, "GDP_YEAR": 2016, "ECONOMY": "6. Developing region", "INCOME_GRP": "4. Lower middle income", "FIPS_10_": "WF", "ISO_A2": "WF", "ISO_A3": "WLF", "ISO_A3_EH": "WLF", "ISO_N3": "876", "UN_A3": "876", "WB_A2": "-99", "WB_A3": "WLF", "CONTINENT": "Oceania", "REGION_UN": "Oceania", "SUBREGION": "Polynesia", "REGION_WB": "East Asia & Pacific", "NAME_AR": "واليس وفوتونا", "NAME_BN": "ওয়ালিস ও ফুটুনা", "NAME_DE": "Wallis und Futuna", "NAME_EN": "Wallis and Futuna", "NAME_ES": "Wallis y Futuna", "NAME_FR": "Wallis-et-Futuna", "NAME_EL": "Ουαλίς και Φουτουνά", "NAME_HI": "वालिस और फ्यूटुना", "NAME_HU": "Wallis és Futuna", "NAME_ID": "Wallis dan Futuna", "NAME_IT": "Wallis e Futuna", "NAME_JA": "ウォリス・フツナ", "NAME_KO": "왈리스 퓌튀나", "NAME_NL": "Wallis en Futuna", "NAME_PL": "Wallis i Futuna", "NAME_PT": "Wallis e Futuna", "NAME_RU": "Уоллис и Футуна", "NAME_SV": "Wallis- och Futunaöarna", "NAME_TR": "Wallis ve Futuna Adaları", "NAME_VI": "Wallis và Futuna", "NAME_ZH": "瓦利斯和富圖納", "WB_NAME": "Wallis-et-Futuna (Fr.)", "WB_RULES": "Name in italic", "WB_REGION": "Other", "Shape_Leng": 0.72324447279000004, "Shape_Area": 0.01164427229 }, "geometry": { "type": "Polygon", "coordinates": [ [ [ -230.750866882441557, -4.907537082577321 ], [ -199.67850504040058, -5.807693533481246 ], [ -178.681420806915639, -6.687861795349245 ], [ -174.601459651656882, -11.173897708873936 ], [ -174.619183489678647, -16.436931492244778 ], [ -230.750866882441557, -35.8659210829993 ], [ -230.750866882441557, -4.907537082577321 ] ] ] } },
{ "type": "Feature", "properties": { "OBJECTID": 218, "featurecla": "Admin-0 country", "LEVEL": 2, "TYPE": "Sovereign country", "FORMAL_EN": "Independent State of Samoa", "FORMAL_FR": null, "POP_EST": 200108, "POP_RANK": 10, "GDP_MD_EST": 1046.0, "POP_YEAR": 2017, "LASTCENSUS": 2006, "GDP_YEAR": 2016, "ECONOMY": "7. Least developed region", "INCOME_GRP": "4. Lower middle income", "FIPS_10_": "WS", "ISO_A2": "WS", "ISO_A3": "WSM", "ISO_A3_EH": "WSM", "ISO_N3": "882", "UN_A3": "882", "WB_A2": "WS", "WB_A3": "WSM", "CONTINENT": "Oceania", "REGION_UN": "Oceania", "SUBREGION": "Polynesia", "REGION_WB": "East Asia & Pacific", "NAME_AR": "ساموا", "NAME_BN": "সামোয়া", "NAME_DE": "Samoa", "NAME_EN": "Samoa", "NAME_ES": "Samoa", "NAME_FR": "Samoa", "NAME_EL": "Σαμόα", "NAME_HI": "समोआ", "NAME_HU": "Szamoa", "NAME_ID": "Samoa", "NAME_IT": "Samoa", "NAME_JA": "サモア", "NAME_KO": "사모아", "NAME_NL": "Samoa", "NAME_PL": "Samoa", "NAME_PT": "Samoa", "NAME_RU": "Самоа", "NAME_SV": "Samoa", "NAME_TR": "Samoa", "NAME_VI": "Samoa", "NAME_ZH": "萨摩亚", "WB_NAME": "Samoa", "WB_RULES": "None", "WB_REGION": "EAP", "Shape_Leng": 3.13979911233, "Shape_Area": 0.23237785519000001 }, "geometry": { "type": "Polygon", "coordinates": [ [ [ -174.601459651656882, -11.173897708873936 ], [ -170.559111427729931, -11.465351547205247 ], [ -172.093087257961599, -16.868330853561176 ], [ -172.849715192234129, -17.19587370766536 ], [ -174.619183489678647, -16.436931492244778 ], [ -174.601459651656882, -11.173897708873936 ] ] ] } },
{ "type": "Feature", "properties": { "OBJECTID": 244, "featurecla": "Admin-0 country", "LEVEL": 2, "TYPE": "Dependency", "FORMAL_EN": null, "FORMAL_FR": null, "POP_EST": 300, "POP_RANK": 2, "GDP_MD_EST": 0.0, "POP_YEAR": 0, "LASTCENSUS": -99, "GDP_YEAR": 0, "ECONOMY": "7. Least developed region", "INCOME_GRP": "5. Low income", "FIPS_10_": "-99", "ISO_A2": "UM", "ISO_A3": "UMI", "ISO_A3_EH": "UMI", "ISO_N3": "581", "UN_A3": "-099", "WB_A2": "-99", "WB_A3": "UMI", "CONTINENT": "North America", "REGION_UN": "Seven seas (open ocean)", "SUBREGION": "Seven seas (open ocean)", "REGION_WB": "East Asia & Pacific", "NAME_AR": "جزر الولايات المتحدة الصغيرة النائية", "NAME_BN": "মার্কিন যুক্তরাষ্ট্র পার্শ্ববর্তী ক্ষুদ্র দ্বীপপুঞ্জ", "NAME_DE": "United States Minor Outlying Islands", "NAME_EN": "United States Minor Outlying Islands", "NAME_ES": "Islas ultramarinas de Estados Unidos", "NAME_FR": "Îles mineures éloignées des États-Unis", "NAME_EL": "Απομακρυσμένες Νησίδες των Ηνωμένων Πολιτειών", "NAME_HI": "संयुक्त राज्य अमेरिका के छोटे दूरस्थ द्वीपसमूह", "NAME_HU": "Az Amerikai Egyesült Államok lakatlan külbirtokai", "NAME_ID": "Kepulauan Terluar Kecil Amerika Serikat", "NAME_IT": "Isole minori esterne degli Stati Uniti d'America", "NAME_JA": "合衆国領有小離島", "NAME_KO": "미국령 군소 제도", "NAME_NL": "Kleine afgelegen eilanden van de Verenigde Staten", "NAME_PL": "Dalekie Wyspy Mniejsze Stanów Zjednoczonych", "NAME_PT": "Ilhas Menores Distantes dos Estados Unidos", "NAME_RU": "Внешние малые острова США", "NAME_SV": "Förenta staternas mindre öar i Oceanien och Västindien", "NAME_TR": "United States Minor Outlying Islands", "NAME_VI": "Các tiểu đảo xa của Hoa Kỳ", "NAME_ZH": "美国本土外小岛屿", "WB_NAME": "Howland Island (US)", "WB_RULES": "Name in italic", "WB_REGION": "Other", "Shape_Leng": 0.03555931539, "Shape_Area": 3.891438e-05 }, "geometry": { "type": "Polygon", "coordinates": [ [ [ -230.750866882441557, 13.072328792561549 ], [ -185.449884385651984, 14.278653141604327 ], [ -171.225044767498929, 7.93895174717657 ], [ -169.087760245595348, 2.538585308695796 ], [ -199.67850504040058, -5.807693533481246 ], [ -230.750866882441557, -4.907537082577321 ], [ -230.750866882441557, 13.072328792561549 ] ] ] } },
{ "type": "Feature", "properties": { "OBJECTID": 250, "featurecla": "Admin-0 country", "LEVEL": 2, "TYPE": "Country", "FORMAL_EN": "New Zealand", "FORMAL_FR": null, "POP_EST": 4510327, "POP_RANK": 12, "GDP_MD_EST": 174800.0, "POP_YEAR": 2017, "LASTCENSUS": 2006, "GDP_YEAR": 2016, "ECONOMY": "2. Developed region: nonG7", "INCOME_GRP": "1. High income: OECD", "FIPS_10_": "NZ", "ISO_A2": "NZ", "ISO_A3": "NZL", "ISO_A3_EH": "NZL", "ISO_N3": "554", "UN_A3": "554", "WB_A2": null, "WB_A3": "TKL", "CONTINENT": "Oceania", "REGION_UN": "Oceania", "SUBREGION": "Australia and New Zealand", "REGION_WB": "East Asia & Pacific", "NAME_AR": "نيوزيلندا", "NAME_BN": "নিউজিল্যান্ড", "NAME_DE": "Neuseeland", "NAME_EN": "New Zealand", "NAME_ES": "Nueva Zelanda", "NAME_FR": "Nouvelle-Zélande", "NAME_EL": "Νέα Ζηλανδία", "NAME_HI": "न्यूज़ीलैण्ड", "NAME_HU": "Új-Zéland", "NAME_ID": "Selandia Baru", "NAME_IT": "Nuova Zelanda", "NAME_JA": "ニュージーランド", "NAME_KO": "뉴질랜드", "NAME_NL": "Nieuw-Zeeland", "NAME_PL": "Nowa Zelandia", "NAME_PT": "Nova Zelândia", "NAME_RU": "Новая Зеландия", "NAME_SV": "Nya Zeeland", "NAME_TR": "Yeni Zelanda", "NAME_VI": "New Zealand", "NAME_ZH": "新西兰", "WB_NAME": "Tokelau (NZ)", "WB_RULES": "Name in italic", "WB_REGION": "Other", "Shape_Leng": 0.17845316365, "Shape_Area": 0.00034820703 }, "geometry": { "type": "Polygon", "coordinates": [ [ [ -178.681420806915639, -6.687861795349245 ], [ -168.293964011710727, -1.41205956212642 ], [ -162.539299946378861, -9.314559503164274 ], [ -170.559111427729931, -11.465351547205247 ], [ -174.601459651656882, -11.173897708873936 ], [ -178.681420806915639, -6.687861795349245 ] ] ] } },
{ "type": "Feature", "properties": { "OBJECTID": 243, "featurecla": "Admin-0 country", "LEVEL": 2, "TYPE": "Dependency", "FORMAL_EN": null, "FORMAL_FR": null, "POP_EST": 300, "POP_RANK": 2, "GDP_MD_EST": 0.0, "POP_YEAR": 0, "LASTCENSUS": -99, "GDP_YEAR": 0, "ECONOMY": "7. Least developed region", "INCOME_GRP": "5. Low income", "FIPS_10_": "-99", "ISO_A2": "UM", "ISO_A3": "UMI", "ISO_A3_EH": "UMI", "ISO_N3": "581", "UN_A3": "-099", "WB_A2": "-99", "WB_A3": "UMI", "CONTINENT": "North America", "REGION_UN": "Seven seas (open ocean)", "SUBREGION": "Seven seas (open ocean)", "REGION_WB": "East Asia & Pacific", "NAME_AR": "جزر الولايات المتحدة الصغيرة النائية", "NAME_BN": "মার্কিন যুক্তরাষ্ট্র পার্শ্ববর্তী ক্ষুদ্র দ্বীপপুঞ্জ", "NAME_DE": "United States Minor Outlying Islands", "NAME_EN": "United States Minor Outlying Islands", "NAME_ES": "Islas ultramarinas de Estados Unidos", "NAME_FR": "Îles mineures éloignées des États-Unis", "NAME_EL": "Απομακρυσμένες Νησίδες των Ηνωμένων Πολιτειών", "NAME_HI": "संयुक्त राज्य अमेरिका के छोटे दूरस्थ द्वीपसमूह", "NAME_HU": "Az Amerikai Egyesült Államok lakatlan külbirtokai", "NAME_ID": "Kepulauan Terluar Kecil Amerika Serikat", "NAME_IT": "Isole minori esterne degli Stati Uniti d'America", "NAME_JA": "合衆国領有小離島", "NAME_KO": "미국령 군소 제도", "NAME_NL": "Kleine afgelegen eilanden van de Verenigde Staten", "NAME_PL": "Dalekie Wyspy Mniejsze Stanów Zjednoczonych", "NAME_PT": "Ilhas Menores Distantes dos Estados Unidos", "NAME_RU": "Внешние малые острова США", "NAME_SV": "Förenta staternas mindre öar i Oceanien och Västindien", "NAME_TR": "United States Minor Outlying Islands", "NAME_VI": "Các tiểu đảo xa của Hoa Kỳ", "NAME_ZH": "美国本土外小岛屿", "WB_NAME": "Baker Island (US)", "WB_RULES": "Name in italic", "WB_REGION": "Other", "Shape_Leng": 0.04605341218, "Shape_Area": 5.807727e-05 }, "geometry": { "type": "Polygon", "coordinates": [ [ [ -169.087760245595348, 2.538585308695796 ], [ -168.992198743677307, 2.32278555588822 ], [ -168.230247694681509, 0.390956104191024 ], [ -168.293964011710727, -1.41205956212642 ], [ -178.681420806915639, -6.687861795349245 ], [ -199.67850504040058, -5.807693533481246 ], [ -169.087760245595348, 2.538585308695796 ] ] ] } },
{ "type": "Feature", "properties": { "OBJECTID": 225, "featurecla": "Admin-0 country", "LEVEL": 2, "TYPE": "Dependency", "FORMAL_EN": "Falkland Islands", "FORMAL_FR": null, "POP_EST": 2931, "POP_RANK": 4, "GDP_MD_EST": 281.8, "POP_YEAR": 2014, "LASTCENSUS": -99, "GDP_YEAR": 2012, "ECONOMY": "2. Developed region: nonG7", "INCOME_GRP": "1. High income: OECD", "FIPS_10_": "FK", "ISO_A2": "FK", "ISO_A3": "FLK", "ISO_A3_EH": "FLK", "ISO_N3": "238", "UN_A3": "238", "WB_A2": "-99", "WB_A3": "FLK", "CONTINENT": "South America", "REGION_UN": "Americas", "SUBREGION": "South America", "REGION_WB": "Latin America & Caribbean", "NAME_AR": "جزر فوكلاند", "NAME_BN": "ফক্‌ল্যান্ড দ্বীপপুঞ্জ", "NAME_DE": "Falklandinseln", "NAME_EN": "Falkland Islands", "NAME_ES": "Islas Malvinas", "NAME_FR": "îles Malouines", "NAME_EL": "Νήσοι Φώκλαντ", "NAME_HI": "फ़ॉकलैंड द्वीपसमूह", "NAME_HU": "Falkland-szigetek", "NAME_ID": "Kepulauan Falkland", "NAME_IT": "Isole Falkland", "NAME_JA": "フォークランド諸島", "NAME_KO": "포클랜드 제도", "NAME_NL": "Falklandeilanden", "NAME_PL": "Falklandy", "NAME_PT": "Ilhas Malvinas", "NAME_RU": "Фолклендские острова", "NAME_SV": "Falklandsöarna", "NAME_TR": "Falkland Adaları", "NAME_VI": "Quần đảo Falkland", "NAME_ZH": "福克兰群岛", "WB_NAME": "Falkland Islands (UK)/Islas Malvinas", "WB_RULES": "Name in italic; Always color grey", "WB_REGION": "Other", "Shape_Leng": 29.379072967500001, "Shape_Area": 1.5087763158900001 }, "geometry": { "type": "Polygon", "coordinates": [ [ [ -99.623743856604662, -74.091500619259619 ], [ -65.210662219997928, -44.60170967888979 ], [ -58.318829007131342, -42.155385270769386 ], [ -46.506279916085759, -44.250845131328532 ], [ -50.248032765234356, -74.091500619259619 ], [ -99.623743856604662, -74.091500619259619 ] ] ] } },
{ "type": "Feature", "properties": { "OBJECTID": 178, "featurecla": "Admin-0 country", "LEVEL": 2, "TYPE": "Dependency", "FORMAL_EN": "Pitcairn, Henderson, Ducie and Oeno Islands", "FORMAL_FR": null, "POP_EST": 54, "POP_RANK": 1, "GDP_MD_EST": 0.0, "POP_YEAR": 2016, "LASTCENSUS": -99, "GDP_YEAR": 2016, "ECONOMY": "7. Least developed region", "INCOME_GRP": "5. Low income", "FIPS_10_": "PC", "ISO_A2": "PN", "ISO_A3": "PCN", "ISO_A3_EH": "PCN", "ISO_N3": "612", "UN_A3": "612", "WB_A2": "-99", "WB_A3": "PCN", "CONTINENT": "Oceania", "REGION_UN": "Oceania", "SUBREGION": "Polynesia", "REGION_WB": "East Asia & Pacific", "NAME_AR": "جزر بيتكيرن", "NAME_BN": "পীটকেয়ার্ন দ্বীপপুঞ্জ", "NAME_DE": "Pitcairninseln", "NAME_EN": "Pitcairn Islands", "NAME_ES": "Islas Pitcairn", "NAME_FR": "Îles Pitcairn", "NAME_EL": "Νήσοι Πίτκερν", "NAME_HI": "पिटकेम द्वीप समूह", "NAME_HU": "Pitcairn-szigetek", "NAME_ID": "Kepulauan Pitcairn", "NAME_IT": "Isole Pitcairn", "NAME_JA": "ピトケアン諸島", "NAME_KO": "핏케언 제도", "NAME_NL": "Pitcairneilanden", "NAME_PL": "Pitcairn", "NAME_PT": "Ilhas Pitcairn", "NAME_RU": "Острова Питкэрн", "NAME_SV": "Pitcairnöarna", "NAME_TR": "Pitcairn Adaları", "NAME_VI": "Quần đảo Pitcairn", "NAME_ZH": "皮特凯恩群岛", "WB_NAME": "Pitcairn Islands (UK)", "WB_RULES": "Name in italic", "WB_REGION": "Other", "Shape_Leng": 0.39031787343000002, "Shape_Area": 0.00378930898 }, "geometry": { "type": "Polygon", "coordinates": [ [ [ -151.520177542076652, -74.091500619259619 ], [ -145.726800085066884, -35.901295408782893 ], [ -127.11959682063916, -2.469673249911028 ], [ -102.017750813039356, -16.396760587811606 ], [ -100.787383164454781, -19.057356593542362 ], [ -98.778560528762199, -26.179980978776516 ], [ -109.961293548342312, -74.091500619259619 ], [ -151.520177542076652, -74.091500619259619 ] ] ] } },
{ "type": "Feature", "properties": { "OBJECTID": 216, "featurecla": "Admin-0 country", "LEVEL": 2, "TYPE": "Sovereign country", "FORMAL_EN": "Kingdom of Tonga", "FORMAL_FR": null, "POP_EST": 106479, "POP_RANK": 9, "GDP_MD_EST": 557.0, "POP_YEAR": 2017, "LASTCENSUS": 2006, "GDP_YEAR": 2016, "ECONOMY": "6. Developing region", "INCOME_GRP": "4. Lower middle income", "FIPS_10_": "TN", "ISO_A2": "TO", "ISO_A3": "TON", "ISO_A3_EH": "TON", "ISO_N3": "776", "UN_A3": "776", "WB_A2": "TO", "WB_A3": "TON", "CONTINENT": "Oceania", "REGION_UN": "Oceania", "SUBREGION": "Polynesia", "REGION_WB": "East Asia & Pacific", "NAME_AR": "تونغا", "NAME_BN": "টোঙ্গা", "NAME_DE": "Tonga", "NAME_EN": "Tonga", "NAME_ES": "Tonga", "NAME_FR": "Tonga", "NAME_EL": "Τόνγκα", "NAME_HI": "टोंगा", "NAME_HU": "Tonga", "NAME_ID": "Tonga", "NAME_IT": "Tonga", "NAME_JA": "トンガ", "NAME_KO": "통가", "NAME_NL": "Tonga", "NAME_PL": "Tonga", "NAME_PT": "Tonga", "NAME_RU": "Тонга", "NAME_SV": "Tonga", "NAME_TR": "Tonga", "NAME_VI": "Tonga", "NAME_ZH": "東加", "WB_NAME": "Tonga", "WB_RULES": "None", "WB_REGION": "EAP", "Shape_Leng": 3.2048610695600002, "Shape_Area": 0.05210174114 }, "geometry": { "type": "Polygon", "coordinates": [ [ [ -230.750866882441557, -74.091500619259619 ], [ -230.750866882441557, -35.8659210829993 ], [ -174.619183489678647, -16.436931492244778 ], [ -172.849715192234129, -17.19587370766536 ], [ -166.374174116662431, -49.007031760623917 ], [ -165.98091338736225, -74.091500619259619 ], [ -230.750866882441557, -74.091500619259619 ] ] ] } },
{ "type": "Feature", "properties": { "OBJECTID": 227, "featurecla": "Admin-0 country", "LEVEL": 2, "TYPE": "Dependency", "FORMAL_EN": null, "FORMAL_FR": null, "POP_EST": 1626, "POP_RANK": 3, "GDP_MD_EST": 10.0, "POP_YEAR": 2015, "LASTCENSUS": -99, "GDP_YEAR": 2003, "ECONOMY": "6. Developing region", "INCOME_GRP": "3. Upper middle income", "FIPS_10_": "NE", "ISO_A2": "NU", "ISO_A3": "NIU", "ISO_A3_EH": "NIU", "ISO_N3": "570", "UN_A3": "570", "WB_A2": "-99", "WB_A3": "NIU", "CONTINENT": "Oceania", "REGION_UN": "Oceania", "SUBREGION": "Polynesia", "REGION_WB": "East Asia & Pacific", "NAME_AR": "نييوي", "NAME_BN": "নিউয়ে", "NAME_DE": "Niue", "NAME_EN": "Niue", "NAME_ES": "Niue", "NAME_FR": "Niue", "NAME_EL": "Νιούε", "NAME_HI": "निउए", "NAME_HU": "Niue", "NAME_ID": "Niue", "NAME_IT": "Niue", "NAME_JA": "ニウエ", "NAME_KO": "니우에", "NAME_NL": "Niue", "NAME_PL": "Niue", "NAME_PT": "Niue", "NAME_RU": "Ниуэ", "NAME_SV": "Niue", "NAME_TR": "Niue", "NAME_VI": "Niue", "NAME_ZH": "紐埃", "WB_NAME": "Niue (NZ)", "WB_RULES": "Name in italic", "WB_REGION": "Other", "Shape_Leng": 0.58195837975999998, "Shape_Area": 0.01893065545 }, "geometry": { "type": "Polygon", "coordinates": [ [ [ -172.093087257961599, -16.868330853561176 ], [ -164.092048140562156, -15.984482222404187 ], [ -166.374174116662431, -49.007031760623917 ], [ -172.849715192234129, -17.19587370766536 ], [ -172.093087257961599, -16.868330853561176 ] ] ] } },
{ "type": "Feature", "properties": { "OBJECTID": 241, "featurecla": "Admin-0 country", "LEVEL": 2, "TYPE": "Dependency", "FORMAL_EN": null, "FORMAL_FR": null, "POP_EST": 300, "POP_RANK": 2, "GDP_MD_EST": 0.0, "POP_YEAR": 0, "LASTCENSUS": -99, "GDP_YEAR": 0, "ECONOMY": "7. Least developed region", "INCOME_GRP": "5. Low income", "FIPS_10_": "-99", "ISO_A2": "UM", "ISO_A3": "UMI", "ISO_A3_EH": "UMI", "ISO_N3": "581", "UN_A3": "-099", "WB_A2": "-99", "WB_A3": "UMI", "CONTINENT": "North America", "REGION_UN": "Seven seas (open ocean)", "SUBREGION": "Seven seas (open ocean)", "REGION_WB": "East Asia & Pacific", "NAME_AR": "جزر الولايات المتحدة الصغيرة النائية", "NAME_BN": "মার্কিন যুক্তরাষ্ট্র পার্শ্ববর্তী ক্ষুদ্র দ্বীপপুঞ্জ", "NAME_DE": "United States Minor Outlying Islands", "NAME_EN": "United States Minor Outlying Islands", "NAME_ES": "Islas ultramarinas de Estados Unidos", "NAME_FR": "Îles mineures éloignées des États-Unis", "NAME_EL": "Απομακρυσμένες Νησίδες των Ηνωμένων Πολιτειών", "NAME_HI": "संयुक्त राज्य अमेरिका के छोटे दूरस्थ द्वीपसमूह", "NAME_HU": "Az Amerikai Egyesült Államok lakatlan külbirtokai", "NAME_ID": "Kepulauan Terluar Kecil Amerika Serikat", "NAME_IT": "Isole minori esterne degli Stati Uniti d'America", "NAME_JA": "合衆国領有小離島", "NAME_KO": "미국령 군소 제도", "NAME_NL": "Kleine afgelegen eilanden van de Verenigde Staten", "NAME_PL": "Dalekie Wyspy Mniejsze Stanów Zjednoczonych", "NAME_PT": "Ilhas Menores Distantes dos Estados Unidos", "NAME_RU": "Внешние малые острова США", "NAME_SV": "Förenta staternas mindre öar i Oceanien och Västindien", "NAME_TR": "United States Minor Outlying Islands", "NAME_VI": "Các tiểu đảo xa của Hoa Kỳ", "NAME_ZH": "美国本土外小岛屿", "WB_NAME": "Johnston Atoll (US)", "WB_RULES": "Name in italic", "WB_REGION": "Other", "Shape_Leng": 0.11320780627, "Shape_Area": 0.00020809801 }, "geometry": { "type": "Polygon", "coordinates": [ [ [ -185.449884385651984, 14.278653141604327 ], [ -146.069598401653252, 41.170456471861485 ], [ -140.142757422613528, 29.493400102224037 ], [ -171.225044767498929, 7.93895174717657 ], [ -185.449884385651984, 14.278653141604327 ] ] ] } },
{ "type": "Feature", "properties": { "OBJECTID": 242, "featurecla": "Admin-0 country", "LEVEL": 2, "TYPE": "Dependency", "FORMAL_EN": null, "FORMAL_FR": null, "POP_EST": 300, "POP_RANK": 2, "GDP_MD_EST": 0.0, "POP_YEAR": 0, "LASTCENSUS": -99, "GDP_YEAR": 0, "ECONOMY": "7. Least developed region", "INCOME_GRP": "5. Low income", "FIPS_10_": "-99", "ISO_A2": "UM", "ISO_A3": "UMI", "ISO_A3_EH": "UMI", "ISO_N3": "581", "UN_A3": "-099", "WB_A2": "-99", "WB_A3": "UMI", "CONTINENT": "North America", "REGION_UN": "Seven seas (open ocean)", "SUBREGION": "Seven seas (open ocean)", "REGION_WB": "East Asia & Pacific", "NAME_AR": "جزر الولايات المتحدة الصغيرة النائية", "NAME_BN": "মার্কিন যুক্তরাষ্ট্র পার্শ্ববর্তী ক্ষুদ্র দ্বীপপুঞ্জ", "NAME_DE": "United States Minor Outlying Islands", "NAME_EN": "United States Minor Outlying Islands", "NAME_ES": "Islas ultramarinas de Estados Unidos", "NAME_FR": "Îles mineures éloignées des États-Unis", "NAME_EL": "Απομακρυσμένες Νησίδες των Ηνωμένων Πολιτειών", "NAME_HI": "संयुक्त राज्य अमेरिका के छोटे दूरस्थ द्वीपसमूह", "NAME_HU": "Az Amerikai Egyesült Államok lakatlan külbirtokai", "NAME_ID": "Kepulauan Terluar Kecil Amerika Serikat", "NAME_IT": "Isole minori esterne degli Stati Uniti d'America", "NAME_JA": "合衆国領有小離島", "NAME_KO": "미국령 군소 제도", "NAME_NL": "Kleine afgelegen eilanden van de Verenigde Staten", "NAME_PL": "Dalekie Wyspy Mniejsze Stanów Zjednoczonych", "NAME_PT": "Ilhas Menores Distantes dos Estados Unidos", "NAME_RU": "Внешние малые острова США", "NAME_SV": "Förenta staternas mindre öar i Oceanien och Västindien", "NAME_TR": "United States Minor Outlying Islands", "NAME_VI": "Các tiểu đảo xa của Hoa Kỳ", "NAME_ZH": "美国本土外小岛屿", "WB_NAME": "Jarvis Island (US)", "WB_RULES": "Name in italic", "WB_REGION": "Other", "Shape_Leng": 0.05929394536, "Shape_Area": 0.00018985735 }, "geometry": { "type": "Polygon", "coordinates": [ [ [ -168.230247694681509, 0.390956104191024 ], [ -135.893390339543259, 11.014910106843216 ], [ -135.550419722952853, 9.383144965110032 ], [ -154.518618078469871, -9.788154809990747 ], [ -161.330528069758799, -10.21875836733299 ], [ -162.539299946378861, -9.314559503164274 ], [ -168.293964011710727, -1.41205956212642 ], [ -168.230247694681509, 0.390956104191024 ] ] ] } },
{ "type": "Feature", "properties": { "OBJECTID": 228, "featurecla": "Admin-0 country", "LEVEL": 2, "TYPE": "Dependency", "FORMAL_EN": "American Samoa", "FORMAL_FR": null, "POP_EST": 51504, "POP_RANK": 8, "GDP_MD_EST": 711.0, "POP_YEAR": 2017, "LASTCENSUS": 2010, "GDP_YEAR": 2013, "ECONOMY": "6. Developing region", "INCOME_GRP": "3. Upper middle income", "FIPS_10_": "AQ", "ISO_A2": "AS", "ISO_A3": "ASM", "ISO_A3_EH": "ASM", "ISO_N3": "016", "UN_A3": "016", "WB_A2": "AS", "WB_A3": "ASM", "CONTINENT": "Oceania", "REGION_UN": "Oceania", "SUBREGION": "Polynesia", "REGION_WB": "East Asia & Pacific", "NAME_AR": "ساموا الأمريكية", "NAME_BN": "আমেরিকান সামোয়া", "NAME_DE": "Amerikanisch-Samoa", "NAME_EN": "American Samoa", "NAME_ES": "Samoa Estadounidense", "NAME_FR": "Samoa américaines", "NAME_EL": "Αμερικανική Σαμόα", "NAME_HI": "अमेरिकी समोआ", "NAME_HU": "Amerikai Szamoa", "NAME_ID": "Samoa Amerika", "NAME_IT": "Samoa Americane", "NAME_JA": "アメリカ領サモア", "NAME_KO": "아메리칸사모아", "NAME_NL": "Amerikaans-Samoa", "NAME_PL": "Samoa Amerykańskie", "NAME_PT": "Samoa Americana", "NAME_RU": "Американское Самоа", "NAME_SV": "Amerikanska Samoa", "NAME_TR": "Amerikan Samoası", "NAME_VI": "Samoa thuộc Mỹ", "NAME_ZH": "美屬薩摩亞", "WB_NAME": "American Samoa (US)", "WB_RULES": "Name in italic", "WB_REGION": "Other", "Shape_Leng": 1.07370505154, "Shape_Area": 0.01510143944 }, "geometry": { "type": "Polygon", "coordinates": [ [ [ -162.539299946378861, -9.314559503164274 ], [ -161.330528069758799, -10.21875836733299 ], [ -164.092048140562156, -15.984482222404187 ], [ -172.093087257961599, -16.868330853561176 ], [ -170.559111427729931, -11.465351547205247 ], [ -162.539299946378861, -9.314559503164274 ] ] ] } },
{ "type": "Feature", "properties": { "OBJECTID": 215, "featurecla": "Admin-0 country", "LEVEL": 2, "TYPE": "Dependency", "FORMAL_EN": null, "FORMAL_FR": null, "POP_EST": 9290, "POP_RANK": 5, "GDP_MD_EST": 244.1, "POP_YEAR": 2017, "LASTCENSUS": -99, "GDP_YEAR": 2010, "ECONOMY": "6. Developing region", "INCOME_GRP": "3. Upper middle income", "FIPS_10_": "CW", "ISO_A2": "CK", "ISO_A3": "COK", "ISO_A3_EH": "COK", "ISO_N3": "184", "UN_A3": "184", "WB_A2": "-99", "WB_A3": "COK", "CONTINENT": "Oceania", "REGION_UN": "Oceania", "SUBREGION": "Polynesia", "REGION_WB": "East Asia & Pacific", "NAME_AR": "جزر كوك", "NAME_BN": "কুক দ্বীপপুঞ্জ", "NAME_DE": "Cookinseln", "NAME_EN": "Cook Islands", "NAME_ES": "Islas Cook", "NAME_FR": "Îles Cook", "NAME_EL": "Νήσοι Κουκ", "NAME_HI": "कुक द्वीपसमूह", "NAME_HU": "Cook-szigetek", "NAME_ID": "Kepulauan Cook", "NAME_IT": "Isole Cook", "NAME_JA": "クック諸島", "NAME_KO": "쿡 제도", "NAME_NL": "Cookeilanden", "NAME_PL": "Wyspy Cooka", "NAME_PT": "Ilhas Cook", "NAME_RU": "Острова Кука", "NAME_SV": "Cooköarna", "NAME_TR": "Cook Adaları", "NAME_VI": "Quần đảo Cook", "NAME_ZH": "库克群岛", "WB_NAME": "Cook Islands (NZ)", "WB_RULES": "Name in italic", "WB_REGION": "Other", "Shape_Leng": 1.7641924356800001, "Shape_Area": 0.01650633239 }, "geometry": { "type": "Polygon", "coordinates": [ [ [ -165.98091338736225, -74.091500619259619 ], [ -166.374174116662431, -49.007031760623917 ], [ -164.092048140562156, -15.984482222404187 ], [ -161.330528069758799, -10.21875836733299 ], [ -154.518618078469871, -9.788154809990747 ], [ -145.726800085066884, -35.901295408782893 ], [ -151.520177542076652, -74.091500619259619 ], [ -165.98091338736225, -74.091500619259619 ] ] ] } },
{ "type": "Feature", "properties": { "OBJECTID": 150, "featurecla": "Admin-0 country", "LEVEL": 2, "TYPE": "Country", "FORMAL_EN": "United States of America", "FORMAL_FR": null, "POP_EST": 326625791, "POP_RANK": 17, "GDP_MD_EST": 18560000.0, "POP_YEAR": 2017, "LASTCENSUS": 2010, "GDP_YEAR": 2016, "ECONOMY": "1. Developed region: G7", "INCOME_GRP": "1. High income: OECD", "FIPS_10_": "US", "ISO_A2": "US", "ISO_A3": "USA", "ISO_A3_EH": "USA", "ISO_N3": "840", "UN_A3": "840", "WB_A2": "US", "WB_A3": "USA", "CONTINENT": "North America", "REGION_UN": "Americas", "SUBREGION": "Northern America", "REGION_WB": "North America", "NAME_AR": "الولايات المتحدة", "NAME_BN": "মার্কিন যুক্তরাষ্ট্র", "NAME_DE": "Vereinigte Staaten", "NAME_EN": "United States of America", "NAME_ES": "Estados Unidos", "NAME_FR": "États-Unis", "NAME_EL": "Ηνωμένες Πολιτείες Αμερικής", "NAME_HI": "संयुक्त राज्य अमेरिका", "NAME_HU": "Amerikai Egyesült Államok", "NAME_ID": "Amerika Serikat", "NAME_IT": "Stati Uniti d'America", "NAME_JA": "アメリカ合衆国", "NAME_KO": "미국", "NAME_NL": "Verenigde Staten van Amerika", "NAME_PL": "Stany Zjednoczone", "NAME_PT": "Estados Unidos", "NAME_RU": "Соединённые Штаты Америки", "NAME_SV": "USA", "NAME_TR": "Amerika Birleşik Devletleri", "NAME_VI": "Hoa Kỳ", "NAME_ZH": "美国", "WB_NAME": "United States of America", "WB_RULES": "None", "WB_REGION": "Other", "Shape_Leng": 948.72431878199995, "Shape_Area": 1116.36176133 }, "geometry": { "type": "Polygon", "coordinates": [ [ [ -150.262139739706527, 94.148272087766884 ], [ -92.383771913944116, 41.754088047973489 ], [ -125.322620855536869, 26.654484708275053 ], [ -137.055639198807057, 25.568908705608827 ], [ -140.142757422613528, 29.493400102224037 ], [ -146.069598401653252, 41.170456471861485 ], [ -160.345400284024578, 94.148272087766884 ], [ -150.262139739706527, 94.148272087766884 ] ] ] } },
{ "type": "Feature", "properties": { "OBJECTID": 248, "featurecla": "Admin-0 country", "LEVEL": 2, "TYPE": "Dependency", "FORMAL_EN": null, "FORMAL_FR": null, "POP_EST": 300, "POP_RANK": 2, "GDP_MD_EST": 0.0, "POP_YEAR": 0, "LASTCENSUS": -99, "GDP_YEAR": 0, "ECONOMY": "7. Least developed region", "INCOME_GRP": "5. Low income", "FIPS_10_": "-99", "ISO_A2": "UM", "ISO_A3": "UMI", "ISO_A3_EH": "UMI", "ISO_N3": "581", "UN_A3": "-099", "WB_A2": "-99", "WB_A3": "UMI", "CONTINENT": "North America", "REGION_UN": "Seven seas (open ocean)", "SUBREGION": "Seven seas (open ocean)", "REGION_WB": "East Asia & Pacific", "NAME_AR": "جزر الولايات المتحدة الصغيرة النائية", "NAME_BN": "মার্কিন যুক্তরাষ্ট্র পার্শ্ববর্তী ক্ষুদ্র দ্বীপপুঞ্জ", "NAME_DE": "United States Minor Outlying Islands", "NAME_EN": "United States Minor Outlying Islands", "NAME_ES": "Islas ultramarinas de Estados Unidos", "NAME_FR": "Îles mineures éloignées des États-Unis", "NAME_EL": "Απομακρυσμένες Νησίδες των Ηνωμένων Πολιτειών", "NAME_HI": "संयुक्त राज्य अमेरिका के छोटे दूरस्थ द्वीपसमूह", "NAME_HU": "Az Amerikai Egyesült Államok lakatlan külbirtokai", "NAME_ID": "Kepulauan Terluar Kecil Amerika Serikat", "NAME_IT": "Isole minori esterne degli Stati Uniti d'America", "NAME_JA": "合衆国領有小離島", "NAME_KO": "미국령 군소 제도", "NAME_NL": "Kleine afgelegen eilanden van de Verenigde Staten", "NAME_PL": "Dalekie Wyspy Mniejsze Stanów Zjednoczonych", "NAME_PT": "Ilhas Menores Distantes dos Estados Unidos", "NAME_RU": "Внешние малые острова США", "NAME_SV": "Förenta staternas mindre öar i Oceanien och Västindien", "NAME_TR": "United States Minor Outlying Islands", "NAME_VI": "Các tiểu đảo xa của Hoa Kỳ", "NAME_ZH": "美国本土外小岛屿", "WB_NAME": "Palmyra Atoll (US)", "WB_RULES": "Name in italic", "WB_REGION": "Other", "Shape_Leng": 0.14736270972000001, "Shape_Area": 0.00057582393 }, "geometry": { "type": "Polygon", "coordinates": [ [ [ -168.992198743677307, 2.32278555588822 ], [ -136.699043477314575, 20.656423807562838 ], [ -135.893390339543259, 11.014910106843216 ], [ -168.230247694681509, 0.390956104191024 ], [ -168.992198743677307, 2.32278555588822 ] ] ] } },
{ "type": "Feature", "properties": { "OBJECTID": 179, "featurecla": "Admin-0 country", "LEVEL": 2, "TYPE": "Dependency", "FORMAL_EN": "French Polynesia", "FORMAL_FR": null, "POP_EST": 287881, "POP_RANK": 10, "GDP_MD_EST": 5490.0, "POP_YEAR": 2017, "LASTCENSUS": 2007, "GDP_YEAR": 2016, "ECONOMY": "6. Developing region", "INCOME_GRP": "2. High income: nonOECD", "FIPS_10_": "FP", "ISO_A2": "PF", "ISO_A3": "PYF", "ISO_A3_EH": "PYF", "ISO_N3": "258", "UN_A3": "258", "WB_A2": "PF", "WB_A3": "PYF", "CONTINENT": "Oceania", "REGION_UN": "Oceania", "SUBREGION": "Polynesia", "REGION_WB": "East Asia & Pacific", "NAME_AR": "بولينزيا الفرنسية", "NAME_BN": "ফরাসি পলিনেশিয়া", "NAME_DE": "Französisch-Polynesien", "NAME_EN": "French Polynesia", "NAME_ES": "Polinesia Francesa", "NAME_FR": "Polynésie française", "NAME_EL": "Γαλλική Πολυνησία", "NAME_HI": "फ़्रान्सीसी पॉलिनेशिया", "NAME_HU": "Francia Polinézia", "NAME_ID": "Polinesia Perancis", "NAME_IT": "Polinesia Francese", "NAME_JA": "フランス領ポリネシア", "NAME_KO": "프랑스령 폴리네시아", "NAME_NL": "Frans-Polynesië", "NAME_PL": "Polinezja Francuska", "NAME_PT": "Polinésia Francesa", "NAME_RU": "Французская Полинезия", "NAME_SV": "Franska Polynesien", "NAME_TR": "Fransız Polinezyası", "NAME_VI": "Polynésie thuộc Pháp", "NAME_ZH": "法屬玻里尼西亞", "WB_NAME": "French Polynesia (Fr.)", "WB_RULES": "Name in italic", "WB_REGION": "Other", "Shape_Leng": 20.217364416300001, "Shape_Area": 0.28139214353999997 }, "geometry": { "type": "Polygon", "coordinates": [ [ [ -135.550419722952853, 9.383144965110032 ], [ -127.11959682063916, -2.469673249911028 ], [ -145.726800085066884, -35.901295408782893 ], [ -154.518618078469871, -9.788154809990747 ], [ -135.550419722952853, 9.383144965110032 ] ] ] } },
{ "type": "Feature", "properties": { "OBJECTID": 151, "featurecla": "Admin-0 country", "LEVEL": 2, "TYPE": "Sovereign country", "FORMAL_EN": "Canada", "FORMAL_FR": null, "POP_EST": 35623680, "POP_RANK": 15, "GDP_MD_EST": 1674000.0, "POP_YEAR": 2017, "LASTCENSUS": 2011, "GDP_YEAR": 2016, "ECONOMY": "1. Developed region: G7", "INCOME_GRP": "1. High income: OECD", "FIPS_10_": "CA", "ISO_A2": "CA", "ISO_A3": "CAN", "ISO_A3_EH": "CAN", "ISO_N3": "124", "UN_A3": "124", "WB_A2": "CA", "WB_A3": "CAN", "CONTINENT": "North America", "REGION_UN": "Americas", "SUBREGION": "Northern America", "REGION_WB": "North America", "NAME_AR": "كندا", "NAME_BN": "কানাডা", "NAME_DE": "Kanada", "NAME_EN": "Canada", "NAME_ES": "Canadá", "NAME_FR": "Canada", "NAME_EL": "Καναδάς", "NAME_HI": "कनाडा", "NAME_HU": "Kanada", "NAME_ID": "Kanada", "NAME_IT": "Canada", "NAME_JA": "カナダ", "NAME_KO": "캐나다", "NAME_NL": "Canada", "NAME_PL": "Kanada", "NAME_PT": "Canadá", "NAME_RU": "Канада", "NAME_SV": "Kanada", "NAME_TR": "Kanada", "NAME_VI": "Canada", "NAME_ZH": "加拿大", "WB_NAME": "Canada", "WB_RULES": "None", "WB_REGION": "Other", "Shape_Leng": 2573.7124842100002, "Shape_Area": 1691.86907643 }, "geometry": { "type": "Polygon", "coordinates": [ [ [ -75.94078124711092, 94.148272087766884 ], [ -70.913428668882744, 72.717985948638514 ], [ -78.68889709308344, 50.119244889740585 ], [ -82.574685302779514, 45.636666589262063 ], [ -89.723707161163446, 41.452994719560984 ], [ -92.383771913944116, 41.754088047973489 ], [ -150.262139739706527, 94.148272087766884 ], [ -75.94078124711092, 94.148272087766884 ] ] ] } },
{ "type": "Feature", "properties": { "OBJECTID": 113, "featurecla": "Admin-0 country", "LEVEL": 2, "TYPE": "Sovereign country", "FORMAL_EN": "Republic of El Salvador", "FORMAL_FR": null, "POP_EST": 6172011, "POP_RANK": 13, "GDP_MD_EST": 54790.0, "POP_YEAR": 2017, "LASTCENSUS": 2007, "GDP_YEAR": 2016, "ECONOMY": "6. Developing region", "INCOME_GRP": "4. Lower middle income", "FIPS_10_": "ES", "ISO_A2": "SV", "ISO_A3": "SLV", "ISO_A3_EH": "SLV", "ISO_N3": "222", "UN_A3": "222", "WB_A2": "SV", "WB_A3": "SLV", "CONTINENT": "North America", "REGION_UN": "Americas", "SUBREGION": "Central America", "REGION_WB": "Latin America & Caribbean", "NAME_AR": "السلفادور", "NAME_BN": "এল সালভাদোর", "NAME_DE": "El Salvador", "NAME_EN": "El Salvador", "NAME_ES": "El Salvador", "NAME_FR": "Salvador", "NAME_EL": "Ελ Σαλβαδόρ", "NAME_HI": "अल साल्वाडोर", "NAME_HU": "El Salvador", "NAME_ID": "El Salvador", "NAME_IT": "El Salvador", "NAME_JA": "エルサルバドル", "NAME_KO": "엘살바도르", "NAME_NL": "El Salvador", "NAME_PL": "Salwador", "NAME_PT": "El Salvador", "NAME_RU": "Сальвадор", "NAME_SV": "El Salvador", "NAME_TR": "El Salvador", "NAME_VI": "El Salvador", "NAME_ZH": "萨尔瓦多", "WB_NAME": "El Salvador", "WB_RULES": "None", "WB_REGION": "LCR", "Shape_Leng": 8.5578758302299995, "Shape_Area": 1.7164915191600001 }, "geometry": { "type": "Polygon", "coordinates": [ [ [ -98.377544098522407, 8.059542331114377 ], [ -88.6304638246487, 15.464330184672029 ], [ -88.313333128421334, 15.448152129583001 ], [ -87.055557458829639, 12.84510805511465 ], [ -87.590670704053366, 10.538875318342299 ], [ -96.851278288615333, -0.973531022224461 ], [ -98.377544098522407, 8.059542331114377 ] ] ] } },
{ "type": "Feature", "properties": { "OBJECTID": 114, "featurecla": "Admin-0 country", "LEVEL": 2, "TYPE": "Sovereign country", "FORMAL_EN": "Republic of Guatemala", "FORMAL_FR": null, "POP_EST": 15460732, "POP_RANK": 14, "GDP_MD_EST": 131800.0, "POP_YEAR": 2017, "LASTCENSUS": 2002, "GDP_YEAR": 2016, "ECONOMY": "6. Developing region", "INCOME_GRP": "4. Lower middle income", "FIPS_10_": "GT", "ISO_A2": "GT", "ISO_A3": "GTM", "ISO_A3_EH": "GTM", "ISO_N3": "320", "UN_A3": "320", "WB_A2": "GT", "WB_A3": "GTM", "CONTINENT": "North America", "REGION_UN": "Americas", "SUBREGION": "Central America", "REGION_WB": "Latin America & Caribbean", "NAME_AR": "غواتيمالا", "NAME_BN": "গুয়াতেমালা", "NAME_DE": "Guatemala", "NAME_EN": "Guatemala", "NAME_ES": "Guatemala", "NAME_FR": "Guatemala", "NAME_EL": "Γουατεμάλα", "NAME_HI": "ग्वाटेमाला", "NAME_HU": "Guatemala", "NAME_ID": "Guatemala", "NAME_IT": "Guatemala", "NAME_JA": "グアテマラ", "NAME_KO": "과테말라", "NAME_NL": "Guatemala", "NAME_PL": "Gwatemala", "NAME_PT": "Guatemala", "NAME_RU": "Гватемала", "NAME_SV": "Guatemala", "NAME_TR": "Guatemala", "NAME_VI": "Guatemala", "NAME_ZH": "危地马拉", "WB_NAME": "Guatemala", "WB_RULES": "None", "WB_REGION": "LCR", "Shape_Leng": 17.747933954800001, "Shape_Area": 9.1748220289900004 }, "geometry": { "type": "Polygon", "coordinates": [ [ [ -100.171652481497659, 14.32759329710605 ], [ -94.794829988070049, 22.256287321273415 ], [ -88.6304638246487, 15.464330184672029 ], [ -98.377544098522407, 8.059542331114377 ], [ -100.171652481497659, 14.32759329710605 ] ] ] } },
{ "type": "Feature", "properties": { "OBJECTID": 152, "featurecla": "Admin-0 country", "LEVEL": 2, "TYPE": "Sovereign country", "FORMAL_EN": "United Mexican States", "FORMAL_FR": null, "POP_EST": 124574795, "POP_RANK": 17, "GDP_MD_EST": 2307000.0, "POP_YEAR": 2017, "LASTCENSUS": 2010, "GDP_YEAR": 2016, "ECONOMY": "4. Emerging region: MIKT", "INCOME_GRP": "3. Upper middle income", "FIPS_10_": "MX", "ISO_A2": "MX", "ISO_A3": "MEX", "ISO_A3_EH": "MEX", "ISO_N3": "484", "UN_A3": "484", "WB_A2": "MX", "WB_A3": "MEX", "CONTINENT": "North America", "REGION_UN": "Americas", "SUBREGION": "Central America", "REGION_WB": "Latin America & Caribbean", "NAME_AR": "المكسيك", "NAME_BN": "মেক্সিকো", "NAME_DE": "Mexiko", "NAME_EN": "Mexico", "NAME_ES": "México", "NAME_FR": "Mexique", "NAME_EL": "Μεξικό", "NAME_HI": "मेक्सिको", "NAME_HU": "Mexikó", "NAME_ID": "Meksiko", "NAME_IT": "Messico", "NAME_JA": "メキシコ", "NAME_KO": "멕시코", "NAME_NL": "Mexico", "NAME_PL": "Meksyk", "NAME_PT": "México", "NAME_RU": "Мексика", "NAME_SV": "Mexiko", "NAME_TR": "Meksika", "NAME_VI": "México", "NAME_ZH": "墨西哥", "WB_NAME": "Mexico", "WB_RULES": "None", "WB_REGION": "LCR", "Shape_Leng": 182.06621312, "Shape_Area": 174.202021288 }, "geometry": { "type": "Polygon", "coordinates": [ [ [ -92.383771913944116, 41.754088047973489 ], [ -89.723707161163446, 41.452994719560984 ], [ -89.647948789928435, 34.260534759565587 ], [ -89.826616236167538, 32.454150093458715 ], [ -94.794829988070049, 22.256287321273415 ], [ -100.171652481497659, 14.32759329710605 ], [ -125.322620855536869, 26.654484708275053 ], [ -92.383771913944116, 41.754088047973489 ] ] ] } },
{ "type": "Feature", "properties": { "OBJECTID": 173, "featurecla": "Admin-0 country", "LEVEL": 2, "TYPE": "Sovereign country", "FORMAL_EN": "Commonwealth of the Bahamas", "FORMAL_FR": null, "POP_EST": 329988, "POP_RANK": 10, "GDP_MD_EST": 9066.0, "POP_YEAR": 2017, "LASTCENSUS": 2010, "GDP_YEAR": 2016, "ECONOMY": "6. Developing region", "INCOME_GRP": "2. High income: nonOECD", "FIPS_10_": "BF", "ISO_A2": "BS", "ISO_A3": "BHS", "ISO_A3_EH": "BHS", "ISO_N3": "044", "UN_A3": "044", "WB_A2": "BS", "WB_A3": "BHS", "CONTINENT": "North America", "REGION_UN": "Americas", "SUBREGION": "Caribbean", "REGION_WB": "Latin America & Caribbean", "NAME_AR": "باهاماس", "NAME_BN": "বাহামা দ্বীপপুঞ্জ", "NAME_DE": "Bahamas", "NAME_EN": "The Bahamas", "NAME_ES": "Bahamas", "NAME_FR": "Bahamas", "NAME_EL": "Μπαχάμες", "NAME_HI": "बहामास", "NAME_HU": "Bahama-szigetek", "NAME_ID": "Bahama", "NAME_IT": "Bahama", "NAME_JA": "バハマ", "NAME_KO": "바하마", "NAME_NL": "Bahama's", "NAME_PL": "Bahamy", "NAME_PT": "Bahamas", "NAME_RU": "Багамские Острова", "NAME_SV": "Bahamas", "NAME_TR": "Bahamalar", "NAME_VI": "Bahamas", "NAME_ZH": "巴哈马", "WB_NAME": "Bahamas, The", "WB_RULES": "None", "WB_REGION": "LCR", "Shape_Leng": 35.736819419600003, "Shape_Area": 1.1197495606900001 }, "geometry": { "type": "Polygon", "coordinates": [ [ [ -89.723707161163446, 41.452994719560984 ], [ -82.574685302779514, 45.636666589262063 ], [ -71.114789771408539, 28.933186847862117 ], [ -74.458686625833025, 22.52955218600987 ], [ -76.639058505780369, 21.820335540032588 ], [ -89.647948789928435, 34.260534759565587 ], [ -89.723707161163446, 41.452994719560984 ] ] ] } },
{ "type": "Feature", "properties": { "OBJECTID": 153, "featurecla": "Admin-0 country", "LEVEL": 2, "TYPE": "Sovereign country", "FORMAL_EN": "Belize", "FORMAL_FR": null, "POP_EST": 360346, "POP_RANK": 10, "GDP_MD_EST": 3088.0, "POP_YEAR": 2017, "LASTCENSUS": 2010, "GDP_YEAR": 2016, "ECONOMY": "6. Developing region", "INCOME_GRP": "4. Lower middle income", "FIPS_10_": "BH", "ISO_A2": "BZ", "ISO_A3": "BLZ", "ISO_A3_EH": "BLZ", "ISO_N3": "084", "UN_A3": "084", "WB_A2": "BZ", "WB_A3": "BLZ", "CONTINENT": "North America", "REGION_UN": "Americas", "SUBREGION": "Central America", "REGION_WB": "Latin America & Caribbean", "NAME_AR": "بليز", "NAME_BN": "বেলিজ", "NAME_DE": "Belize", "NAME_EN": "Belize", "NAME_ES": "Belice", "NAME_FR": "Belize", "NAME_EL": "Μπελίζε", "NAME_HI": "बेलीज़", "NAME_HU": "Belize", "NAME_ID": "Belize", "NAME_IT": "Belize", "NAME_JA": "ベリーズ", "NAME_KO": "벨리즈", "NAME_NL": "Belize", "NAME_PL": "Belize", "NAME_PT": "Belize", "NAME_RU": "Белиз", "NAME_SV": "Belize", "NAME_TR": "Belize", "NAME_VI": "Belize", "NAME_ZH": "伯利兹", "WB_NAME": "Belize", "WB_RULES": "None", "WB_REGION": "LCR", "Shape_Leng": 10.8562881979, "Shape_Area": 1.8944142695099999 }, "geometry": { "type": "Polygon", "coordinates": [ [ [ -94.794829988070049, 22.256287321273415 ], [ -89.826616236167538, 32.454150093458715 ], [ -87.113031634112716, 26.520312862828799 ], [ -84.828232395020066, 18.468075990107113 ], [ -88.313333128421334, 15.448152129583001 ], [ -88.6304638246487, 15.464330184672029 ], [ -94.794829988070049, 22.256287321273415 ] ] ] } },
{ "type": "Feature", "properties": { "OBJECTID": 28, "featurecla": "Admin-0 country", "LEVEL": 2, "TYPE": "Sovereign country", "FORMAL_EN": "Republic of Nicaragua", "FORMAL_FR": null, "POP_EST": 6025951, "POP_RANK": 13, "GDP_MD_EST": 33550.0, "POP_YEAR": 2017, "LASTCENSUS": 2005, "GDP_YEAR": 2016, "ECONOMY": "6. Developing region", "INCOME_GRP": "4. Lower middle income", "FIPS_10_": "NU", "ISO_A2": "NI", "ISO_A3": "NIC", "ISO_A3_EH": "NIC", "ISO_N3": "558", "UN_A3": "558", "WB_A2": "NI", "WB_A3": "NIC", "CONTINENT": "North America", "REGION_UN": "Americas", "SUBREGION": "Central America", "REGION_WB": "Latin America & Caribbean", "NAME_AR": "نيكاراغوا", "NAME_BN": "নিকারাগুয়া", "NAME_DE": "Nicaragua", "NAME_EN": "Nicaragua", "NAME_ES": "Nicaragua", "NAME_FR": "Nicaragua", "NAME_EL": "Νικαράγουα", "NAME_HI": "निकारागुआ", "NAME_HU": "Nicaragua", "NAME_ID": "Nikaragua", "NAME_IT": "Nicaragua", "NAME_JA": "ニカラグア", "NAME_KO": "니카라과", "NAME_NL": "Nicaragua", "NAME_PL": "Nikaragua", "NAME_PT": "Nicarágua", "NAME_RU": "Никарагуа", "NAME_SV": "Nicaragua", "NAME_TR": "Nikaragua", "NAME_VI": "Nicaragua", "NAME_ZH": "尼加拉瓜", "WB_NAME": "Nicaragua", "WB_RULES": "None", "WB_REGION": "LCR", "Shape_Leng": 22.1171737998, "Shape_Area": 10.7178615059 }, "geometry": { "type": "Polygon", "coordinates": [ [ [ -87.055557458829639, 12.84510805511465 ], [ -82.964364364139499, 16.141661088489077 ], [ -80.581807499749786, 14.636913591598463 ], [ -79.927158513137471, 13.68579005819546 ], [ -81.003697419714783, 12.464777232121913 ], [ -87.590670704053366, 10.538875318342299 ], [ -87.055557458829639, 12.84510805511465 ] ] ] } },
{ "type": "Feature", "properties": { "OBJECTID": 27, "featurecla": "Admin-0 country", "LEVEL": 2, "TYPE": "Sovereign country", "FORMAL_EN": "Republic of Costa Rica", "FORMAL_FR": null, "POP_EST": 4930258, "POP_RANK": 12, "GDP_MD_EST": 79260.0, "POP_YEAR": 2017, "LASTCENSUS": 2011, "GDP_YEAR": 2016, "ECONOMY": "5. Emerging region: G20", "INCOME_GRP": "3. Upper middle income", "FIPS_10_": "CS", "ISO_A2": "CR", "ISO_A3": "CRI", "ISO_A3_EH": "CRI", "ISO_N3": "188", "UN_A3": "188", "WB_A2": "CR", "WB_A3": "CRI", "CONTINENT": "North America", "REGION_UN": "Americas", "SUBREGION": "Central America", "REGION_WB": "Latin America & Caribbean", "NAME_AR": "كوستاريكا", "NAME_BN": "কোস্টা রিকা", "NAME_DE": "Costa Rica", "NAME_EN": "Costa Rica", "NAME_ES": "Costa Rica", "NAME_FR": "Costa Rica", "NAME_EL": "Κόστα Ρίκα", "NAME_HI": "कोस्टा रीका", "NAME_HU": "Costa Rica", "NAME_ID": "Kosta Rika", "NAME_IT": "Costa Rica", "NAME_JA": "コスタリカ", "NAME_KO": "코스타리카", "NAME_NL": "Costa Rica", "NAME_PL": "Kostaryka", "NAME_PT": "Costa Rica", "NAME_RU": "Коста-Рика", "NAME_SV": "Costa Rica", "NAME_TR": "Kosta Rika", "NAME_VI": "Costa Rica", "NAME_ZH": "哥斯达黎加", "WB_NAME": "Costa Rica", "WB_RULES": "Costa Rica", "WB_REGION": "LCR", "Shape_Leng": 18.380466927299999, "Shape_Area": 4.21732580754 }, "geometry": { "type": "Polygon", "coordinates": [ [ [ -87.590670704053366, 10.538875318342299 ], [ -81.003697419714783, 12.464777232121913 ], [ -84.442004518045167, 2.866283689328767 ], [ -96.87814034516137, -3.048003007873255 ], [ -96.851278288615333, -0.973531022224461 ], [ -87.590670704053366, 10.538875318342299 ] ] ] } },
{ "type": "Feature", "properties": { "OBJECTID": 199, "featurecla": "Admin-0 country", "LEVEL": 2, "TYPE": "Dependency", "FORMAL_EN": "Cayman Islands", "FORMAL_FR": null, "POP_EST": 58441, "POP_RANK": 8, "GDP_MD_EST": 2507.0, "POP_YEAR": 2017, "LASTCENSUS": 2010, "GDP_YEAR": 2014, "ECONOMY": "5. Emerging region: G20", "INCOME_GRP": "2. High income: nonOECD", "FIPS_10_": "CJ", "ISO_A2": "KY", "ISO_A3": "CYM", "ISO_A3_EH": "CYM", "ISO_N3": "136", "UN_A3": "136", "WB_A2": "KY", "WB_A3": "CYM", "CONTINENT": "North America", "REGION_UN": "Americas", "SUBREGION": "Caribbean", "REGION_WB": "Latin America & Caribbean", "NAME_AR": "جزر كايمان", "NAME_BN": "কেইম্যান দ্বীপপুঞ্জ", "NAME_DE": "Cayman Islands", "NAME_EN": "Cayman Islands", "NAME_ES": "Islas Caimán", "NAME_FR": "îles Caïmans", "NAME_EL": "Νησιά Καϋμάν", "NAME_HI": "केमन द्वीपसमूह", "NAME_HU": "Kajmán-szigetek", "NAME_ID": "Kepulauan Cayman", "NAME_IT": "Isole Cayman", "NAME_JA": "ケイマン諸島", "NAME_KO": "케이맨 제도", "NAME_NL": "Kaaimaneilanden", "NAME_PL": "Kajmany", "NAME_PT": "Ilhas Cayman", "NAME_RU": "острова Кайман", "NAME_SV": "Caymanöarna", "NAME_TR": "Cayman Adaları", "NAME_VI": "Quần đảo Cayman", "NAME_ZH": "開曼群島", "WB_NAME": "Cayman Islands (UK)", "WB_RULES": "Name in italic", "WB_REGION": "Other", "Shape_Leng": 1.7049552806499999, "Shape_Area": 0.02659690417 }, "geometry": { "type": "Polygon", "coordinates": [ [ [ -87.113031634112716, 26.520312862828799 ], [ -78.818497424633719, 19.572963892007252 ], [ -80.581807499749786, 14.636913591598463 ], [ -82.964364364139499, 16.141661088489077 ], [ -84.828232395020066, 18.468075990107113 ], [ -87.113031634112716, 26.520312862828799 ] ] ] } },
{ "type": "Feature", "properties": { "OBJECTID": 131, "featurecla": "Admin-0 country", "LEVEL": 2, "TYPE": "Sovereign country", "FORMAL_EN": "Republic of Cuba", "FORMAL_FR": null, "POP_EST": 11147407, "POP_RANK": 14, "GDP_MD_EST": 132900.0, "POP_YEAR": 2017, "LASTCENSUS": 2002, "GDP_YEAR": 2016, "ECONOMY": "5. Emerging region: G20", "INCOME_GRP": "3. Upper middle income", "FIPS_10_": "CU", "ISO_A2": "CU", "ISO_A3": "CUB", "ISO_A3_EH": "CUB", "ISO_N3": "192", "UN_A3": "192", "WB_A2": "CU", "WB_A3": "CUB", "CONTINENT": "North America", "REGION_UN": "Americas", "SUBREGION": "Caribbean", "REGION_WB": "Latin America & Caribbean", "NAME_AR": "كوبا", "NAME_BN": "কিউবা", "NAME_DE": "Kuba", "NAME_EN": "Cuba", "NAME_ES": "Cuba", "NAME_FR": "Cuba", "NAME_EL": "Κούβα", "NAME_HI": "क्यूबा", "NAME_HU": "Kuba", "NAME_ID": "Kuba", "NAME_IT": "Cuba", "NAME_JA": "キューバ", "NAME_KO": "쿠바", "NAME_NL": "Cuba", "NAME_PL": "Kuba", "NAME_PT": "Cuba", "NAME_RU": "Куба", "NAME_SV": "Kuba", "NAME_TR": "Küba", "NAME_VI": "Cuba", "NAME_ZH": "古巴", "WB_NAME": "Cuba", "WB_RULES": "Not part of LCR region", "WB_REGION": "Other", "Shape_Leng": 54.162478445200001, "Shape_Area": 9.5907559491200001 }, "geometry": { "type": "Polygon", "coordinates": [ [ [ -89.826616236167538, 32.454150093458715 ], [ -89.647948789928435, 34.260534759565587 ], [ -76.639058505780369, 21.820335540032588 ], [ -77.291104793954545, 20.32845799631956 ], [ -78.818497424633719, 19.572963892007252 ], [ -87.113031634112716, 26.520312862828799 ], [ -89.826616236167538, 32.454150093458715 ] ] ] } },
{ "type": "Feature", "properties": { "OBJECTID": 132, "featurecla": "Admin-0 country", "LEVEL": 2, "TYPE": "Sovereign country", "FORMAL_EN": "Republic of Honduras", "FORMAL_FR": null, "POP_EST": 9038741, "POP_RANK": 13, "GDP_MD_EST": 43190.0, "POP_YEAR": 2017, "LASTCENSUS": 2001, "GDP_YEAR": 2016, "ECONOMY": "6. Developing region", "INCOME_GRP": "4. Lower middle income", "FIPS_10_": "HO", "ISO_A2": "HN", "ISO_A3": "HND", "ISO_A3_EH": "HND", "ISO_N3": "340", "UN_A3": "340", "WB_A2": "HN", "WB_A3": "HND", "CONTINENT": "North America", "REGION_UN": "Americas", "SUBREGION": "Central America", "REGION_WB": "Latin America & Caribbean", "NAME_AR": "هندوراس", "NAME_BN": "হন্ডুরাস", "NAME_DE": "Honduras", "NAME_EN": "Honduras", "NAME_ES": "Honduras", "NAME_FR": "Honduras", "NAME_EL": "Ονδούρα", "NAME_HI": "हौण्डुरस", "NAME_HU": "Honduras", "NAME_ID": "Honduras", "NAME_IT": "Honduras", "NAME_JA": "ホンジュラス", "NAME_KO": "온두라스", "NAME_NL": "Honduras", "NAME_PL": "Honduras", "NAME_PT": "Honduras", "NAME_RU": "Гондурас", "NAME_SV": "Honduras", "NAME_TR": "Honduras", "NAME_VI": "Honduras", "NAME_ZH": "洪都拉斯", "WB_NAME": "Honduras", "WB_RULES": "None", "WB_REGION": "LCR", "Shape_Leng": 25.891327681300002, "Shape_Area": 9.4243179639299992 }, "geometry": { "type": "Polygon", "coordinates": [ [ [ -82.964364364139499, 16.141661088489077 ], [ -87.055557458829639, 12.84510805511465 ], [ -88.313333128421334, 15.448152129583001 ], [ -84.828232395020066, 18.468075990107113 ], [ -82.964364364139499, 16.141661088489077 ] ] ] } },
{ "type": "Feature", "properties": { "OBJECTID": 133, "featurecla": "Admin-0 country", "LEVEL": 2, "TYPE": "Sovereign country", "FORMAL_EN": "Republic of Ecuador", "FORMAL_FR": null, "POP_EST": 16290913, "POP_RANK": 14, "GDP_MD_EST": 182400.0, "POP_YEAR": 2017, "LASTCENSUS": 2010, "GDP_YEAR": 2016, "ECONOMY": "6. Developing region", "INCOME_GRP": "3. Upper middle income", "FIPS_10_": "EC", "ISO_A2": "EC", "ISO_A3": "ECU", "ISO_A3_EH": "ECU", "ISO_N3": "218", "UN_A3": "218", "WB_A2": "EC", "WB_A3": "ECU", "CONTINENT": "South America", "REGION_UN": "Americas", "SUBREGION": "South America", "REGION_WB": "Latin America & Caribbean", "NAME_AR": "الإكوادور", "NAME_BN": "ইকুয়েডর", "NAME_DE": "Ecuador", "NAME_EN": "Ecuador", "NAME_ES": "Ecuador", "NAME_FR": "Équateur", "NAME_EL": "Εκουαδόρ", "NAME_HI": "ईक्वाडोर", "NAME_HU": "Ecuador", "NAME_ID": "Ekuador", "NAME_IT": "Ecuador", "NAME_JA": "エクアドル", "NAME_KO": "에콰도르", "NAME_NL": "Ecuador", "NAME_PL": "Ekwador", "NAME_PT": "Equador", "NAME_RU": "Эквадор", "NAME_SV": "Ecuador", "NAME_TR": "Ekvador", "NAME_VI": "Ecuador", "NAME_ZH": "厄瓜多尔", "WB_NAME": "Ecuador", "WB_RULES": "None", "WB_REGION": "LCR", "Shape_Leng": 39.67945616, "Shape_Area": 20.729620869200001 }, "geometry": { "type": "Polygon", "coordinates": [ [ [ -84.442004518045167, 2.866283689328767 ], [ -78.241280598575599, 3.707750800099638 ], [ -72.157408747036044, -2.778377772909422 ], [ -100.787383164454781, -19.057356593542362 ], [ -102.017750813039356, -16.396760587811606 ], [ -96.87814034516137, -3.048003007873255 ], [ -84.442004518045167, 2.866283689328767 ] ] ] } },
{ "type": "Feature", "properties": { "OBJECTID": 198, "featurecla": "Admin-0 country", "LEVEL": 2, "TYPE": "Sovereign country", "FORMAL_EN": "Jamaica", "FORMAL_FR": null, "POP_EST": 2990561, "POP_RANK": 12, "GDP_MD_EST": 25390.0, "POP_YEAR": 2017, "LASTCENSUS": 2011, "GDP_YEAR": 2016, "ECONOMY": "6. Developing region", "INCOME_GRP": "3. Upper middle income", "FIPS_10_": "JM", "ISO_A2": "JM", "ISO_A3": "JAM", "ISO_A3_EH": "JAM", "ISO_N3": "388", "UN_A3": "388", "WB_A2": "JM", "WB_A3": "JAM", "CONTINENT": "North America", "REGION_UN": "Americas", "SUBREGION": "Caribbean", "REGION_WB": "Latin America & Caribbean", "NAME_AR": "جامايكا", "NAME_BN": "জ্যামাইকা", "NAME_DE": "Jamaika", "NAME_EN": "Jamaica", "NAME_ES": "Jamaica", "NAME_FR": "Jamaïque", "NAME_EL": "Τζαμάικα", "NAME_HI": "जमैका", "NAME_HU": "Jamaica", "NAME_ID": "Jamaika", "NAME_IT": "Giamaica", "NAME_JA": "ジャマイカ", "NAME_KO": "자메이카", "NAME_NL": "Jamaica", "NAME_PL": "Jamajka", "NAME_PT": "Jamaica", "NAME_RU": "Ямайка", "NAME_SV": "Jamaica", "NAME_TR": "Jamaika", "NAME_VI": "Jamaica", "NAME_ZH": "牙买加", "WB_NAME": "Jamaica", "WB_RULES": "None", "WB_REGION": "LCR", "Shape_Leng": 5.9774380328900003, "Shape_Area": 0.94206182703999997 }, "geometry": { "type": "Polygon", "coordinates": [ [ [ -78.818497424633719, 19.572963892007252 ], [ -77.291104793954545, 20.32845799631956 ], [ -76.251942735751143, 19.060783461623064 ], [ -75.5708972975074, 12.829309610580284 ], [ -75.828132058260181, 12.494227777628588 ], [ -79.927158513137471, 13.68579005819546 ], [ -80.581807499749786, 14.636913591598463 ], [ -78.818497424633719, 19.572963892007252 ] ] ] } },
{ "type": "Feature", "properties": { "OBJECTID": 154, "featurecla": "Admin-0 country", "LEVEL": 2, "TYPE": "Sovereign country", "FORMAL_EN": "Republic of Panama", "FORMAL_FR": null, "POP_EST": 3753142, "POP_RANK": 12, "GDP_MD_EST": 93120.0, "POP_YEAR": 2017, "LASTCENSUS": 2010, "GDP_YEAR": 2016, "ECONOMY": "6. Developing region", "INCOME_GRP": "3. Upper middle income", "FIPS_10_": "PM", "ISO_A2": "PA", "ISO_A3": "PAN", "ISO_A3_EH": "PAN", "ISO_N3": "591", "UN_A3": "591", "WB_A2": "PA", "WB_A3": "PAN", "CONTINENT": "North America", "REGION_UN": "Americas", "SUBREGION": "Central America", "REGION_WB": "Latin America & Caribbean", "NAME_AR": "بنما", "NAME_BN": "পানামা", "NAME_DE": "Panama", "NAME_EN": "Panama", "NAME_ES": "Panamá", "NAME_FR": "Panama", "NAME_EL": "Παναμάς", "NAME_HI": "पनामा", "NAME_HU": "Panama", "NAME_ID": "Panama", "NAME_IT": "Panama", "NAME_JA": "パナマ", "NAME_KO": "파나마", "NAME_NL": "Panama", "NAME_PL": "Panama", "NAME_PT": "Panamá", "NAME_RU": "Панама", "NAME_SV": "Panama", "NAME_TR": "Panama", "NAME_VI": "Panama", "NAME_ZH": "巴拿马", "WB_NAME": "Panama", "WB_RULES": "None", "WB_REGION": "LCR", "Shape_Leng": 35.6403996214, "Shape_Area": 6.1208708110399996 }, "geometry": { "type": "Polygon", "coordinates": [ [ [ -79.927158513137471, 13.68579005819546 ], [ -75.828132058260181, 12.494227777628588 ], [ -74.573339912771644, 9.312995735264918 ], [ -78.241280598575599, 3.707750800099638 ], [ -84.442004518045167, 2.866283689328767 ], [ -81.003697419714783, 12.464777232121913 ], [ -79.927158513137471, 13.68579005819546 ] ] ] } },
{ "type": "Feature", "properties": { "OBJECTID": 134, "featurecla": "Admin-0 country", "LEVEL": 2, "TYPE": "Sovereign country", "FORMAL_EN": "Republic of Colombia", "FORMAL_FR": null, "POP_EST": 47698524, "POP_RANK": 15, "GDP_MD_EST": 688000.0, "POP_YEAR": 2017, "LASTCENSUS": 2006, "GDP_YEAR": 2016, "ECONOMY": "6. Developing region", "INCOME_GRP": "3. Upper middle income", "FIPS_10_": "CO", "ISO_A2": "CO", "ISO_A3": "COL", "ISO_A3_EH": "COL", "ISO_N3": "170", "UN_A3": "170", "WB_A2": "CO", "WB_A3": "COL", "CONTINENT": "South America", "REGION_UN": "Americas", "SUBREGION": "South America", "REGION_WB": "Latin America & Caribbean", "NAME_AR": "كولومبيا", "NAME_BN": "কলম্বিয়া", "NAME_DE": "Kolumbien", "NAME_EN": "Colombia", "NAME_ES": "Colombia", "NAME_FR": "Colombie", "NAME_EL": "Κολομβία", "NAME_HI": "कोलम्बिया", "NAME_HU": "Kolumbia", "NAME_ID": "Kolombia", "NAME_IT": "Colombia", "NAME_JA": "コロンビア", "NAME_KO": "콜롬비아", "NAME_NL": "Colombia", "NAME_PL": "Kolumbia", "NAME_PT": "Colômbia", "NAME_RU": "Колумбия", "NAME_SV": "Colombia", "NAME_TR": "Kolombiya", "NAME_VI": "Colombia", "NAME_ZH": "哥伦比亚", "WB_NAME": "Colombia", "WB_RULES": "None", "WB_REGION": "LCR", "Shape_Leng": 82.016074687100001, "Shape_Area": 92.576503898699997 }, "geometry": { "type": "Polygon", "coordinates": [ [ [ -78.241280598575599, 3.707750800099638 ], [ -74.573339912771644, 9.312995735264918 ], [ -70.882541128116159, 7.97962008597281 ], [ -70.738449287161458, 7.908090176779544 ], [ -65.557086205935875, -3.224784142083615 ], [ -65.543999481917297, -3.433564001859505 ], [ -72.157408747036044, -2.778377772909422 ], [ -78.241280598575599, 3.707750800099638 ] ] ] } },
{ "type": "Feature", "properties": { "OBJECTID": 130, "featurecla": "Admin-0 country", "LEVEL": 2, "TYPE": "Lease", "FORMAL_EN": null, "FORMAL_FR": null, "POP_EST": 7000, "POP_RANK": 5, "GDP_MD_EST": 280.0, "POP_YEAR": 1999, "LASTCENSUS": -99, "GDP_YEAR": 1999, "ECONOMY": "2. Developed region: nonG7", "INCOME_GRP": "2. High income: nonOECD", "FIPS_10_": "-99", "ISO_A2": "-99", "ISO_A3": "-99", "ISO_A3_EH": "-99", "ISO_N3": "-99", "UN_A3": "-099", "WB_A2": "-99", "WB_A3": "USA", "CONTINENT": "North America", "REGION_UN": "Americas", "SUBREGION": "Caribbean", "REGION_WB": "Latin America & Caribbean", "NAME_AR": "قاعدة غوانتانامو", "NAME_BN": "গুয়ানতানামো বে কারাগার নৌবাহিনী বেস", "NAME_DE": "Guantanamo Bay Naval Base", "NAME_EN": "Guantanamo Bay Naval Base", "NAME_ES": "Base Naval de la Bahía de Guantánamo", "NAME_FR": "base navale de la baie de Guantánamo", "NAME_EL": "Ναυτική Βάση του Κόλπου του Γκουαντάναμο", "NAME_HI": "ग्वांटानैमो खाड़ी नौसेना बेस", "NAME_HU": "guantánamói haditengerészeti támaszpont", "NAME_ID": "Pangkalan Laut Teluk Guantanamo", "NAME_IT": "Base navale di Guantanamo", "NAME_JA": "グァンタナモ米軍基地", "NAME_KO": "관타나모 만 해군 기지", "NAME_NL": "Guantánamo Bay", "NAME_PL": "Naval Station Guantanamo Bay", "NAME_PT": "Base Naval da Baía de Guantánamo", "NAME_RU": "Военная база Гуантанамо", "NAME_SV": "Guantánamobasen", "NAME_TR": "Guantanamo Bay", "NAME_VI": "Căn cứ Hải quân vịnh Guantánamo", "NAME_ZH": null, "WB_NAME": "Guantanamo Bay (US)", "WB_RULES": "Name in italic", "WB_REGION": "Other", "Shape_Leng": 0.65774150311000001, "Shape_Area": 0.00563878243 }, "geometry": { "type": "Polygon", "coordinates": [ [ [ -77.291104793954545, 20.32845799631956 ], [ -76.639058505780369, 21.820335540032588 ], [ -74.458686625833025, 22.52955218600987 ], [ -73.419045641369976, 20.6863175982919 ], [ -73.989087544564413, 19.268925181330005 ], [ -76.251942735751143, 19.060783461623064 ], [ -77.291104793954545, 20.32845799631956 ] ] ] } },
{ "type": "Feature", "properties": { "OBJECTID": 247, "featurecla": "Admin-0 country", "LEVEL": 2, "TYPE": "Dependency", "FORMAL_EN": null, "FORMAL_FR": null, "POP_EST": 300, "POP_RANK": 2, "GDP_MD_EST": 0.0, "POP_YEAR": 0, "LASTCENSUS": -99, "GDP_YEAR": 0, "ECONOMY": "7. Least developed region", "INCOME_GRP": "5. Low income", "FIPS_10_": "-99", "ISO_A2": "UM", "ISO_A3": "UMI", "ISO_A3_EH": "UMI", "ISO_N3": "581", "UN_A3": "-099", "WB_A2": "-99", "WB_A3": "USA", "CONTINENT": "North America", "REGION_UN": "Seven seas (open ocean)", "SUBREGION": "Seven seas (open ocean)", "REGION_WB": "East Asia & Pacific", "NAME_AR": "جزر الولايات المتحدة الصغيرة النائية", "NAME_BN": "মার্কিন যুক্তরাষ্ট্র পার্শ্ববর্তী ক্ষুদ্র দ্বীপপুঞ্জ", "NAME_DE": "United States Minor Outlying Islands", "NAME_EN": "United States Minor Outlying Islands", "NAME_ES": "Islas ultramarinas de Estados Unidos", "NAME_FR": "Îles mineures éloignées des États-Unis", "NAME_EL": "Απομακρυσμένες Νησίδες των Ηνωμένων Πολιτειών", "NAME_HI": "संयुक्त राज्य अमेरिका के छोटे दूरस्थ द्वीपसमूह", "NAME_HU": "Az Amerikai Egyesült Államok lakatlan külbirtokai", "NAME_ID": "Kepulauan Terluar Kecil Amerika Serikat", "NAME_IT": "Isole minori esterne degli Stati Uniti d'America", "NAME_JA": "合衆国領有小離島", "NAME_KO": "미국령 군소 제도", "NAME_NL": "Kleine afgelegen eilanden van de Verenigde Staten", "NAME_PL": "Dalekie Wyspy Mniejsze Stanów Zjednoczonych", "NAME_PT": "Ilhas Menores Distantes dos Estados Unidos", "NAME_RU": "Внешние малые острова США", "NAME_SV": "Förenta staternas mindre öar i Oceanien och Västindien", "NAME_TR": "United States Minor Outlying Islands", "NAME_VI": "Các tiểu đảo xa của Hoa Kỳ", "NAME_ZH": "美国本土外小岛屿", "WB_NAME": "Navassa Island (US)", "WB_RULES": "Name in italic", "WB_REGION": "Other", "Shape_Leng": 0.08560824029, "Shape_Area": 0.0004129625 }, "geometry": { "type": "Polygon", "coordinates": [ [ [ -76.251942735751143, 19.060783461623064 ], [ -73.989087544564413, 19.268925181330005 ], [ -73.01650179843918, 15.015229994192866 ], [ -75.5708972975074, 12.829309610580284 ], [ -76.251942735751143, 19.060783461623064 ] ] ] } },
{ "type": "Feature", "properties": { "OBJECTID": 174, "featurecla": "Admin-0 country", "LEVEL": 2, "TYPE": "Dependency", "FORMAL_EN": "Turks and Caicos Islands", "FORMAL_FR": null, "POP_EST": 52570, "POP_RANK": 8, "GDP_MD_EST": 632.0, "POP_YEAR": 2017, "LASTCENSUS": 2001, "GDP_YEAR": 2007, "ECONOMY": "6. Developing region", "INCOME_GRP": "2. High income: nonOECD", "FIPS_10_": "TK", "ISO_A2": "TC", "ISO_A3": "TCA", "ISO_A3_EH": "TCA", "ISO_N3": "796", "UN_A3": "796", "WB_A2": "TC", "WB_A3": "TCA", "CONTINENT": "North America", "REGION_UN": "Americas", "SUBREGION": "Caribbean", "REGION_WB": "Latin America & Caribbean", "NAME_AR": "جزر توركس وكايكوس", "NAME_BN": "টার্কস্‌ ও কেইকোস দ্বীপপুঞ্জ", "NAME_DE": "Turks- und Caicosinseln", "NAME_EN": "Turks and Caicos Islands", "NAME_ES": "Islas Turcas y Caicos", "NAME_FR": "îles Turques-et-Caïques", "NAME_EL": "Τερκ και Κάικος", "NAME_HI": "तुर्क और केकोस द्वीपसमूह", "NAME_HU": "Turks- és Caicos-szigetek", "NAME_ID": "Kepulauan Turks dan Caicos", "NAME_IT": "Turks e Caicos", "NAME_JA": "タークス・カイコス諸島", "NAME_KO": "터크스 케이커스 제도", "NAME_NL": "Turks- en Caicoseilanden", "NAME_PL": "Turks i Caicos", "NAME_PT": "Turks e Caicos", "NAME_RU": "Тёркс и Кайкос", "NAME_SV": "Turks- och Caicosöarna", "NAME_TR": "Turks ve Caicos Adaları", "NAME_VI": "Quần đảo Turks và Caicos", "NAME_ZH": "特克斯和凯科斯群岛", "WB_NAME": "Turks and Caicos Islands (UK)", "WB_RULES": "Name in italic", "WB_REGION": "Other", "Shape_Leng": 3.45622463057, "Shape_Area": 0.03887835896 }, "geometry": { "type": "Polygon", "coordinates": [ [ [ -71.114789771408539, 28.933186847862117 ], [ -65.862358538480294, 25.386796337113278 ], [ -66.347980104464895, 24.292279584396177 ], [ -67.925519198516454, 21.894314423526485 ], [ -71.570050584302166, 20.154350093692841 ], [ -73.419045641369976, 20.6863175982919 ], [ -74.458686625833025, 22.52955218600987 ], [ -71.114789771408539, 28.933186847862117 ] ] ] } },
{ "type": "Feature", "properties": { "OBJECTID": 200, "featurecla": "Admin-0 country", "LEVEL": 2, "TYPE": "Dependency", "FORMAL_EN": "The Bermudas or Somers Isles", "FORMAL_FR": null, "POP_EST": 70864, "POP_RANK": 8, "GDP_MD_EST": 5198.0, "POP_YEAR": 2017, "LASTCENSUS": 2010, "GDP_YEAR": 2013, "ECONOMY": "2. Developed region: nonG7", "INCOME_GRP": "2. High income: nonOECD", "FIPS_10_": "BD", "ISO_A2": "BM", "ISO_A3": "BMU", "ISO_A3_EH": "BMU", "ISO_N3": "060", "UN_A3": "060", "WB_A2": "BM", "WB_A3": "BMU", "CONTINENT": "North America", "REGION_UN": "Americas", "SUBREGION": "Northern America", "REGION_WB": "North America", "NAME_AR": "برمودا", "NAME_BN": "বারমুডা", "NAME_DE": "Bermuda", "NAME_EN": "Bermuda", "NAME_ES": "Bermudas", "NAME_FR": "Bermudes", "NAME_EL": "Βερμούδες", "NAME_HI": "बरमूडा", "NAME_HU": "Bermuda", "NAME_ID": "Bermuda", "NAME_IT": "Bermuda", "NAME_JA": "バミューダ諸島", "NAME_KO": "버뮤다", "NAME_NL": "Bermuda", "NAME_PL": "Bermudy", "NAME_PT": "Bermudas", "NAME_RU": "Бермудские Острова", "NAME_SV": "Bermuda", "NAME_TR": "Bermuda", "NAME_VI": "Bermuda", "NAME_ZH": "百慕大", "WB_NAME": "Bermuda (UK)", "WB_RULES": "Name in italic", "WB_REGION": "Other", "Shape_Leng": 1.0253750768900001, "Shape_Area": 0.00596583856 }, "geometry": { "type": "Polygon", "coordinates": [ [ [ -82.574685302779514, 45.636666589262063 ], [ -78.68889709308344, 50.119244889740585 ], [ -42.363638761195936, 29.110494525839659 ], [ -42.44076988662659, 28.918320255352761 ], [ -56.144192806866812, 26.208089343396278 ], [ -62.386679247322306, 25.452437165300498 ], [ -65.862358538480294, 25.386796337113278 ], [ -71.114789771408539, 28.933186847862117 ], [ -82.574685302779514, 45.636666589262063 ] ] ] } },
{ "type": "Feature", "properties": { "OBJECTID": 172, "featurecla": "Admin-0 country", "LEVEL": 2, "TYPE": "Country", "FORMAL_EN": "Aruba", "FORMAL_FR": null, "POP_EST": 115120, "POP_RANK": 9, "GDP_MD_EST": 2516.0, "POP_YEAR": 2017, "LASTCENSUS": 2010, "GDP_YEAR": 2009, "ECONOMY": "6. Developing region", "INCOME_GRP": "2. High income: nonOECD", "FIPS_10_": "AA", "ISO_A2": "AW", "ISO_A3": "ABW", "ISO_A3_EH": "ABW", "ISO_N3": "533", "UN_A3": "533", "WB_A2": "AW", "WB_A3": "ABW", "CONTINENT": "North America", "REGION_UN": "Americas", "SUBREGION": "Caribbean", "REGION_WB": "Latin America & Caribbean", "NAME_AR": "أروبا", "NAME_BN": "আরুবা", "NAME_DE": "Aruba", "NAME_EN": "Aruba", "NAME_ES": "Aruba", "NAME_FR": "Aruba", "NAME_EL": "Αρούμπα", "NAME_HI": "अरूबा", "NAME_HU": "Aruba", "NAME_ID": "Aruba", "NAME_IT": "Aruba", "NAME_JA": "アルバ", "NAME_KO": "아루바", "NAME_NL": "Aruba", "NAME_PL": "Aruba", "NAME_PT": "Aruba", "NAME_RU": "Аруба", "NAME_SV": "Aruba", "NAME_TR": "Aruba", "NAME_VI": "Aruba", "NAME_ZH": "阿魯巴", "WB_NAME": "Aruba (Neth.)", "WB_RULES": "Name in italic", "WB_REGION": "Other", "Shape_Leng": 0.65236708832000001, "Shape_Area": 0.01411887915 }, "geometry": { "type": "Polygon", "coordinates": [ [ [ -73.01650179843918, 15.015229994192866 ], [ -71.657422654502341, 15.590206361398383 ], [ -68.940714678425437, 15.812666597378287 ], [ -68.505243484893739, 15.545090764986885 ], [ -68.598594130325253, 15.068629156548367 ], [ -70.882541128116159, 7.97962008597281 ], [ -74.573339912771644, 9.312995735264918 ], [ -75.828132058260181, 12.494227777628588 ], [ -75.5708972975074, 12.829309610580284 ], [ -73.01650179843918, 15.015229994192866 ] ] ] } },
{ "type": "Feature", "properties": { "OBJECTID": 109, "featurecla": "Admin-0 country", "LEVEL": 2, "TYPE": "Sovereign country", "FORMAL_EN": "Republic of Haiti", "FORMAL_FR": null, "POP_EST": 10646714, "POP_RANK": 14, "GDP_MD_EST": 19340.0, "POP_YEAR": 2017, "LASTCENSUS": 2003, "GDP_YEAR": 2016, "ECONOMY": "7. Least developed region", "INCOME_GRP": "5. Low income", "FIPS_10_": "HA", "ISO_A2": "HT", "ISO_A3": "HTI", "ISO_A3_EH": "HTI", "ISO_N3": "332", "UN_A3": "332", "WB_A2": "HT", "WB_A3": "HTI", "CONTINENT": "North America", "REGION_UN": "Americas", "SUBREGION": "Caribbean", "REGION_WB": "Latin America & Caribbean", "NAME_AR": "هايتي", "NAME_BN": "হাইতি", "NAME_DE": "Haiti", "NAME_EN": "Haiti", "NAME_ES": "Haití", "NAME_FR": "Haïti", "NAME_EL": "Αϊτή", "NAME_HI": "हैती", "NAME_HU": "Haiti", "NAME_ID": "Haiti", "NAME_IT": "Haiti", "NAME_JA": "ハイチ", "NAME_KO": "아이티", "NAME_NL": "Haïti", "NAME_PL": "Haiti", "NAME_PT": "Haiti", "NAME_RU": "Республика Гаити", "NAME_SV": "Haiti", "NAME_TR": "Haiti", "NAME_VI": "Haiti", "NAME_ZH": "海地", "WB_NAME": "Haiti", "WB_RULES": "None", "WB_REGION": "LCR", "Shape_Leng": 16.210866708000001, "Shape_Area": 2.3065699621200002 }, "geometry": { "type": "Polygon", "coordinates": [ [ [ -73.989087544564413, 19.268925181330005 ], [ -73.419045641369976, 20.6863175982919 ], [ -71.570050584302166, 20.154350093692841 ], [ -71.657422654502341, 15.590206361398383 ], [ -73.01650179843918, 15.015229994192866 ], [ -73.989087544564413, 19.268925181330005 ] ] ] } },
{ "type": "Feature", "properties": { "OBJECTID": 171, "featurecla": "Admin-0 country", "LEVEL": 2, "TYPE": "Country", "FORMAL_EN": "Curaçao", "FORMAL_FR": null, "POP_EST": 149648, "POP_RANK": 9, "GDP_MD_EST": 3128.0, "POP_YEAR": 2017, "LASTCENSUS": -99, "GDP_YEAR": 2012, "ECONOMY": "6. Developing region", "INCOME_GRP": "2. High income: nonOECD", "FIPS_10_": "NT", "ISO_A2": "CW", "ISO_A3": "CUW", "ISO_A3_EH": "CUW", "ISO_N3": "531", "UN_A3": "531", "WB_A2": "CW", "WB_A3": "CUW", "CONTINENT": "North America", "REGION_UN": "Americas", "SUBREGION": "Caribbean", "REGION_WB": "Latin America & Caribbean", "NAME_AR": "كوراساو", "NAME_BN": "কিউরাসাও", "NAME_DE": "Curaçao", "NAME_EN": "Curaçao", "NAME_ES": "Curazao", "NAME_FR": "Curaçao", "NAME_EL": "Κουρασάο", "NAME_HI": "कुराकाओ", "NAME_HU": "Curaçao", "NAME_ID": "Curaçao", "NAME_IT": "Curaçao", "NAME_JA": "キュラソー島", "NAME_KO": "퀴라소", "NAME_NL": "Curaçao", "NAME_PL": "Curaçao", "NAME_PT": "Curaçao", "NAME_RU": "Кюрасао", "NAME_SV": "Curaçao", "NAME_TR": "Curaçao", "NAME_VI": "Curaçao", "NAME_ZH": "库拉索", "WB_NAME": "Curaçao (Neth.)", "WB_RULES": "Name in italic", "WB_REGION": "Other", "Shape_Leng": 1.2070400426700001, "Shape_Area": 0.03847999279 }, "geometry": { "type": "Polygon", "coordinates": [ [ [ -70.882541128116159, 7.97962008597281 ], [ -68.598594130325253, 15.068629156548367 ], [ -68.663061396191267, 9.056155677808029 ], [ -70.738449287161458, 7.908090176779544 ], [ -70.882541128116159, 7.97962008597281 ] ] ] } },
{ "type": "Feature", "properties": { "OBJECTID": 5, "featurecla": "Admin-0 country", "LEVEL": 2, "TYPE": "Sovereign country", "FORMAL_EN": "Republic of Peru", "FORMAL_FR": null, "POP_EST": 31036656, "POP_RANK": 15, "GDP_MD_EST": 410400.0, "POP_YEAR": 2017, "LASTCENSUS": 2007, "GDP_YEAR": 2016, "ECONOMY": "5. Emerging region: G20", "INCOME_GRP": "3. Upper middle income", "FIPS_10_": "PE", "ISO_A2": "PE", "ISO_A3": "PER", "ISO_A3_EH": "PER", "ISO_N3": "604", "UN_A3": "604", "WB_A2": "PE", "WB_A3": "PER", "CONTINENT": "South America", "REGION_UN": "Americas", "SUBREGION": "South America", "REGION_WB": "Latin America & Caribbean", "NAME_AR": "بيرو", "NAME_BN": "পেরু", "NAME_DE": "Peru", "NAME_EN": "Peru", "NAME_ES": "Perú", "NAME_FR": "Pérou", "NAME_EL": "Περού", "NAME_HI": "पेरू", "NAME_HU": "Peru", "NAME_ID": "Peru", "NAME_IT": "Perù", "NAME_JA": "ペルー", "NAME_KO": "페루", "NAME_NL": "Peru", "NAME_PL": "Peru", "NAME_PT": "Peru", "NAME_RU": "Перу", "NAME_SV": "Peru", "NAME_TR": "Peru", "NAME_VI": "Peru", "NAME_ZH": "秘鲁", "WB_NAME": "Peru", "WB_RULES": "None", "WB_REGION": "LCR", "Shape_Leng": 73.262192361499999, "Shape_Area": 106.417089189 }, "geometry": { "type": "Polygon", "coordinates": [ [ [ -72.157408747036044, -2.778377772909422 ], [ -65.543999481917297, -3.433564001859505 ], [ -63.709642031417879, -5.458631911807212 ], [ -78.161212850950818, -24.006633843482742 ], [ -98.778560528762199, -26.179980978776516 ], [ -100.787383164454781, -19.057356593542362 ], [ -72.157408747036044, -2.778377772909422 ] ] ] } },
{ "type": "Feature", "properties": { "OBJECTID": 110, "featurecla": "Admin-0 country", "LEVEL": 2, "TYPE": "Sovereign country", "FORMAL_EN": "Dominican Republic", "FORMAL_FR": null, "POP_EST": 10734247, "POP_RANK": 14, "GDP_MD_EST": 161900.0, "POP_YEAR": 2017, "LASTCENSUS": 2010, "GDP_YEAR": 2016, "ECONOMY": "6. Developing region", "INCOME_GRP": "3. Upper middle income", "FIPS_10_": "DR", "ISO_A2": "DO", "ISO_A3": "DOM", "ISO_A3_EH": "DOM", "ISO_N3": "214", "UN_A3": "214", "WB_A2": "DO", "WB_A3": "DOM", "CONTINENT": "North America", "REGION_UN": "Americas", "SUBREGION": "Caribbean", "REGION_WB": "Latin America & Caribbean", "NAME_AR": "جمهورية الدومينيكان", "NAME_BN": "ডোমিনিকান প্রজাতন্ত্র", "NAME_DE": "Dominikanische Republik", "NAME_EN": "Dominican Republic", "NAME_ES": "República Dominicana", "NAME_FR": "République dominicaine", "NAME_EL": "Δομινικανή Δημοκρατία", "NAME_HI": "डोमिनिकन गणराज्य", "NAME_HU": "Dominikai Köztársaság", "NAME_ID": "Republik Dominika", "NAME_IT": "Repubblica Dominicana", "NAME_JA": "ドミニカ共和国", "NAME_KO": "도미니카 공화국", "NAME_NL": "Dominicaanse Republiek", "NAME_PL": "Dominikana", "NAME_PT": "República Dominicana", "NAME_RU": "Доминиканская Республика", "NAME_SV": "Dominikanska republiken", "NAME_TR": "Dominik Cumhuriyeti", "NAME_VI": "Cộng hòa Dominica", "NAME_ZH": "多明尼加", "WB_NAME": "Dominican Republic", "WB_RULES": "None", "WB_REGION": "LCR", "Shape_Leng": 14.448885372599999, "Shape_Area": 4.1537701242300002 }, "geometry": { "type": "Polygon", "coordinates": [ [ [ -71.570050584302166, 20.154350093692841 ], [ -67.925519198516454, 21.894314423526485 ], [ -68.940714678425437, 15.812666597378287 ], [ -71.657422654502341, 15.590206361398383 ], [ -71.570050584302166, 20.154350093692841 ] ] ] } },
{ "type": "Feature", "properties": { "OBJECTID": 197, "featurecla": "Admin-0 country", "LEVEL": 2, "TYPE": "Dependency", "FORMAL_EN": "British Virgin Islands", "FORMAL_FR": null, "POP_EST": 35015, "POP_RANK": 7, "GDP_MD_EST": 500.0, "POP_YEAR": 2017, "LASTCENSUS": -99, "GDP_YEAR": 2010, "ECONOMY": "2. Developed region: nonG7", "INCOME_GRP": "1. High income: OECD", "FIPS_10_": "VI", "ISO_A2": "VG", "ISO_A3": "VGB", "ISO_A3_EH": "VGB", "ISO_N3": "092", "UN_A3": "092", "WB_A2": "-99", "WB_A3": "VGB", "CONTINENT": "North America", "REGION_UN": "Americas", "SUBREGION": "Caribbean", "REGION_WB": "Latin America & Caribbean", "NAME_AR": "جزر العذراء البريطانية", "NAME_BN": "ব্রিটিশ ভার্জিন দ্বীপপুঞ্জ", "NAME_DE": "Britische Jungferninseln", "NAME_EN": "British Virgin Islands", "NAME_ES": "Islas Vírgenes Británicas", "NAME_FR": "îles Vierges britanniques", "NAME_EL": "Βρετανικές Παρθένοι Νήσοι", "NAME_HI": "ब्रिटिश वर्जिन द्वीपसमूह", "NAME_HU": "Brit Virgin-szigetek", "NAME_ID": "Kepulauan Virgin Britania Raya", "NAME_IT": "Isole Vergini britanniche", "NAME_JA": "イギリス領ヴァージン諸島", "NAME_KO": "영국령 버진아일랜드", "NAME_NL": "Britse Maagdeneilanden", "NAME_PL": "Brytyjskie Wyspy Dziewicze", "NAME_PT": "Ilhas Virgens Britânicas", "NAME_RU": "Британские Виргинские острова", "NAME_SV": "Brittiska Jungfruöarna", "NAME_TR": "Britanya Virjin Adaları", "NAME_VI": "Quần đảo Virgin thuộc Anh", "NAME_ZH": "英屬維爾京群島", "WB_NAME": "British Virgin Islands (UK)", "WB_RULES": "Name in italic", "WB_REGION": "Other", "Shape_Leng": 1.37453894707, "Shape_Area": 0.01240049464 }, "geometry": { "type": "Polygon", "coordinates": [ [ [ -65.862358538480294, 25.386796337113278 ], [ -62.386679247322306, 25.452437165300498 ], [ -63.817624620042757, 18.180220999726323 ], [ -63.838718112538814, 18.115818111805769 ], [ -64.000379462145943, 17.883293819220281 ], [ -65.53963759641023, 18.740514332152859 ], [ -66.347980104464895, 24.292279584396177 ], [ -65.862358538480294, 25.386796337113278 ] ] ] } },
{ "type": "Feature", "properties": { "OBJECTID": 195, "featurecla": "Admin-0 country", "LEVEL": 2, "TYPE": "Dependency", "FORMAL_EN": "Commonwealth of Puerto Rico", "FORMAL_FR": null, "POP_EST": 3351827, "POP_RANK": 12, "GDP_MD_EST": 131000.0, "POP_YEAR": 2017, "LASTCENSUS": 2010, "GDP_YEAR": 2016, "ECONOMY": "6. Developing region", "INCOME_GRP": "2. High income: nonOECD", "FIPS_10_": "RQ", "ISO_A2": "PR", "ISO_A3": "PRI", "ISO_A3_EH": "PRI", "ISO_N3": "630", "UN_A3": "630", "WB_A2": "PR", "WB_A3": "PRI", "CONTINENT": "North America", "REGION_UN": "Americas", "SUBREGION": "Caribbean", "REGION_WB": "Latin America & Caribbean", "NAME_AR": "بورتوريكو", "NAME_BN": "পুয়ের্তো রিকো", "NAME_DE": "Puerto Rico", "NAME_EN": "Puerto Rico", "NAME_ES": "Puerto Rico", "NAME_FR": "Porto Rico", "NAME_EL": "Πουέρτο Ρίκο", "NAME_HI": "प्युर्तो रिको", "NAME_HU": "Puerto Rico", "NAME_ID": "Puerto Riko", "NAME_IT": "Porto Rico", "NAME_JA": "プエルトリコ", "NAME_KO": "푸에르토리코", "NAME_NL": "Puerto Rico", "NAME_PL": "Portoryko", "NAME_PT": "Porto Rico", "NAME_RU": "Пуэрто-Рико", "NAME_SV": "Puerto Rico", "NAME_TR": "Porto Riko", "NAME_VI": "Puerto Rico", "NAME_ZH": "波多黎各", "WB_NAME": "Puerto Rico (US)", "WB_RULES": "Name in italic", "WB_REGION": "Other", "Shape_Leng": 6.0914111581299997, "Shape_Area": 0.76928198933000003 }, "geometry": { "type": "Polygon", "coordinates": [ [ [ -66.347980104464895, 24.292279584396177 ], [ -65.53963759641023, 18.740514332152859 ], [ -66.110308313429442, 14.823114612040596 ], [ -68.505243484893739, 15.545090764986885 ], [ -68.940714678425437, 15.812666597378287 ], [ -67.925519198516454, 21.894314423526485 ], [ -66.347980104464895, 24.292279584396177 ] ] ] } },
{ "type": "Feature", "properties": { "OBJECTID": 6, "featurecla": "Admin-0 country", "LEVEL": 2, "TYPE": "Sovereign country", "FORMAL_EN": "Argentine Republic", "FORMAL_FR": null, "POP_EST": 44293293, "POP_RANK": 15, "GDP_MD_EST": 879400.0, "POP_YEAR": 2017, "LASTCENSUS": 2010, "GDP_YEAR": 2016, "ECONOMY": "5. Emerging region: G20", "INCOME_GRP": "3. Upper middle income", "FIPS_10_": "AR", "ISO_A2": "AR", "ISO_A3": "ARG", "ISO_A3_EH": "ARG", "ISO_N3": "032", "UN_A3": "032", "WB_A2": "AR", "WB_A3": "ARG", "CONTINENT": "South America", "REGION_UN": "Americas", "SUBREGION": "South America", "REGION_WB": "Latin America & Caribbean", "NAME_AR": "الأرجنتين", "NAME_BN": "আর্জেন্টিনা", "NAME_DE": "Argentinien", "NAME_EN": "Argentina", "NAME_ES": "Argentina", "NAME_FR": "Argentine", "NAME_EL": "Αργεντινή", "NAME_HI": "अर्जेण्टीना", "NAME_HU": "Argentína", "NAME_ID": "Argentina", "NAME_IT": "Argentina", "NAME_JA": "アルゼンチン", "NAME_KO": "아르헨티나", "NAME_NL": "Argentinië", "NAME_PL": "Argentyna", "NAME_PT": "Argentina", "NAME_RU": "Аргентина", "NAME_SV": "Argentina", "NAME_TR": "Arjantin", "NAME_VI": "Argentina", "NAME_ZH": "阿根廷", "WB_NAME": "Argentina", "WB_RULES": "None", "WB_REGION": "LCR", "Shape_Leng": 151.51310361200001, "Shape_Area": 278.681072546 }, "geometry": { "type": "Polygon", "coordinates": [ [ [ -65.210662219997928, -44.60170967888979 ], [ -72.351930491350302, -25.851207886958786 ], [ -67.770441177615211, -25.972224713270929 ], [ -61.980529373830301, -29.200362274235573 ], [ -58.318829007131342, -42.155385270769386 ], [ -65.210662219997928, -44.60170967888979 ] ] ] } },
{ "type": "Feature", "properties": { "OBJECTID": 3, "featurecla": "Admin-0 country", "LEVEL": 2, "TYPE": "Sovereign country", "FORMAL_EN": "Republic of Chile", "FORMAL_FR": null, "POP_EST": 17789267, "POP_RANK": 14, "GDP_MD_EST": 436100.0, "POP_YEAR": 2017, "LASTCENSUS": 2002, "GDP_YEAR": 2016, "ECONOMY": "5. Emerging region: G20", "INCOME_GRP": "3. Upper middle income", "FIPS_10_": "CI", "ISO_A2": "CL", "ISO_A3": "CHL", "ISO_A3_EH": "CHL", "ISO_N3": "152", "UN_A3": "152", "WB_A2": "CL", "WB_A3": "CHL", "CONTINENT": "South America", "REGION_UN": "Americas", "SUBREGION": "South America", "REGION_WB": "Latin America & Caribbean", "NAME_AR": "تشيلي", "NAME_BN": "চিলি", "NAME_DE": "Chile", "NAME_EN": "Chile", "NAME_ES": "Chile", "NAME_FR": "Chili", "NAME_EL": "Χιλή", "NAME_HI": "चिली", "NAME_HU": "Chile", "NAME_ID": "Chili", "NAME_IT": "Cile", "NAME_JA": "チリ", "NAME_KO": "칠레", "NAME_NL": "Chili", "NAME_PL": "Chile", "NAME_PT": "Chile", "NAME_RU": "Чили", "NAME_SV": "Chile", "NAME_TR": "Şili", "NAME_VI": "Chile", "NAME_ZH": "智利", "WB_NAME": "Chile", "WB_RULES": "None", "WB_REGION": "LCR", "Shape_Leng": 416.99727160200001, "Shape_Area": 76.761812558299994 }, "geometry": { "type": "Polygon", "coordinates": [ [ [ -109.961293548342312, -74.091500619259619 ], [ -98.778560528762199, -26.179980978776516 ], [ -78.161212850950818, -24.006633843482742 ], [ -72.351930491350302, -25.851207886958786 ], [ -65.210662219997928, -44.60170967888979 ], [ -99.623743856604662, -74.091500619259619 ], [ -109.961293548342312, -74.091500619259619 ] ] ] } },
{ "type": "Feature", "properties": { "OBJECTID": 235, "featurecla": "Admin-0 country", "LEVEL": 2, "TYPE": "Country", "FORMAL_EN": "Kingdom of the Netherlands", "FORMAL_FR": null, "POP_EST": 17084719, "POP_RANK": 14, "GDP_MD_EST": 870800.0, "POP_YEAR": 2017, "LASTCENSUS": 2011, "GDP_YEAR": 2016, "ECONOMY": "2. Developed region: nonG7", "INCOME_GRP": "1. High income: OECD", "FIPS_10_": "NL", "ISO_A2": "NL", "ISO_A3": "NLD", "ISO_A3_EH": "NLD", "ISO_N3": "528", "UN_A3": "528", "WB_A2": null, "WB_A3": "BES", "CONTINENT": "Europe", "REGION_UN": "Europe", "SUBREGION": "Western Europe", "REGION_WB": "Europe & Central Asia", "NAME_AR": "هولندا", "NAME_BN": "নেদারল্যান্ডস", "NAME_DE": "Niederlande", "NAME_EN": "Netherlands", "NAME_ES": "Países Bajos", "NAME_FR": "Pays-Bas", "NAME_EL": "Ολλανδία", "NAME_HI": "नीदरलैण्ड", "NAME_HU": "Hollandia", "NAME_ID": "Belanda", "NAME_IT": "Paesi Bassi", "NAME_JA": "オランダ", "NAME_KO": "네덜란드", "NAME_NL": "Nederland", "NAME_PL": "Holandia", "NAME_PT": "Países Baixos", "NAME_RU": "Нидерланды", "NAME_SV": "Nederländerna", "NAME_TR": "Hollanda", "NAME_VI": "Hà Lan", "NAME_ZH": "荷蘭", "WB_NAME": "Bonaire (Neth.)", "WB_RULES": "Name in italic", "WB_REGION": "Other", "Shape_Leng": 0.87096144812999998, "Shape_Area": 0.02235507651 }, "geometry": { "type": "Polygon", "coordinates": [ [ [ -66.110308313429442, 14.823114612040596 ], [ -65.014473826429906, 14.163056401347744 ], [ -64.962539330053332, 14.093443329701969 ], [ -64.97999348835431, 10.598742209423401 ], [ -68.663061396191267, 9.056155677808029 ], [ -68.598594130325253, 15.068629156548367 ], [ -68.505243484893739, 15.545090764986885 ], [ -66.110308313429442, 14.823114612040596 ] ] ] } },
{ "type": "Feature", "properties": { "OBJECTID": 155, "featurecla": "Admin-0 country", "LEVEL": 2, "TYPE": "Sovereign country", "FORMAL_EN": "Bolivarian Republic of Venezuela", "FORMAL_FR": "República Bolivariana de Venezuela", "POP_EST": 31304016, "POP_RANK": 15, "GDP_MD_EST": 468600.0, "POP_YEAR": 2017, "LASTCENSUS": 2001, "GDP_YEAR": 2016, "ECONOMY": "5. Emerging region: G20", "INCOME_GRP": "3. Upper middle income", "FIPS_10_": "VE", "ISO_A2": "VE", "ISO_A3": "VEN", "ISO_A3_EH": "VEN", "ISO_N3": "862", "UN_A3": "862", "WB_A2": "VE", "WB_A3": "VEN", "CONTINENT": "South America", "REGION_UN": "Americas", "SUBREGION": "South America", "REGION_WB": "Latin America & Caribbean", "NAME_AR": "فنزويلا", "NAME_BN": "ভেনেজুয়েলা", "NAME_DE": "Venezuela", "NAME_EN": "Venezuela", "NAME_ES": "Venezuela", "NAME_FR": "Venezuela", "NAME_EL": "Βενεζουέλα", "NAME_HI": "वेनेज़ुएला", "NAME_HU": "Venezuela", "NAME_ID": "Venezuela", "NAME_IT": "Venezuela", "NAME_JA": "ベネズエラ", "NAME_KO": "베네수엘라", "NAME_NL": "Venezuela", "NAME_PL": "Wenezuela", "NAME_PT": "Venezuela", "NAME_RU": "Венесуэла", "NAME_SV": "Venezuela", "NAME_TR": "Venezuela", "NAME_VI": "Venezuela", "NAME_ZH": "委內瑞拉", "WB_NAME": "Venezuela, Republica Bolivariana de", "WB_RULES": "Always have \"R.B. de\" before \"Venezuela\"", "WB_REGION": "LCR", "Shape_Leng": 88.935407110300005, "Shape_Area": 74.778739910400006 }, "geometry": { "type": "Polygon", "coordinates": [ [ [ -70.738449287161458, 7.908090176779544 ], [ -68.663061396191267, 9.056155677808029 ], [ -64.97999348835431, 10.598742209423401 ], [ -64.873880309935259, 10.503470894422199 ], [ -62.318735572346228, 6.748191327673212 ], [ -65.557086205935875, -3.224784142083615 ], [ -70.738449287161458, 7.908090176779544 ] ] ] } },
{ "type": "Feature", "properties": { "OBJECTID": 23, "featurecla": "Admin-0 country", "LEVEL": 2, "TYPE": "Sovereign country", "FORMAL_EN": "Co-operative Republic of Guyana", "FORMAL_FR": null, "POP_EST": 737718, "POP_RANK": 11, "GDP_MD_EST": 6093.0, "POP_YEAR": 2017, "LASTCENSUS": 2002, "GDP_YEAR": 2016, "ECONOMY": "6. Developing region", "INCOME_GRP": "4. Lower middle income", "FIPS_10_": "GY", "ISO_A2": "GY", "ISO_A3": "GUY", "ISO_A3_EH": "GUY", "ISO_N3": "328", "UN_A3": "328", "WB_A2": "GY", "WB_A3": "GUY", "CONTINENT": "South America", "REGION_UN": "Americas", "SUBREGION": "South America", "REGION_WB": "Latin America & Caribbean", "NAME_AR": "غيانا", "NAME_BN": "গায়ানা", "NAME_DE": "Guyana", "NAME_EN": "Guyana", "NAME_ES": "Guyana", "NAME_FR": "Guyana", "NAME_EL": "Γουιάνα", "NAME_HI": "गयाना", "NAME_HU": "Guyana", "NAME_ID": "Guyana", "NAME_IT": "Guyana", "NAME_JA": "ガイアナ", "NAME_KO": "가이아나", "NAME_NL": "Guyana", "NAME_PL": "Gujana", "NAME_PT": "Guiana", "NAME_RU": "Гайана", "NAME_SV": "Guyana", "NAME_TR": "Guyana", "NAME_VI": "Guyana", "NAME_ZH": "圭亚那", "WB_NAME": "Guyana", "WB_RULES": "None", "WB_REGION": "LCR", "Shape_Leng": 28.736858174399998, "Shape_Area": 17.226460658800001 }, "geometry": { "type": "Polygon", "coordinates": [ [ [ -65.557086205935875, -3.224784142083615 ], [ -62.318735572346228, 6.748191327673212 ], [ -56.443450442734033, 9.106781796426576 ], [ -59.322459327023971, -4.235981025732824 ], [ -63.032176310370744, -5.638382448878158 ], [ -63.709642031417879, -5.458631911807212 ], [ -65.543999481917297, -3.433564001859505 ], [ -65.557086205935875, -3.224784142083615 ] ] ] } },
{ "type": "Feature", "properties": { "OBJECTID": 237, "featurecla": "Admin-0 country", "LEVEL": 2, "TYPE": "Country", "FORMAL_EN": "Kingdom of the Netherlands", "FORMAL_FR": null, "POP_EST": 17084719, "POP_RANK": 14, "GDP_MD_EST": 870800.0, "POP_YEAR": 2017, "LASTCENSUS": 2011, "GDP_YEAR": 2016, "ECONOMY": "2. Developed region: nonG7", "INCOME_GRP": "1. High income: OECD", "FIPS_10_": "NL", "ISO_A2": "NL", "ISO_A3": "NLD", "ISO_A3_EH": "NLD", "ISO_N3": "528", "UN_A3": "528", "WB_A2": null, "WB_A3": "BES", "CONTINENT": "Europe", "REGION_UN": "Europe", "SUBREGION": "Western Europe", "REGION_WB": "Europe & Central Asia", "NAME_AR": "هولندا", "NAME_BN": "নেদারল্যান্ডস", "NAME_DE": "Niederlande", "NAME_EN": "Netherlands", "NAME_ES": "Países Bajos", "NAME_FR": "Pays-Bas", "NAME_EL": "Ολλανδία", "NAME_HI": "नीदरलैण्ड", "NAME_HU": "Hollandia", "NAME_ID": "Belanda", "NAME_IT": "Paesi Bassi", "NAME_JA": "オランダ", "NAME_KO": "네덜란드", "NAME_NL": "Nederland", "NAME_PL": "Holandia", "NAME_PT": "Países Baixos", "NAME_RU": "Нидерланды", "NAME_SV": "Nederländerna", "NAME_TR": "Hollanda", "NAME_VI": "Hà Lan", "NAME_ZH": "荷蘭", "WB_NAME": "Saba (Neth.)", "WB_RULES": "Name in italic", "WB_REGION": "Other", "Shape_Leng": 0.09096832641, "Shape_Area": 0.00060145805 }, "geometry": { "type": "Polygon", "coordinates": [ [ [ -64.67096756306141, 14.895433732447234 ], [ -64.000379462145943, 17.883293819220281 ], [ -63.838718112538814, 18.115818111805769 ], [ -63.053083861082946, 17.794228342690889 ], [ -63.012549578985194, 17.734491995535116 ], [ -63.967195117344978, 15.951632521742772 ], [ -64.67096756306141, 14.895433732447234 ] ] ] } },
{ "type": "Feature", "properties": { "OBJECTID": 192, "featurecla": "Admin-0 country", "LEVEL": 2, "TYPE": "Sovereign country", "FORMAL_EN": "Federation of Saint Kitts and Nevis", "FORMAL_FR": null, "POP_EST": 52715, "POP_RANK": 8, "GDP_MD_EST": 1427.0, "POP_YEAR": 2017, "LASTCENSUS": 2011, "GDP_YEAR": 2016, "ECONOMY": "6. Developing region", "INCOME_GRP": "2. High income: nonOECD", "FIPS_10_": "SC", "ISO_A2": "KN", "ISO_A3": "KNA", "ISO_A3_EH": "KNA", "ISO_N3": "659", "UN_A3": "659", "WB_A2": "KN", "WB_A3": "KNA", "CONTINENT": "North America", "REGION_UN": "Americas", "SUBREGION": "Caribbean", "REGION_WB": "Latin America & Caribbean", "NAME_AR": "سانت كيتس ونيفيس", "NAME_BN": "সেন্ট কিট্‌স ও নেভিস", "NAME_DE": "St. Kitts und Nevis", "NAME_EN": "Saint Kitts and Nevis", "NAME_ES": "San Cristóbal y Nieves", "NAME_FR": "Saint-Christophe-et-Niévès", "NAME_EL": "Άγιος Χριστόφορος και Νέβις", "NAME_HI": "सन्त किट्स और नेविस", "NAME_HU": "Saint Kitts és Nevis", "NAME_ID": "Saint Kitts dan Nevis", "NAME_IT": "Saint Kitts e Nevis", "NAME_JA": "セントクリストファー・ネイビス", "NAME_KO": "세인트키츠 네비스", "NAME_NL": "Saint Kitts en Nevis", "NAME_PL": "Saint Kitts i Nevis", "NAME_PT": "São Cristóvão e Nevis", "NAME_RU": "Сент-Китс и Невис", "NAME_SV": "Saint Kitts och Nevis", "NAME_TR": "Saint Kitts ve Nevis", "NAME_VI": "Saint Kitts và Nevis", "NAME_ZH": "聖克里斯多福與尼維斯", "WB_NAME": "Saint Kitts and Nevis", "WB_RULES": "None", "WB_REGION": "LCR", "Shape_Leng": 0.98134158676000005, "Shape_Area": 0.02244434091 }, "geometry": { "type": "Polygon", "coordinates": [ [ [ -63.967195117344978, 15.951632521742772 ], [ -62.652615557356654, 17.612182490266562 ], [ -62.251305772275977, 17.696976336957754 ], [ -62.243922179902739, 17.194986088044239 ], [ -64.68382428818623, 14.857396326011086 ], [ -64.67096756306141, 14.895433732447234 ], [ -63.967195117344978, 15.951632521742772 ] ] ] } },
{ "type": "Feature", "properties": { "OBJECTID": 193, "featurecla": "Admin-0 country", "LEVEL": 2, "TYPE": "Dependency", "FORMAL_EN": "Virgin Islands of the United States", "FORMAL_FR": null, "POP_EST": 107268, "POP_RANK": 9, "GDP_MD_EST": 3792.0, "POP_YEAR": 2017, "LASTCENSUS": 2010, "GDP_YEAR": 2013, "ECONOMY": "6. Developing region", "INCOME_GRP": "2. High income: nonOECD", "FIPS_10_": "VQ", "ISO_A2": "VI", "ISO_A3": "VIR", "ISO_A3_EH": "VIR", "ISO_N3": "850", "UN_A3": "850", "WB_A2": "VI", "WB_A3": "VIR", "CONTINENT": "North America", "REGION_UN": "Americas", "SUBREGION": "Caribbean", "REGION_WB": "Latin America & Caribbean", "NAME_AR": "جزر العذراء الأمريكية", "NAME_BN": "মার্কিন ভার্জিন দ্বীপপুঞ্জ", "NAME_DE": "Amerikanische Jungferninseln", "NAME_EN": "United States Virgin Islands", "NAME_ES": "Islas Vírgenes de los Estados Unidos", "NAME_FR": "îles Vierges des États-Unis", "NAME_EL": "Αμερικανικές Παρθένοι Νήσοι", "NAME_HI": "संयुक्त राज्य वर्जिन द्वीपसमूह", "NAME_HU": "Amerikai Virgin-szigetek", "NAME_ID": "Kepulauan Virgin Amerika Serikat", "NAME_IT": "Isole Vergini americane", "NAME_JA": "アメリカ領ヴァージン諸島", "NAME_KO": "미국령 버진아일랜드", "NAME_NL": "Amerikaanse Maagdeneilanden", "NAME_PL": "Wyspy Dziewicze Stanów Zjednoczonych", "NAME_PT": "Ilhas Virgens Americanas", "NAME_RU": "Американские Виргинские острова", "NAME_SV": "Amerikanska Jungfruöarna", "NAME_TR": "ABD Virjin Adaları", "NAME_VI": "Quần đảo Virgin thuộc Mỹ", "NAME_ZH": "美屬維爾京群島", "WB_NAME": "U.S. Virgin Islands (US)", "WB_RULES": "Name in italic", "WB_REGION": "Other", "Shape_Leng": 1.7054564721600001, "Shape_Area": 0.03026535979 }, "geometry": { "type": "Polygon", "coordinates": [ [ [ -66.110308313429442, 14.823114612040596 ], [ -65.53963759641023, 18.740514332152859 ], [ -64.000379462145943, 17.883293819220281 ], [ -64.67096756306141, 14.895433732447234 ], [ -64.68382428818623, 14.857396326011086 ], [ -65.014473826429906, 14.163056401347744 ], [ -66.110308313429442, 14.823114612040596 ] ] ] } },
{ "type": "Feature", "properties": { "OBJECTID": 4, "featurecla": "Admin-0 country", "LEVEL": 2, "TYPE": "Sovereign country", "FORMAL_EN": "Plurinational State of Bolivia", "FORMAL_FR": null, "POP_EST": 11138234, "POP_RANK": 14, "GDP_MD_EST": 78350.0, "POP_YEAR": 2017, "LASTCENSUS": 2001, "GDP_YEAR": 2016, "ECONOMY": "5. Emerging region: G20", "INCOME_GRP": "4. Lower middle income", "FIPS_10_": "BL", "ISO_A2": "BO", "ISO_A3": "BOL", "ISO_A3_EH": "BOL", "ISO_N3": "068", "UN_A3": "068", "WB_A2": "BO", "WB_A3": "BOL", "CONTINENT": "South America", "REGION_UN": "Americas", "SUBREGION": "South America", "REGION_WB": "Latin America & Caribbean", "NAME_AR": "بوليفيا", "NAME_BN": "বলিভিয়া", "NAME_DE": "Bolivien", "NAME_EN": "Bolivia", "NAME_ES": "Bolivia", "NAME_FR": "Bolivie", "NAME_EL": "Βολιβία", "NAME_HI": "बोलिविया", "NAME_HU": "Bolívia", "NAME_ID": "Bolivia", "NAME_IT": "Bolivia", "NAME_JA": "ボリビア", "NAME_KO": "볼리비아", "NAME_NL": "Bolivia", "NAME_PL": "Boliwia", "NAME_PT": "Bolívia", "NAME_RU": "Боливия", "NAME_SV": "Bolivia", "NAME_TR": "Bolivya", "NAME_VI": "Bolivia", "NAME_ZH": "玻利維亞", "WB_NAME": "Bolivia", "WB_RULES": "None", "WB_REGION": "LCR", "Shape_Leng": 54.345990743900003, "Shape_Area": 92.203587419300007 }, "geometry": { "type": "Polygon", "coordinates": [ [ [ -78.161212850950818, -24.006633843482742 ], [ -63.709642031417879, -5.458631911807212 ], [ -63.032176310370744, -5.638382448878158 ], [ -57.633344033180158, -16.199391427989028 ], [ -67.770441177615211, -25.972224713270929 ], [ -72.351930491350302, -25.851207886958786 ], [ -78.161212850950818, -24.006633843482742 ] ] ] } },
{ "type": "Feature", "properties": { "OBJECTID": 206, "featurecla": "Admin-0 country", "LEVEL": 2, "TYPE": "Sovereign country", "FORMAL_EN": "Republic of Cabo Verde", "FORMAL_FR": null, "POP_EST": 560899, "POP_RANK": 11, "GDP_MD_EST": 3583.0, "POP_YEAR": 2017, "LASTCENSUS": 2010, "GDP_YEAR": 2016, "ECONOMY": "6. Developing region", "INCOME_GRP": "4. Lower middle income", "FIPS_10_": "CV", "ISO_A2": "CV", "ISO_A3": "CPV", "ISO_A3_EH": "CPV", "ISO_N3": "132", "UN_A3": "132", "WB_A2": "CV", "WB_A3": "CPV", "CONTINENT": "Africa", "REGION_UN": "Africa", "SUBREGION": "Western Africa", "REGION_WB": "Sub-Saharan Africa", "NAME_AR": "الرأس الأخضر", "NAME_BN": "কেপ ভার্দ", "NAME_DE": "Kap Verde", "NAME_EN": "Cape Verde", "NAME_ES": "Cabo Verde", "NAME_FR": "Cap-Vert", "NAME_EL": "Πράσινο Ακρωτήριο", "NAME_HI": "केप वर्दे", "NAME_HU": "Zöld-foki Köztársaság", "NAME_ID": "Tanjung Verde", "NAME_IT": "Capo Verde", "NAME_JA": "カーボベルデ", "NAME_KO": "카보베르데", "NAME_NL": "Kaapverdië", "NAME_PL": "Republika Zielonego Przylądka", "NAME_PT": "Cabo Verde", "NAME_RU": "Кабо-Верде", "NAME_SV": "Kap Verde", "NAME_TR": "Yeşil Burun Adaları", "NAME_VI": "Cabo Verde", "NAME_ZH": "佛得角", "WB_NAME": "Cabo Verde", "WB_RULES": "None", "WB_REGION": "AFR", "Shape_Leng": 7.4077867894600002, "Shape_Area": 0.3277834683 }, "geometry": { "type": "Polygon", "coordinates": [ [ [ -42.44076988662659, 28.918320255352761 ], [ -42.363638761195936, 29.110494525839659 ], [ -33.146603502732987, 38.727877027834765 ], [ -21.910549047459629, 31.422898640999552 ], [ -21.093218688221416, 30.514780566180821 ], [ -18.192689475062849, 21.367641911663696 ], [ -18.783242727749027, 17.792005984340051 ], [ -20.72376100275218, 11.103819853249478 ], [ -26.191685513032258, -1.470341765096686 ], [ -29.391297907234048, -6.752602991414989 ], [ -41.84913570593465, 15.655541234246639 ], [ -42.577911166963567, 25.07086031887437 ], [ -42.44076988662659, 28.918320255352761 ] ] ] } },
{ "type": "Feature", "properties": { "OBJECTID": 191, "featurecla": "Admin-0 country", "LEVEL": 2, "TYPE": "Sovereign country", "FORMAL_EN": "Antigua and Barbuda", "FORMAL_FR": null, "POP_EST": 94731, "POP_RANK": 8, "GDP_MD_EST": 2171.0, "POP_YEAR": 2017, "LASTCENSUS": 2011, "GDP_YEAR": 2016, "ECONOMY": "6. Developing region", "INCOME_GRP": "3. Upper middle income", "FIPS_10_": "AC", "ISO_A2": "AG", "ISO_A3": "ATG", "ISO_A3_EH": "ATG", "ISO_N3": "028", "UN_A3": "028", "WB_A2": "AG", "WB_A3": "ATG", "CONTINENT": "North America", "REGION_UN": "Americas", "SUBREGION": "Caribbean", "REGION_WB": "Latin America & Caribbean", "NAME_AR": "أنتيغوا وباربودا", "NAME_BN": "অ্যান্টিগুয়া ও বার্বুডা", "NAME_DE": "Antigua und Barbuda", "NAME_EN": "Antigua and Barbuda", "NAME_ES": "Antigua y Barbuda", "NAME_FR": "Antigua-et-Barbuda", "NAME_EL": "Αντίγκουα και Μπαρμπούντα", "NAME_HI": "अण्टीगुआ और बारबूडा", "NAME_HU": "Antigua és Barbuda", "NAME_ID": "Antigua dan Barbuda", "NAME_IT": "Antigua e Barbuda", "NAME_JA": "アンティグア・バーブーダ", "NAME_KO": "앤티가 바부다", "NAME_NL": "Antigua en Barbuda", "NAME_PL": "Antigua i Barbuda", "NAME_PT": "Antígua e Barbuda", "NAME_RU": "Антигуа и Барбуда", "NAME_SV": "Antigua och Barbuda", "NAME_TR": "Antigua ve Barbuda", "NAME_VI": "Antigua và Barbuda", "NAME_ZH": "安提瓜和巴布达", "WB_NAME": "Antigua and Barbuda", "WB_RULES": "None", "WB_REGION": "LCR", "Shape_Leng": 1.6399746122900001, "Shape_Area": 0.03836839476 }, "geometry": { "type": "Polygon", "coordinates": [ [ [ -42.577911166963567, 25.07086031887437 ], [ -56.333306489989468, 17.59360684015407 ], [ -61.2091874800428, 16.446326167584743 ], [ -62.243922179902739, 17.194986088044239 ], [ -62.251305772275977, 17.696976336957754 ], [ -61.36577113915024, 19.180774263434436 ], [ -56.144192806866812, 26.208089343396278 ], [ -42.44076988662659, 28.918320255352761 ], [ -42.577911166963567, 25.07086031887437 ] ] ] } },
{ "type": "Feature", "properties": { "OBJECTID": 176, "featurecla": "Admin-0 country", "LEVEL": 2, "TYPE": "Dependency", "FORMAL_EN": "Saint Pierre and Miquelon", "FORMAL_FR": null, "POP_EST": 5533, "POP_RANK": 5, "GDP_MD_EST": 215.3, "POP_YEAR": 2017, "LASTCENSUS": -99, "GDP_YEAR": 2016, "ECONOMY": "2. Developed region: nonG7", "INCOME_GRP": "3. Upper middle income", "FIPS_10_": "SB", "ISO_A2": "PM", "ISO_A3": "SPM", "ISO_A3_EH": "SPM", "ISO_N3": "666", "UN_A3": "666", "WB_A2": "-99", "WB_A3": "SPM", "CONTINENT": "North America", "REGION_UN": "Americas", "SUBREGION": "Northern America", "REGION_WB": "North America", "NAME_AR": "سان بيير وميكلون", "NAME_BN": "সাঁ পিয়ের ও মিক‌লোঁ", "NAME_DE": "Saint-Pierre und Miquelon", "NAME_EN": "Saint Pierre and Miquelon", "NAME_ES": "San Pedro y Miquelón", "NAME_FR": "Saint-Pierre-et-Miquelon", "NAME_EL": "Σαιν Πιερ και Μικελόν", "NAME_HI": "साँ-प्येर और मीकेलों", "NAME_HU": "Saint-Pierre és Miquelon", "NAME_ID": "Saint Pierre dan Miquelon", "NAME_IT": "Saint-Pierre e Miquelon", "NAME_JA": "サンピエール島・ミクロン島", "NAME_KO": "생피에르 미클롱", "NAME_NL": "Saint-Pierre en Miquelon", "NAME_PL": "Saint-Pierre i Miquelon", "NAME_PT": "Saint-Pierre e Miquelon", "NAME_RU": "Сен-Пьер и Микелон", "NAME_SV": "Saint-Pierre och Miquelon", "NAME_TR": "Saint Pierre ve Miquelon", "NAME_VI": "Saint-Pierre và Miquelon", "NAME_ZH": "圣皮埃尔和密克隆群岛", "WB_NAME": "Saint-Pierre-et-Miquelon (Fr.)", "WB_RULES": "Name in italic", "WB_REGION": "Other", "Shape_Leng": 1.4406387889300001, "Shape_Area": 0.02867436993 }, "geometry": { "type": "Polygon", "coordinates": [ [ [ -70.913428668882744, 72.717985948638514 ], [ -36.644036242087765, 54.277728123312151 ], [ -32.185652346849587, 44.972156027190429 ], [ -33.146603502732987, 38.727877027834765 ], [ -42.363638761195936, 29.110494525839659 ], [ -78.68889709308344, 50.119244889740585 ], [ -70.913428668882744, 72.717985948638514 ] ] ] } },
{ "type": "Feature", "properties": { "OBJECTID": 194, "featurecla": "Admin-0 country", "LEVEL": 2, "TYPE": "Dependency", "FORMAL_EN": "Saint-Barthélemy", "FORMAL_FR": null, "POP_EST": 7184, "POP_RANK": 5, "GDP_MD_EST": 255.0, "POP_YEAR": 2017, "LASTCENSUS": -99, "GDP_YEAR": 2016, "ECONOMY": "2. Developed region: nonG7", "INCOME_GRP": "1. High income: OECD", "FIPS_10_": "TB", "ISO_A2": "BL", "ISO_A3": "BLM", "ISO_A3_EH": "BLM", "ISO_N3": "652", "UN_A3": "652", "WB_A2": "-99", "WB_A3": "BLM", "CONTINENT": "North America", "REGION_UN": "Americas", "SUBREGION": "Caribbean", "REGION_WB": "Latin America & Caribbean", "NAME_AR": "سان بارتيلمي", "NAME_BN": "সেন্ট-বার্থেলেমি", "NAME_DE": "Saint-Barthélemy", "NAME_EN": "Saint-Barthélemy", "NAME_ES": "San Bartolomé", "NAME_FR": "Saint-Barthélemy", "NAME_EL": "Άγιος Βαρθολομαίος", "NAME_HI": "सेंट बार्थेलेमी", "NAME_HU": "Saint-Barthélemy", "NAME_ID": "Saint-Barthélemy", "NAME_IT": "Saint-Barthélemy", "NAME_JA": "サン・バルテルミー島", "NAME_KO": "생바르텔레미", "NAME_NL": "Saint-Barthélemy", "NAME_PL": "Saint-Barthélemy", "NAME_PT": "Coletividade de São Bartolomeu", "NAME_RU": "Сен-Бартелеми", "NAME_SV": "Saint-Barthélemy", "NAME_TR": "Saint Barthélemy", "NAME_VI": "Saint-Barthélemy", "NAME_ZH": "聖巴泰勒米島", "WB_NAME": "Saint-Barthélemy (Fr.)", "WB_RULES": "Name in italic", "WB_REGION": "Other", "Shape_Leng": 0.19524892019000001, "Shape_Area": 0.00208240998 }, "geometry": { "type": "Polygon", "coordinates": [ [ [ -63.053083861082946, 17.794228342690889 ], [ -62.932572409937627, 18.006178740759982 ], [ -62.815655447169711, 18.157358036379243 ], [ -61.36577113915024, 19.180774263434436 ], [ -62.251305772275977, 17.696976336957754 ], [ -62.652615557356654, 17.612182490266562 ], [ -63.012549578985194, 17.734491995535116 ], [ -63.053083861082946, 17.794228342690889 ] ] ] } },
{ "type": "Feature", "properties": { "OBJECTID": 236, "featurecla": "Admin-0 country", "LEVEL": 2, "TYPE": "Country", "FORMAL_EN": "Kingdom of the Netherlands", "FORMAL_FR": null, "POP_EST": 17084719, "POP_RANK": 14, "GDP_MD_EST": 870800.0, "POP_YEAR": 2017, "LASTCENSUS": 2011, "GDP_YEAR": 2016, "ECONOMY": "2. Developed region: nonG7", "INCOME_GRP": "1. High income: OECD", "FIPS_10_": "NL", "ISO_A2": "NL", "ISO_A3": "NLD", "ISO_A3_EH": "NLD", "ISO_N3": "528", "UN_A3": "528", "WB_A2": null, "WB_A3": "BES", "CONTINENT": "Europe", "REGION_UN": "Europe", "SUBREGION": "Western Europe", "REGION_WB": "Europe & Central Asia", "NAME_AR": "هولندا", "NAME_BN": "নেদারল্যান্ডস", "NAME_DE": "Niederlande", "NAME_EN": "Netherlands", "NAME_ES": "Países Bajos", "NAME_FR": "Pays-Bas", "NAME_EL": "Ολλανδία", "NAME_HI": "नीदरलैण्ड", "NAME_HU": "Hollandia", "NAME_ID": "Belanda", "NAME_IT": "Paesi Bassi", "NAME_JA": "オランダ", "NAME_KO": "네덜란드", "NAME_NL": "Nederland", "NAME_PL": "Holandia", "NAME_PT": "Países Baixos", "NAME_RU": "Нидерланды", "NAME_SV": "Nederländerna", "NAME_TR": "Hollanda", "NAME_VI": "Hà Lan", "NAME_ZH": "荷蘭", "WB_NAME": "Sint Eustatius (Neth.)", "WB_RULES": "Name in italic", "WB_REGION": "Other", "Shape_Leng": 0.17817753144000001, "Shape_Area": 0.00161939337 }, "geometry": { "type": "Polygon", "coordinates": [ [ [ -63.012549578985194, 17.734491995535116 ], [ -62.652615557356654, 17.612182490266562 ], [ -63.967195117344978, 15.951632521742772 ], [ -63.012549578985194, 17.734491995535116 ] ] ] } },
{ "type": "Feature", "properties": { "OBJECTID": 36, "featurecla": "Admin-0 country", "LEVEL": 2, "TYPE": "Dependency", "FORMAL_EN": "Saint-Martin (French part)", "FORMAL_FR": null, "POP_EST": 32125, "POP_RANK": 7, "GDP_MD_EST": 561.5, "POP_YEAR": 2017, "LASTCENSUS": -99, "GDP_YEAR": 2016, "ECONOMY": "6. Developing region", "INCOME_GRP": "2. High income: nonOECD", "FIPS_10_": "RN", "ISO_A2": "MF", "ISO_A3": "MAF", "ISO_A3_EH": "MAF", "ISO_N3": "663", "UN_A3": "663", "WB_A2": "MF", "WB_A3": "MAF", "CONTINENT": "North America", "REGION_UN": "Americas", "SUBREGION": "Caribbean", "REGION_WB": "Latin America & Caribbean", "NAME_AR": "تجمع سان مارتين", "NAME_BN": null, "NAME_DE": "Saint-Martin", "NAME_EN": "Saint Martin", "NAME_ES": "San Martín", "NAME_FR": "Saint-Martin", "NAME_EL": "Άγιος Μαρτίνος", "NAME_HI": null, "NAME_HU": "Saint-Martin", "NAME_ID": "Saint Martin", "NAME_IT": "Saint-Martin", "NAME_JA": "サン・マルタン", "NAME_KO": "생마르탱", "NAME_NL": "Sint-Maarten", "NAME_PL": "Saint-Martin", "NAME_PT": "São Martinho", "NAME_RU": "Сен-Мартен", "NAME_SV": "Saint Martin", "NAME_TR": "Saint Martin", "NAME_VI": "Saint-Martin", "NAME_ZH": "法屬聖馬丁", "WB_NAME": "Saint-Martin (Fr.)", "WB_RULES": "Name in italic", "WB_REGION": "Other", "Shape_Leng": 0.38723831247000001, "Shape_Area": 0.00582776265 }, "geometry": { "type": "Polygon", "coordinates": [ [ [ -63.277056878134118, 18.146449895572431 ], [ -62.815655447169711, 18.157358036379243 ], [ -62.932572409937627, 18.006178740759982 ], [ -63.277056878134118, 18.146449895572431 ] ] ] } },
{ "type": "Feature", "properties": { "OBJECTID": 37, "featurecla": "Admin-0 country", "LEVEL": 2, "TYPE": "Country", "FORMAL_EN": "Sint Maarten (Dutch part)", "FORMAL_FR": null, "POP_EST": 42083, "POP_RANK": 7, "GDP_MD_EST": 365.8, "POP_YEAR": 2017, "LASTCENSUS": -99, "GDP_YEAR": 2014, "ECONOMY": "6. Developing region", "INCOME_GRP": "2. High income: nonOECD", "FIPS_10_": "NT", "ISO_A2": "SX", "ISO_A3": "SXM", "ISO_A3_EH": "SXM", "ISO_N3": "534", "UN_A3": "534", "WB_A2": "SX", "WB_A3": "SXM", "CONTINENT": "North America", "REGION_UN": "Americas", "SUBREGION": "Caribbean", "REGION_WB": "Latin America & Caribbean", "NAME_AR": "سينت مارتن", "NAME_BN": "সিন্ট মার্টেন", "NAME_DE": "Sint Maarten", "NAME_EN": "Sint Maarten", "NAME_ES": "Sint Maarten", "NAME_FR": "Saint-Martin", "NAME_EL": "Άγιος Μαρτίνος", "NAME_HI": "सिंट मार्टेन", "NAME_HU": "Sint Maarten", "NAME_ID": "Sint Maarten", "NAME_IT": "Sint Maarten", "NAME_JA": "シント・マールテン", "NAME_KO": "신트마르턴", "NAME_NL": "Sint Maarten", "NAME_PL": "Sint Maarten", "NAME_PT": "São Martinho", "NAME_RU": "Синт-Мартен", "NAME_SV": "Sint Maarten", "NAME_TR": "Sint Maarten", "NAME_VI": "Sint Maarten", "NAME_ZH": "荷屬聖馬丁", "WB_NAME": "Sint Maarten (Neth.)", "WB_RULES": "Name in italic", "WB_REGION": "Other", "Shape_Leng": 0.22658555181000001, "Shape_Area": 0.00199319295 }, "geometry": { "type": "Polygon", "coordinates": [ [ [ -62.932572409937627, 18.006178740759982 ], [ -63.053083861082946, 17.794228342690889 ], [ -63.838718112538814, 18.115818111805769 ], [ -63.817624620042757, 18.180220999726323 ], [ -63.277056878134118, 18.146449895572431 ], [ -62.932572409937627, 18.006178740759982 ] ] ] } },
{ "type": "Feature", "properties": { "OBJECTID": 190, "featurecla": "Admin-0 country", "LEVEL": 2, "TYPE": "Dependency", "FORMAL_EN": null, "FORMAL_FR": null, "POP_EST": 5292, "POP_RANK": 5, "GDP_MD_EST": 43.8, "POP_YEAR": 2017, "LASTCENSUS": -99, "GDP_YEAR": 2006, "ECONOMY": "6. Developing region", "INCOME_GRP": "4. Lower middle income", "FIPS_10_": "MH", "ISO_A2": "MS", "ISO_A3": "MSR", "ISO_A3_EH": "MSR", "ISO_N3": "500", "UN_A3": "500", "WB_A2": "-99", "WB_A3": "MSR", "CONTINENT": "North America", "REGION_UN": "Americas", "SUBREGION": "Caribbean", "REGION_WB": "Latin America & Caribbean", "NAME_AR": "مونتسرات", "NAME_BN": "মন্টসেরাট", "NAME_DE": "Montserrat", "NAME_EN": "Montserrat", "NAME_ES": "Montserrat", "NAME_FR": "Montserrat", "NAME_EL": "Μοντσερράτ", "NAME_HI": "मॉण्टसेराट", "NAME_HU": "Montserrat", "NAME_ID": "Montserrat", "NAME_IT": "Montserrat", "NAME_JA": "モントセラト", "NAME_KO": "몬트세랫", "NAME_NL": "Montserrat", "NAME_PL": "Montserrat", "NAME_PT": "Montserrat", "NAME_RU": "Монтсеррат", "NAME_SV": "Montserrat", "NAME_TR": "Montserrat", "NAME_VI": "Montserrat", "NAME_ZH": "蒙塞拉特島", "WB_NAME": "Montserrat (UK)", "WB_RULES": "Name in italic", "WB_REGION": "Other", "Shape_Leng": 0.38494712229, "Shape_Area": 0.0084399613 }, "geometry": { "type": "Polygon", "coordinates": [ [ [ -64.68382428818623, 14.857396326011086 ], [ -62.243922179902739, 17.194986088044239 ], [ -61.2091874800428, 16.446326167584743 ], [ -64.880474337025831, 14.102944158989567 ], [ -64.962539330053332, 14.093443329701969 ], [ -65.014473826429906, 14.163056401347744 ], [ -64.68382428818623, 14.857396326011086 ] ] ] } },
{ "type": "Feature", "properties": { "OBJECTID": 196, "featurecla": "Admin-0 country", "LEVEL": 2, "TYPE": "Dependency", "FORMAL_EN": null, "FORMAL_FR": null, "POP_EST": 17087, "POP_RANK": 6, "GDP_MD_EST": 175.4, "POP_YEAR": 2017, "LASTCENSUS": -99, "GDP_YEAR": 2009, "ECONOMY": "6. Developing region", "INCOME_GRP": "3. Upper middle income", "FIPS_10_": "AV", "ISO_A2": "AI", "ISO_A3": "AIA", "ISO_A3_EH": "AIA", "ISO_N3": "660", "UN_A3": "660", "WB_A2": "-99", "WB_A3": "AIA", "CONTINENT": "North America", "REGION_UN": "Americas", "SUBREGION": "Caribbean", "REGION_WB": "Latin America & Caribbean", "NAME_AR": "أنغويلا", "NAME_BN": "এ্যাঙ্গুইলা", "NAME_DE": "Anguilla", "NAME_EN": "Anguilla", "NAME_ES": "Anguila", "NAME_FR": "Anguilla", "NAME_EL": "Ανγκουίλα", "NAME_HI": "अंगुइला", "NAME_HU": "Anguilla", "NAME_ID": "Anguilla", "NAME_IT": "Anguilla", "NAME_JA": "アンギラ", "NAME_KO": "앵귈라", "NAME_NL": "Anguilla", "NAME_PL": "Anguilla", "NAME_PT": "Anguilla", "NAME_RU": "Ангилья", "NAME_SV": "Anguilla", "NAME_TR": "Anguilla", "NAME_VI": "Anguilla", "NAME_ZH": "安圭拉", "WB_NAME": "Anguilla (UK)", "WB_RULES": "Name in italic", "WB_REGION": "Other", "Shape_Leng": 0.50612351662, "Shape_Area": 0.00689130851 }, "geometry": { "type": "Polygon", "coordinates": [ [ [ -62.386679247322306, 25.452437165300498 ], [ -56.144192806866812, 26.208089343396278 ], [ -61.36577113915024, 19.180774263434436 ], [ -62.815655447169711, 18.157358036379243 ], [ -63.277056878134118, 18.146449895572431 ], [ -63.817624620042757, 18.180220999726323 ], [ -62.386679247322306, 25.452437165300498 ] ] ] } },
{ "type": "Feature", "properties": { "OBJECTID": 185, "featurecla": "Admin-0 country", "LEVEL": 2, "TYPE": "Sovereign country", "FORMAL_EN": "Grenada", "FORMAL_FR": null, "POP_EST": 111724, "POP_RANK": 9, "GDP_MD_EST": 1511.0, "POP_YEAR": 2017, "LASTCENSUS": 2011, "GDP_YEAR": 2016, "ECONOMY": "6. Developing region", "INCOME_GRP": "3. Upper middle income", "FIPS_10_": "GJ", "ISO_A2": "GD", "ISO_A3": "GRD", "ISO_A3_EH": "GRD", "ISO_N3": "308", "UN_A3": "308", "WB_A2": "GD", "WB_A3": "GRD", "CONTINENT": "North America", "REGION_UN": "Americas", "SUBREGION": "Caribbean", "REGION_WB": "Latin America & Caribbean", "NAME_AR": "غرينادا", "NAME_BN": "গ্রেনাডা", "NAME_DE": "Grenada", "NAME_EN": "Grenada", "NAME_ES": "Granada", "NAME_FR": "Grenade", "NAME_EL": "Γρενάδα", "NAME_HI": "ग्रेनाडा", "NAME_HU": "Grenada", "NAME_ID": "Grenada", "NAME_IT": "Grenada", "NAME_JA": "グレナダ", "NAME_KO": "그레나다", "NAME_NL": "Grenada", "NAME_PL": "Grenada", "NAME_PT": "Granada", "NAME_RU": "Гренада", "NAME_SV": "Grenada", "NAME_TR": "Grenada", "NAME_VI": "Grenada", "NAME_ZH": "格林纳达", "WB_NAME": "Grenada", "WB_RULES": "None", "WB_REGION": "LCR", "Shape_Leng": 1.0376923929599999, "Shape_Area": 0.0288414599 }, "geometry": { "type": "Polygon", "coordinates": [ [ [ -64.962539330053332, 14.093443329701969 ], [ -64.880474337025831, 14.102944158989567 ], [ -64.720712049899248, 14.088356856050273 ], [ -60.402670765562334, 12.246605163201616 ], [ -60.101134828428677, 11.631766869400176 ], [ -64.873880309935259, 10.503470894422199 ], [ -64.97999348835431, 10.598742209423401 ], [ -64.962539330053332, 14.093443329701969 ] ] ] } },
{ "type": "Feature", "properties": { "OBJECTID": 184, "featurecla": "Admin-0 country", "LEVEL": 2, "TYPE": "Sovereign country", "FORMAL_EN": "Republic of Trinidad and Tobago", "FORMAL_FR": null, "POP_EST": 1218208, "POP_RANK": 12, "GDP_MD_EST": 43570.0, "POP_YEAR": 2017, "LASTCENSUS": 2011, "GDP_YEAR": 2016, "ECONOMY": "6. Developing region", "INCOME_GRP": "2. High income: nonOECD", "FIPS_10_": "TD", "ISO_A2": "TT", "ISO_A3": "TTO", "ISO_A3_EH": "TTO", "ISO_N3": "780", "UN_A3": "780", "WB_A2": "TT", "WB_A3": "TTO", "CONTINENT": "North America", "REGION_UN": "Americas", "SUBREGION": "Caribbean", "REGION_WB": "Latin America & Caribbean", "NAME_AR": "ترينيداد وتوباغو", "NAME_BN": "ত্রিনিদাদ ও টোবাগো", "NAME_DE": "Trinidad und Tobago", "NAME_EN": "Trinidad and Tobago", "NAME_ES": "Trinidad y Tobago", "NAME_FR": "Trinité-et-Tobago", "NAME_EL": "Τρινιντάντ και Τομπάγκο", "NAME_HI": "त्रिनिदाद और टोबैगो", "NAME_HU": "Trinidad és Tobago", "NAME_ID": "Trinidad dan Tobago", "NAME_IT": "Trinidad e Tobago", "NAME_JA": "トリニダード・トバゴ", "NAME_KO": "트리니다드 토바고", "NAME_NL": "Trinidad en Tobago", "NAME_PL": "Trynidad i Tobago", "NAME_PT": "Trinidad e Tobago", "NAME_RU": "Тринидад и Тобаго", "NAME_SV": "Trinidad och Tobago", "NAME_TR": "Trinidad ve Tobago", "NAME_VI": "Trinidad và Tobago", "NAME_ZH": "千里達及托巴哥", "WB_NAME": "Trinidad and Tobago", "WB_RULES": "None", "WB_REGION": "LCR", "Shape_Leng": 4.6625381508299997, "Shape_Area": 0.42305392296 }, "geometry": { "type": "Polygon", "coordinates": [ [ [ -64.873880309935259, 10.503470894422199 ], [ -60.101134828428677, 11.631766869400176 ], [ -56.282779159438142, 9.242349237178512 ], [ -56.443450442734033, 9.106781796426576 ], [ -62.318735572346228, 6.748191327673212 ], [ -64.873880309935259, 10.503470894422199 ] ] ] } },
{ "type": "Feature", "properties": { "OBJECTID": 189, "featurecla": "Admin-0 country", "LEVEL": 2, "TYPE": "Sovereign country", "FORMAL_EN": "Commonwealth of Dominica", "FORMAL_FR": null, "POP_EST": 73897, "POP_RANK": 8, "GDP_MD_EST": 812.0, "POP_YEAR": 2017, "LASTCENSUS": 2011, "GDP_YEAR": 2016, "ECONOMY": "6. Developing region", "INCOME_GRP": "3. Upper middle income", "FIPS_10_": "DO", "ISO_A2": "DM", "ISO_A3": "DMA", "ISO_A3_EH": "DMA", "ISO_N3": "212", "UN_A3": "212", "WB_A2": "DM", "WB_A3": "DMA", "CONTINENT": "North America", "REGION_UN": "Americas", "SUBREGION": "Caribbean", "REGION_WB": "Latin America & Caribbean", "NAME_AR": "دومينيكا", "NAME_BN": "ডোমিনিকা", "NAME_DE": "Dominica", "NAME_EN": "Dominica", "NAME_ES": "Dominica", "NAME_FR": "Dominique", "NAME_EL": "Δομινίκα", "NAME_HI": "डोमिनिका", "NAME_HU": "Dominikai Közösség", "NAME_ID": "Dominika", "NAME_IT": "Dominica", "NAME_JA": "ドミニカ国", "NAME_KO": "도미니카 연방", "NAME_NL": "Dominica", "NAME_PL": "Dominika", "NAME_PT": "Dominica", "NAME_RU": "Доминика", "NAME_SV": "Dominica", "NAME_TR": "Dominika", "NAME_VI": "Dominica", "NAME_ZH": "多米尼克", "WB_NAME": "Dominica", "WB_RULES": "None", "WB_REGION": "LCR", "Shape_Leng": 1.16552173821, "Shape_Area": 0.06149331893 }, "geometry": { "type": "Polygon", "coordinates": [ [ [ -59.469592346834212, 15.096550292533294 ], [ -62.996206421785715, 14.207634224710228 ], [ -64.720712049899248, 14.088356856050273 ], [ -64.880474337025831, 14.102944158989567 ], [ -61.2091874800428, 16.446326167584743 ], [ -56.333306489989468, 17.59360684015407 ], [ -59.469592346834212, 15.096550292533294 ] ] ] } },
{ "type": "Feature", "properties": { "OBJECTID": 187, "featurecla": "Admin-0 country", "LEVEL": 2, "TYPE": "Sovereign country", "FORMAL_EN": "Barbados", "FORMAL_FR": null, "POP_EST": 292336, "POP_RANK": 10, "GDP_MD_EST": 4804.0, "POP_YEAR": 2017, "LASTCENSUS": 2010, "GDP_YEAR": 2016, "ECONOMY": "6. Developing region", "INCOME_GRP": "2. High income: nonOECD", "FIPS_10_": "BB", "ISO_A2": "BB", "ISO_A3": "BRB", "ISO_A3_EH": "BRB", "ISO_N3": "052", "UN_A3": "052", "WB_A2": "BB", "WB_A3": "BRB", "CONTINENT": "North America", "REGION_UN": "Americas", "SUBREGION": "Caribbean", "REGION_WB": "Latin America & Caribbean", "NAME_AR": "باربادوس", "NAME_BN": "বার্বাডোস", "NAME_DE": "Barbados", "NAME_EN": "Barbados", "NAME_ES": "Barbados", "NAME_FR": "Barbade", "NAME_EL": "Μπαρμπάντος", "NAME_HI": "बारबाडोस", "NAME_HU": "Barbados", "NAME_ID": "Barbados", "NAME_IT": "Barbados", "NAME_JA": "バルバドス", "NAME_KO": "바베이도스", "NAME_NL": "Barbados", "NAME_PL": "Barbados", "NAME_PT": "Barbados", "NAME_RU": "Барбадос", "NAME_SV": "Barbados", "NAME_TR": "Barbados", "NAME_VI": "Barbados", "NAME_ZH": "巴巴多斯", "WB_NAME": "Barbados", "WB_RULES": "None", "WB_REGION": "LCR", "Shape_Leng": 0.81765067496, "Shape_Area": 0.0370397767 }, "geometry": { "type": "Polygon", "coordinates": [ [ [ -56.333306489989468, 17.59360684015407 ], [ -42.577911166963567, 25.07086031887437 ], [ -41.84913570593465, 15.655541234246639 ], [ -44.35390756004179, 14.05373567724596 ], [ -56.282779159438142, 9.242349237178512 ], [ -60.101134828428677, 11.631766869400176 ], [ -60.402670765562334, 12.246605163201616 ], [ -60.379699934404478, 13.319385963860094 ], [ -59.469592346834212, 15.096550292533294 ], [ -56.333306489989468, 17.59360684015407 ] ] ] } },
{ "type": "Feature", "properties": { "OBJECTID": 135, "featurecla": "Admin-0 country", "LEVEL": 2, "TYPE": "Sovereign country", "FORMAL_EN": "Republic of Paraguay", "FORMAL_FR": null, "POP_EST": 6943739, "POP_RANK": 13, "GDP_MD_EST": 64670.0, "POP_YEAR": 2017, "LASTCENSUS": 2002, "GDP_YEAR": 2016, "ECONOMY": "5. Emerging region: G20", "INCOME_GRP": "4. Lower middle income", "FIPS_10_": "PA", "ISO_A2": "PY", "ISO_A3": "PRY", "ISO_A3_EH": "PRY", "ISO_N3": "600", "UN_A3": "600", "WB_A2": "PY", "WB_A3": "PRY", "CONTINENT": "South America", "REGION_UN": "Americas", "SUBREGION": "South America", "REGION_WB": "Latin America & Caribbean", "NAME_AR": "باراغواي", "NAME_BN": "প্যারাগুয়ে", "NAME_DE": "Paraguay", "NAME_EN": "Paraguay", "NAME_ES": "Paraguay", "NAME_FR": "Paraguay", "NAME_EL": "Παραγουάη", "NAME_HI": "पैराग्वे", "NAME_HU": "Paraguay", "NAME_ID": "Paraguay", "NAME_IT": "Paraguay", "NAME_JA": "パラグアイ", "NAME_KO": "파라과이", "NAME_NL": "Paraguay", "NAME_PL": "Paragwaj", "NAME_PT": "Paraguai", "NAME_RU": "Парагвай", "NAME_SV": "Paraguay", "NAME_TR": "Paraguay", "NAME_VI": "Paraguay", "NAME_ZH": "巴拉圭", "WB_NAME": "Paraguay", "WB_RULES": "None", "WB_REGION": "LCR", "Shape_Leng": 32.872951643599997, "Shape_Area": 35.303393593000003 }, "geometry": { "type": "Polygon", "coordinates": [ [ [ -67.770441177615211, -25.972224713270929 ], [ -57.633344033180158, -16.199391427989028 ], [ -39.977724870191764, -23.725881608913888 ], [ -61.980529373830301, -29.200362274235573 ], [ -67.770441177615211, -25.972224713270929 ] ] ] } },
{ "type": "Feature", "properties": { "OBJECTID": 186, "featurecla": "Admin-0 country", "LEVEL": 2, "TYPE": "Sovereign country", "FORMAL_EN": "Saint Vincent and the Grenadines", "FORMAL_FR": null, "POP_EST": 102089, "POP_RANK": 9, "GDP_MD_EST": 1241.0, "POP_YEAR": 2017, "LASTCENSUS": 2011, "GDP_YEAR": 2016, "ECONOMY": "6. Developing region", "INCOME_GRP": "3. Upper middle income", "FIPS_10_": "VC", "ISO_A2": "VC", "ISO_A3": "VCT", "ISO_A3_EH": "VCT", "ISO_N3": "670", "UN_A3": "670", "WB_A2": "VC", "WB_A3": "VCT", "CONTINENT": "North America", "REGION_UN": "Americas", "SUBREGION": "Caribbean", "REGION_WB": "Latin America & Caribbean", "NAME_AR": "سانت فينسنت والغرينادين", "NAME_BN": "সেন্ট ভিনসেন্ট ও গ্রেনাডাইন দ্বীপপুঞ্জ", "NAME_DE": "St. Vincent und die Grenadinen", "NAME_EN": "Saint Vincent and the Grenadines", "NAME_ES": "San Vicente y las Granadinas", "NAME_FR": "Saint-Vincent-et-les-Grenadines", "NAME_EL": "Άγιος Βικέντιος και Γρεναδίνες", "NAME_HI": "सन्त विन्सेण्ट और ग्रेनाडाइन्स", "NAME_HU": "Saint Vincent és a Grenadine-szigetek", "NAME_ID": "Saint Vincent dan Grenadines", "NAME_IT": "Saint Vincent e Grenadine", "NAME_JA": "セントビンセント・グレナディーン", "NAME_KO": "세인트빈센트 그레나딘", "NAME_NL": "Saint Vincent en de Grenadines", "NAME_PL": "Saint Vincent i Grenadyny", "NAME_PT": "São Vicente e Granadinas", "NAME_RU": "Сент-Винсент и Гренадины", "NAME_SV": "Saint Vincent och Grenadinerna", "NAME_TR": "Saint Vincent ve Grenadinler", "NAME_VI": "Saint Vincent và Grenadines", "NAME_ZH": "圣文森特和格林纳丁斯", "WB_NAME": "Saint Vincent and the Grenadines", "WB_RULES": "None", "WB_REGION": "LCR", "Shape_Leng": 1.22852448379, "Shape_Area": 0.03066591183 }, "geometry": { "type": "Polygon", "coordinates": [ [ [ -64.720712049899248, 14.088356856050273 ], [ -62.996206421785715, 14.207634224710228 ], [ -60.379699934404478, 13.319385963860094 ], [ -60.402670765562334, 12.246605163201616 ], [ -64.720712049899248, 14.088356856050273 ] ] ] } },
{ "type": "Feature", "properties": { "OBJECTID": 188, "featurecla": "Admin-0 country", "LEVEL": 2, "TYPE": "Sovereign country", "FORMAL_EN": "Saint Lucia", "FORMAL_FR": null, "POP_EST": 164994, "POP_RANK": 9, "GDP_MD_EST": 2083.0, "POP_YEAR": 2017, "LASTCENSUS": 2010, "GDP_YEAR": 2016, "ECONOMY": "6. Developing region", "INCOME_GRP": "3. Upper middle income", "FIPS_10_": "ST", "ISO_A2": "LC", "ISO_A3": "LCA", "ISO_A3_EH": "LCA", "ISO_N3": "662", "UN_A3": "662", "WB_A2": "LC", "WB_A3": "LCA", "CONTINENT": "North America", "REGION_UN": "Americas", "SUBREGION": "Caribbean", "REGION_WB": "Latin America & Caribbean", "NAME_AR": "سانت لوسيا", "NAME_BN": "সেন্ট লুসিয়া", "NAME_DE": "St. Lucia", "NAME_EN": "Saint Lucia", "NAME_ES": "Santa Lucía", "NAME_FR": "Sainte-Lucie", "NAME_EL": "Αγία Λουκία", "NAME_HI": "सेंट लूसिया", "NAME_HU": "Saint Lucia", "NAME_ID": "Saint Lucia", "NAME_IT": "Saint Lucia", "NAME_JA": "セントルシア", "NAME_KO": "세인트루시아", "NAME_NL": "Saint Lucia", "NAME_PL": "Saint Lucia", "NAME_PT": "Santa Lúcia", "NAME_RU": "Сент-Люсия", "NAME_SV": "Saint Lucia", "NAME_TR": "Saint Lucia", "NAME_VI": "Saint Lucia", "NAME_ZH": "圣卢西亚", "WB_NAME": "Saint Lucia", "WB_RULES": "None", "WB_REGION": "LCR", "Shape_Leng": 0.9696186058, "Shape_Area": 0.05060609249 }, "geometry": { "type": "Polygon", "coordinates": [ [ [ -59.469592346834212, 15.096550292533294 ], [ -60.379699934404478, 13.319385963860094 ], [ -62.996206421785715, 14.207634224710228 ], [ -59.469592346834212, 15.096550292533294 ] ] ] } },
{ "type": "Feature", "properties": { "OBJECTID": 22, "featurecla": "Admin-0 country", "LEVEL": 2, "TYPE": "Sovereign country", "FORMAL_EN": "Republic of Suriname", "FORMAL_FR": null, "POP_EST": 591919, "POP_RANK": 11, "GDP_MD_EST": 8547.0, "POP_YEAR": 2017, "LASTCENSUS": 2004, "GDP_YEAR": 2016, "ECONOMY": "6. Developing region", "INCOME_GRP": "3. Upper middle income", "FIPS_10_": "NS", "ISO_A2": "SR", "ISO_A3": "SUR", "ISO_A3_EH": "SUR", "ISO_N3": "740", "UN_A3": "740", "WB_A2": "SR", "WB_A3": "SUR", "CONTINENT": "South America", "REGION_UN": "Americas", "SUBREGION": "South America", "REGION_WB": "Latin America & Caribbean", "NAME_AR": "سورينام", "NAME_BN": "সুরিনাম", "NAME_DE": "Suriname", "NAME_EN": "Suriname", "NAME_ES": "Surinam", "NAME_FR": "Suriname", "NAME_EL": "Σουρινάμ", "NAME_HI": "सूरीनाम", "NAME_HU": "Suriname", "NAME_ID": "Suriname", "NAME_IT": "Suriname", "NAME_JA": "スリナム", "NAME_KO": "수리남", "NAME_NL": "Suriname", "NAME_PL": "Surinam", "NAME_PT": "Suriname", "NAME_RU": "Суринам", "NAME_SV": "Surinam", "NAME_TR": "Surinam", "NAME_VI": "Suriname", "NAME_ZH": "蘇利南", "WB_NAME": "Suriname", "WB_RULES": "None", "WB_REGION": "LCR", "Shape_Leng": 18.511349672800002, "Shape_Area": 11.8216892718 }, "geometry": { "type": "Polygon", "coordinates": [ [ [ -44.35390756004179, 14.05373567724596 ], [ -58.962211806599043, -4.167889379272163 ], [ -59.322459327023971, -4.235981025732824 ], [ -56.443450442734033, 9.106781796426576 ], [ -56.282779159438142, 9.242349237178512 ], [ -44.35390756004179, 14.05373567724596 ] ] ] } },
{ "type": "Feature", "properties": { "OBJECTID": 224, "featurecla": "Admin-0 country", "LEVEL": 2, "TYPE": "Dependency", "FORMAL_EN": "South Georgia and the Islands", "FORMAL_FR": null, "POP_EST": 30, "POP_RANK": 1, "GDP_MD_EST": 0.3, "POP_YEAR": 2017, "LASTCENSUS": -99, "GDP_YEAR": 2016, "ECONOMY": "7. Least developed region", "INCOME_GRP": "5. Low income", "FIPS_10_": "SX", "ISO_A2": "GS", "ISO_A3": "SGS", "ISO_A3_EH": "SGS", "ISO_N3": "239", "UN_A3": "-099", "WB_A2": "-99", "WB_A3": "SGS", "CONTINENT": "Seven seas (open ocean)", "REGION_UN": "Seven seas (open ocean)", "SUBREGION": "Seven seas (open ocean)", "REGION_WB": "Antarctica", "NAME_AR": "جورجيا الجنوبية وجزر ساندويتش الجنوبية", "NAME_BN": "দক্ষিণ জর্জিয়া ও দক্ষিণ স্যন্ডউইচ দ্বীপপুঞ্জ", "NAME_DE": "Südgeorgien und die Südlichen Sandwichinseln", "NAME_EN": "South Georgia and the South Sandwich Islands", "NAME_ES": "Islas Georgias del Sur y Sándwich del Sur", "NAME_FR": "Géorgie du Sud-et-les Îles Sandwich du Sud", "NAME_EL": "Νήσοι Νότια Γεωργία και Νότιες Σάντουιτς", "NAME_HI": "दक्षिण जॉर्जिया एवं दक्षिण सैंडविच द्वीप समूह", "NAME_HU": "Déli-Georgia és Déli-Sandwich-szigetek", "NAME_ID": "Georgia Selatan dan Kepulauan Sandwich Selatan", "NAME_IT": "Georgia del Sud e isole Sandwich meridionali", "NAME_JA": "サウスジョージア・サウスサンドウィッチ諸島", "NAME_KO": "사우스조지아 사우스샌드위치 제도", "NAME_NL": "Zuid-Georgia en de Zuidelijke Sandwicheilanden", "NAME_PL": "Georgia Południowa i Sandwich Południowy", "NAME_PT": "Ilhas Geórgia do Sul e Sandwich do Sul", "NAME_RU": "Южная Георгия и Южные Сандвичевы острова", "NAME_SV": "Sydgeorgien och Sydsandwichöarna", "NAME_TR": "Güney Georgia ve Güney Sandwich Adaları", "NAME_VI": "Nam Georgia và Quần đảo Nam Sandwich", "NAME_ZH": "南喬治亞島與南桑威奇群島", "WB_NAME": "South Georgia and South Sandwich Islands (UK)", "WB_RULES": "Name in italic", "WB_REGION": "Other", "Shape_Leng": 12.3434071598, "Shape_Area": 0.54624365585000001 }, "geometry": { "type": "Polygon", "coordinates": [ [ [ -50.248032765234356, -74.091500619259619 ], [ -46.506279916085759, -44.250845131328532 ], [ -32.626685604083228, -31.478883963309464 ], [ 3.338324825982707, -62.582205161421697 ], [ 8.185616719695494, -74.091500619259619 ], [ -50.248032765234356, -74.091500619259619 ] ] ] } },
{ "type": "Feature", "properties": { "OBJECTID": 43, "featurecla": "Admin-0 country", "LEVEL": 2, "TYPE": "Sovereign country", "FORMAL_EN": "Federative Republic of Brazil", "FORMAL_FR": null, "POP_EST": 207353391, "POP_RANK": 17, "GDP_MD_EST": 3081000.0, "POP_YEAR": 2017, "LASTCENSUS": 2010, "GDP_YEAR": 2016, "ECONOMY": "3. Emerging region: BRIC", "INCOME_GRP": "3. Upper middle income", "FIPS_10_": "BR", "ISO_A2": "BR", "ISO_A3": "BRA", "ISO_A3_EH": "BRA", "ISO_N3": "076", "UN_A3": "076", "WB_A2": "BR", "WB_A3": "BRA", "CONTINENT": "South America", "REGION_UN": "Americas", "SUBREGION": "South America", "REGION_WB": "Latin America & Caribbean", "NAME_AR": "البرازيل", "NAME_BN": "ব্রাজিল", "NAME_DE": "Brasilien", "NAME_EN": "Brazil", "NAME_ES": "Brasil", "NAME_FR": "Brésil", "NAME_EL": "Βραζιλία", "NAME_HI": "ब्राज़ील", "NAME_HU": "Brazília", "NAME_ID": "Brasil", "NAME_IT": "Brasile", "NAME_JA": "ブラジル", "NAME_KO": "브라질", "NAME_NL": "Brazilië", "NAME_PL": "Brazylia", "NAME_PT": "Brasil", "NAME_RU": "Бразилия", "NAME_SV": "Brasilien", "NAME_TR": "Brezilya", "NAME_VI": "Brasil", "NAME_ZH": "巴西", "WB_NAME": "Brazil", "WB_RULES": "None", "WB_REGION": "LCR", "Shape_Leng": 283.82473666499999, "Shape_Area": 707.10298600700003 }, "geometry": { "type": "Polygon", "coordinates": [ [ [ -63.032176310370744, -5.638382448878158 ], [ -59.322459327023971, -4.235981025732824 ], [ -58.962211806599043, -4.167889379272163 ], [ -29.086482187248102, -8.27632910031515 ], [ -28.722755394890964, -9.052850919385026 ], [ -33.818838928973534, -24.543996609003916 ], [ -39.977724870191764, -23.725881608913888 ], [ -57.633344033180158, -16.199391427989028 ], [ -63.032176310370744, -5.638382448878158 ] ] ] } },
{ "type": "Feature", "properties": { "OBJECTID": 44, "featurecla": "Admin-0 country", "LEVEL": 2, "TYPE": "Sovereign country", "FORMAL_EN": "Oriental Republic of Uruguay", "FORMAL_FR": null, "POP_EST": 3360148, "POP_RANK": 12, "GDP_MD_EST": 73250.0, "POP_YEAR": 2017, "LASTCENSUS": 2004, "GDP_YEAR": 2016, "ECONOMY": "5. Emerging region: G20", "INCOME_GRP": "3. Upper middle income", "FIPS_10_": "UY", "ISO_A2": "UY", "ISO_A3": "URY", "ISO_A3_EH": "URY", "ISO_N3": "858", "UN_A3": "858", "WB_A2": "UY", "WB_A3": "URY", "CONTINENT": "South America", "REGION_UN": "Americas", "SUBREGION": "South America", "REGION_WB": "Latin America & Caribbean", "NAME_AR": "الأوروغواي", "NAME_BN": "উরুগুয়ে", "NAME_DE": "Uruguay", "NAME_EN": "Uruguay", "NAME_ES": "Uruguay", "NAME_FR": "Uruguay", "NAME_EL": "Ουρουγουάη", "NAME_HI": "उरुग्वे", "NAME_HU": "Uruguay", "NAME_ID": "Uruguay", "NAME_IT": "Uruguay", "NAME_JA": "ウルグアイ", "NAME_KO": "우루과이", "NAME_NL": "Uruguay", "NAME_PL": "Urugwaj", "NAME_PT": "Uruguai", "NAME_RU": "Уругвай", "NAME_SV": "Uruguay", "NAME_TR": "Uruguay", "NAME_VI": "Uruguay", "NAME_ZH": "乌拉圭", "WB_NAME": "Uruguay", "WB_RULES": "None", "WB_REGION": "LCR", "Shape_Leng": 19.306814881899999, "Shape_Area": 17.076232804100002 }, "geometry": { "type": "Polygon", "coordinates": [ [ [ -61.980529373830301, -29.200362274235573 ], [ -39.977724870191764, -23.725881608913888 ], [ -33.818838928973534, -24.543996609003916 ], [ -32.626685604083228, -31.478883963309464 ], [ -46.506279916085759, -44.250845131328532 ], [ -58.318829007131342, -42.155385270769386 ], [ -61.980529373830301, -29.200362274235573 ] ] ] } },
{ "type": "Feature", "properties": { "OBJECTID": 165, "featurecla": "Admin-0 country", "LEVEL": 2, "TYPE": "Country", "FORMAL_EN": "Greenland", "FORMAL_FR": null, "POP_EST": 57713, "POP_RANK": 8, "GDP_MD_EST": 2173.0, "POP_YEAR": 2017, "LASTCENSUS": 2010, "GDP_YEAR": 2015, "ECONOMY": "2. Developed region: nonG7", "INCOME_GRP": "2. High income: nonOECD", "FIPS_10_": "GL", "ISO_A2": "GL", "ISO_A3": "GRL", "ISO_A3_EH": "GRL", "ISO_N3": "304", "UN_A3": "304", "WB_A2": "GL", "WB_A3": "GRL", "CONTINENT": "North America", "REGION_UN": "Americas", "SUBREGION": "Northern America", "REGION_WB": "Europe & Central Asia", "NAME_AR": "جرينلاند", "NAME_BN": "গ্রিনল্যান্ড", "NAME_DE": "Grönland", "NAME_EN": "Greenland", "NAME_ES": "Groenlandia", "NAME_FR": "Groenland", "NAME_EL": "Γροιλανδία", "NAME_HI": "ग्रीनलैण्ड", "NAME_HU": "Grönland", "NAME_ID": "Greenland", "NAME_IT": "Groenlandia", "NAME_JA": "グリーンランド", "NAME_KO": "그린란드", "NAME_NL": "Groenland", "NAME_PL": "Grenlandia", "NAME_PT": "Gronelândia", "NAME_RU": "Гренландия", "NAME_SV": "Grönland", "NAME_TR": "Grönland", "NAME_VI": "Greenland", "NAME_ZH": "格陵兰", "WB_NAME": "Greenland (Den.)", "WB_RULES": "Name in italic", "WB_REGION": "Other", "Shape_Leng": 1003.5361767099999, "Shape_Area": 659.87745176 }, "geometry": { "type": "Polygon", "coordinates": [ [ [ -19.577730762774536, 94.148272087766884 ], [ -36.644036242087765, 54.277728123312151 ], [ -70.913428668882744, 72.717985948638514 ], [ -75.94078124711092, 94.148272087766884 ], [ -19.577730762774536, 94.148272087766884 ] ] ] } },
{ "type": "Feature", "properties": { "OBJECTID": 80, "featurecla": "Admin-0 country", "LEVEL": 2, "TYPE": "Sovereign country", "FORMAL_EN": "Republic of Sierra Leone", "FORMAL_FR": null, "POP_EST": 6163195, "POP_RANK": 13, "GDP_MD_EST": 10640.0, "POP_YEAR": 2017, "LASTCENSUS": 2004, "GDP_YEAR": 2016, "ECONOMY": "7. Least developed region", "INCOME_GRP": "5. Low income", "FIPS_10_": "SL", "ISO_A2": "SL", "ISO_A3": "SLE", "ISO_A3_EH": "SLE", "ISO_N3": "694", "UN_A3": "694", "WB_A2": "SL", "WB_A3": "SLE", "CONTINENT": "Africa", "REGION_UN": "Africa", "SUBREGION": "Western Africa", "REGION_WB": "Sub-Saharan Africa", "NAME_AR": "سيراليون", "NAME_BN": "সিয়েরা লিওন", "NAME_DE": "Sierra Leone", "NAME_EN": "Sierra Leone", "NAME_ES": "Sierra Leona", "NAME_FR": "Sierra Leone", "NAME_EL": "Σιέρα Λεόνε", "NAME_HI": "सिएरा लियोन", "NAME_HU": "Sierra Leone", "NAME_ID": "Sierra Leone", "NAME_IT": "Sierra Leone", "NAME_JA": "シエラレオネ", "NAME_KO": "시에라리온", "NAME_NL": "Sierra Leone", "NAME_PL": "Sierra Leone", "NAME_PT": "Serra Leoa", "NAME_RU": "Сьерра-Леоне", "NAME_SV": "Sierra Leone", "NAME_TR": "Sierra Leone", "NAME_VI": "Sierra Leone", "NAME_ZH": "塞拉利昂", "WB_NAME": "Sierra Leone", "WB_RULES": "None", "WB_REGION": "AFR", "Shape_Leng": 16.759111176000001, "Shape_Area": 5.8820820757199996 }, "geometry": { "type": "Polygon", "coordinates": [ [ [ -26.191685513032258, -1.470341765096686 ], [ -13.297380985391777, 10.376668290017303 ], [ -9.561146043929119, 8.675896729879161 ], [ -24.502419629356545, -8.843993071279419 ], [ -28.722755394890964, -9.052850919385026 ], [ -29.086482187248102, -8.27632910031515 ], [ -29.391297907234048, -6.752602991414989 ], [ -26.191685513032258, -1.470341765096686 ] ] ] } },
{ "type": "Feature", "properties": { "OBJECTID": 182, "featurecla": "Admin-0 country", "LEVEL": 2, "TYPE": "Sovereign country", "FORMAL_EN": "Republic of Kiribati", "FORMAL_FR": null, "POP_EST": 108145, "POP_RANK": 9, "GDP_MD_EST": 211.0, "POP_YEAR": 2017, "LASTCENSUS": 2005, "GDP_YEAR": 2016, "ECONOMY": "7. Least developed region", "INCOME_GRP": "4. Lower middle income", "FIPS_10_": "KR", "ISO_A2": "KI", "ISO_A3": "KIR", "ISO_A3_EH": "KIR", "ISO_N3": "296", "UN_A3": "296", "WB_A2": "KI", "WB_A3": "KIR", "CONTINENT": "Oceania", "REGION_UN": "Oceania", "SUBREGION": "Micronesia", "REGION_WB": "East Asia & Pacific", "NAME_AR": "كيريباتي", "NAME_BN": "কিরিবাস", "NAME_DE": "Kiribati", "NAME_EN": "Kiribati", "NAME_ES": "Kiribati", "NAME_FR": "Kiribati", "NAME_EL": "Κιριμπάτι", "NAME_HI": "किरिबाती", "NAME_HU": "Kiribati", "NAME_ID": "Kiribati", "NAME_IT": "Kiribati", "NAME_JA": "キリバス", "NAME_KO": "키리바시", "NAME_NL": "Kiribati", "NAME_PL": "Kiribati", "NAME_PT": "Kiribati", "NAME_RU": "Кирибати", "NAME_SV": "Kiribati", "NAME_TR": "Kiribati", "NAME_VI": "Kiribati", "NAME_ZH": "吉里巴斯", "WB_NAME": "Kiribati", "WB_RULES": "None", "WB_REGION": "EAP", "Shape_Leng": 10.488556927599999, "Shape_Area": 0.0772676997 }, "geometry": { "type": "Polygon", "coordinates": [ [ [ -44.35390756004179, 14.05373567724596 ], [ -41.84913570593465, 15.655541234246639 ], [ -29.391297907234048, -6.752602991414989 ], [ -29.086482187248102, -8.27632910031515 ], [ -58.962211806599043, -4.167889379272163 ], [ -44.35390756004179, 14.05373567724596 ] ] ] } },
{ "type": "Feature", "properties": { "OBJECTID": 202, "featurecla": "Admin-0 country", "LEVEL": 2, "TYPE": "Dependency", "FORMAL_EN": null, "FORMAL_FR": null, "POP_EST": 7828, "POP_RANK": 5, "GDP_MD_EST": 31.1, "POP_YEAR": 2017, "LASTCENSUS": -99, "GDP_YEAR": 2010, "ECONOMY": "6. Developing region", "INCOME_GRP": "4. Lower middle income", "FIPS_10_": "SH", "ISO_A2": "SH", "ISO_A3": "SHN", "ISO_A3_EH": "SHN", "ISO_N3": "654", "UN_A3": "654", "WB_A2": "-99", "WB_A3": "SHN", "CONTINENT": "Seven seas (open ocean)", "REGION_UN": "Africa", "SUBREGION": "Western Africa", "REGION_WB": "Sub-Saharan Africa", "NAME_AR": "سانت هيلينا", "NAME_BN": "সেন্ট হেলেনা", "NAME_DE": "St. Helena", "NAME_EN": "Saint Helena", "NAME_ES": "Isla Santa Elena", "NAME_FR": "Sainte-Hélène", "NAME_EL": "Νήσος Αγίας Ελένης", "NAME_HI": "सन्त हेलेना", "NAME_HU": "Szent Ilona", "NAME_ID": "Saint Helena", "NAME_IT": "Sant'Elena", "NAME_JA": "セントヘレナ", "NAME_KO": "세인트헬레나", "NAME_NL": "Sint-Helena", "NAME_PL": "Wyspa Świętej Heleny", "NAME_PT": "Santa Helena", "NAME_RU": "Остров Святой Елены", "NAME_SV": "Sankta Helena", "NAME_TR": "Saint Helena", "NAME_VI": "Saint Helena", "NAME_ZH": "圣赫勒拿岛", "WB_NAME": "Saint Helena, Ascension and Tristan da Cunha (UK)", "WB_RULES": "Name in italic", "WB_REGION": "Other", "Shape_Leng": 1.4896432668699999, "Shape_Area": 0.03366633747 }, "geometry": { "type": "Polygon", "coordinates": [ [ [ -33.818838928973534, -24.543996609003916 ], [ -28.722755394890964, -9.052850919385026 ], [ -24.502419629356545, -8.843993071279419 ], [ -6.079133779087005, -9.324819881782078 ], [ 1.884469128220906, -14.621677354306108 ], [ 2.845573052412342, -16.729519928634115 ], [ 5.561757168399176, -43.431047465247062 ], [ 3.338324825982707, -62.582205161421697 ], [ -32.626685604083228, -31.478883963309464 ], [ -33.818838928973534, -24.543996609003916 ] ] ] } },
{ "type": "Feature", "properties": { "OBJECTID": 136, "featurecla": "Admin-0 country", "LEVEL": 2, "TYPE": "Sovereign country", "FORMAL_EN": "Portuguese Republic", "FORMAL_FR": null, "POP_EST": 10839514, "POP_RANK": 14, "GDP_MD_EST": 297100.0, "POP_YEAR": 2017, "LASTCENSUS": 2011, "GDP_YEAR": 2016, "ECONOMY": "2. Developed region: nonG7", "INCOME_GRP": "1. High income: OECD", "FIPS_10_": "PO", "ISO_A2": "PT", "ISO_A3": "PRT", "ISO_A3_EH": "PRT", "ISO_N3": "620", "UN_A3": "620", "WB_A2": "PT", "WB_A3": "PRT", "CONTINENT": "Europe", "REGION_UN": "Europe", "SUBREGION": "Southern Europe", "REGION_WB": "Europe & Central Asia", "NAME_AR": "البرتغال", "NAME_BN": "পর্তুগাল", "NAME_DE": "Portugal", "NAME_EN": "Portugal", "NAME_ES": "Portugal", "NAME_FR": "Portugal", "NAME_EL": "Πορτογαλία", "NAME_HI": "पुर्तगाल", "NAME_HU": "Portugália", "NAME_ID": "Portugal", "NAME_IT": "Portogallo", "NAME_JA": "ポルトガル", "NAME_KO": "포르투갈", "NAME_NL": "Portugal", "NAME_PL": "Portugalia", "NAME_PT": "Portugal", "NAME_RU": "Португалия", "NAME_SV": "Portugal", "NAME_TR": "Portekiz", "NAME_VI": "Bồ Đào Nha", "NAME_ZH": "葡萄牙", "WB_NAME": "Portugal", "WB_RULES": "None", "WB_REGION": "Other", "Shape_Leng": 32.758584092699998, "Shape_Area": 9.5852633583800007 }, "geometry": { "type": "Polygon", "coordinates": [ [ [ -32.185652346849587, 44.972156027190429 ], [ -27.047298603081572, 46.995374839239084 ], [ -8.588713922225175, 46.389925558061478 ], [ -7.944343343859565, 45.995358829314092 ], [ -6.485236837834296, 42.711549795785437 ], [ -5.9767995015988, 38.789010856236146 ], [ -10.090425653663418, 34.929441558678455 ], [ -21.910549047459629, 31.422898640999552 ], [ -33.146603502732987, 38.727877027834765 ], [ -32.185652346849587, 44.972156027190429 ] ] ] } },
{ "type": "Feature", "properties": { "OBJECTID": 177, "featurecla": "Admin-0 country", "LEVEL": 2, "TYPE": "Sovereign country", "FORMAL_EN": "Republic of Iceland", "FORMAL_FR": null, "POP_EST": 339747, "POP_RANK": 10, "GDP_MD_EST": 16150.0, "POP_YEAR": 2017, "LASTCENSUS": -99, "GDP_YEAR": 2016, "ECONOMY": "2. Developed region: nonG7", "INCOME_GRP": "1. High income: OECD", "FIPS_10_": "IC", "ISO_A2": "IS", "ISO_A3": "ISL", "ISO_A3_EH": "ISL", "ISO_N3": "352", "UN_A3": "352", "WB_A2": "IS", "WB_A3": "ISL", "CONTINENT": "Europe", "REGION_UN": "Europe", "SUBREGION": "Northern Europe", "REGION_WB": "Europe & Central Asia", "NAME_AR": "آيسلندا", "NAME_BN": "আইসল্যান্ড", "NAME_DE": "Island", "NAME_EN": "Iceland", "NAME_ES": "Islandia", "NAME_FR": "Islande", "NAME_EL": "Ισλανδία", "NAME_HI": "आइसलैण्ड", "NAME_HU": "Izland", "NAME_ID": "Islandia", "NAME_IT": "Islanda", "NAME_JA": "アイスランド", "NAME_KO": "아이슬란드", "NAME_NL": "IJsland", "NAME_PL": "Islandia", "NAME_PT": "Islândia", "NAME_RU": "Исландия", "NAME_SV": "Island", "NAME_TR": "İzlanda", "NAME_VI": "Iceland", "NAME_ZH": "冰岛", "WB_NAME": "Iceland", "WB_RULES": "None", "WB_REGION": "Other", "Shape_Leng": 83.050585527899997, "Shape_Area": 19.467231139300001 }, "geometry": { "type": "Polygon", "coordinates": [ [ [ -5.099230643307826, 94.148272087766884 ], [ -13.976276529885492, 58.552854105495463 ], [ -27.047298603081572, 46.995374839239084 ], [ -32.185652346849587, 44.972156027190429 ], [ -36.644036242087765, 54.277728123312151 ], [ -19.577730762774536, 94.148272087766884 ], [ -5.099230643307826, 94.148272087766884 ] ] ] } },
{ "type": "Feature", "properties": { "OBJECTID": 148, "featurecla": "Admin-0 country", "LEVEL": 2, "TYPE": "Sovereign country", "FORMAL_EN": "Republic of Guinea-Bissau", "FORMAL_FR": null, "POP_EST": 1792338, "POP_RANK": 12, "GDP_MD_EST": 2851.0, "POP_YEAR": 2017, "LASTCENSUS": 2009, "GDP_YEAR": 2016, "ECONOMY": "7. Least developed region", "INCOME_GRP": "5. Low income", "FIPS_10_": "PU", "ISO_A2": "GW", "ISO_A3": "GNB", "ISO_A3_EH": "GNB", "ISO_N3": "624", "UN_A3": "624", "WB_A2": "GW", "WB_A3": "GNB", "CONTINENT": "Africa", "REGION_UN": "Africa", "SUBREGION": "Western Africa", "REGION_WB": "Sub-Saharan Africa", "NAME_AR": "غينيا بيساو", "NAME_BN": "গিনি-বিসাউ", "NAME_DE": "Guinea-Bissau", "NAME_EN": "Guinea-Bissau", "NAME_ES": "Guinea-Bisáu", "NAME_FR": "Guinée-Bissau", "NAME_EL": "Γουινέα-Μπισσάου", "NAME_HI": "गिनी-बिसाऊ", "NAME_HU": "Bissau-Guinea", "NAME_ID": "Guinea-Bissau", "NAME_IT": "Guinea-Bissau", "NAME_JA": "ギニアビサウ", "NAME_KO": "기니비사우", "NAME_NL": "Guinee-Bissau", "NAME_PL": "Gwinea Bissau", "NAME_PT": "Guiné-Bissau", "NAME_RU": "Гвинея-Бисау", "NAME_SV": "Guinea-Bissau", "NAME_TR": "Gine-Bissau", "NAME_VI": "Guiné-Bissau", "NAME_ZH": "幾內亞比索", "WB_NAME": "Guinea-Bissau", "WB_RULES": "None", "WB_REGION": "AFR", "Shape_Leng": 23.740924644300001, "Shape_Area": 2.7253983582000001 }, "geometry": { "type": "Polygon", "coordinates": [ [ [ -20.72376100275218, 11.103819853249478 ], [ -14.0942997572264, 13.061095187766574 ], [ -12.38389779322031, 12.69122419146391 ], [ -13.297380985391777, 10.376668290017303 ], [ -26.191685513032258, -1.470341765096686 ], [ -20.72376100275218, 11.103819853249478 ] ] ] } },
{ "type": "Feature", "properties": { "OBJECTID": 51, "featurecla": "Admin-0 country", "LEVEL": 2, "TYPE": "Sovereign country", "FORMAL_EN": "Kingdom of Norway", "FORMAL_FR": null, "POP_EST": 5320045, "POP_RANK": 13, "GDP_MD_EST": 364700.0, "POP_YEAR": 2017, "LASTCENSUS": 2001, "GDP_YEAR": 2016, "ECONOMY": "2. Developed region: nonG7", "INCOME_GRP": "1. High income: OECD", "FIPS_10_": "-99", "ISO_A2": "-99", "ISO_A3": "-99", "ISO_A3_EH": "-99", "ISO_N3": "-99", "UN_A3": "-99", "WB_A2": "-99", "WB_A3": "NOR", "CONTINENT": "Europe", "REGION_UN": "Europe", "SUBREGION": "Northern Europe", "REGION_WB": "Europe & Central Asia", "NAME_AR": "النرويج", "NAME_BN": "নরওয়ে", "NAME_DE": "Norwegen", "NAME_EN": "Norway", "NAME_ES": "Noruega", "NAME_FR": "Norvège", "NAME_EL": "Νορβηγία", "NAME_HI": "नॉर्वे", "NAME_HU": "Norvégia", "NAME_ID": "Norwegia", "NAME_IT": "Norvegia", "NAME_JA": "ノルウェー", "NAME_KO": "노르웨이", "NAME_NL": "Noorwegen", "NAME_PL": "Norwegia", "NAME_PT": "Noruega", "NAME_RU": "Норвегия", "NAME_SV": "Norge", "NAME_TR": "Norveç", "NAME_VI": "Na Uy", "NAME_ZH": "挪威", "WB_NAME": "Norway", "WB_RULES": "None", "WB_REGION": "Other", "Shape_Leng": 552.73322600899996, "Shape_Area": 85.597443362099995 }, "geometry": { "type": "Polygon", "coordinates": [ [ [ 31.762629697339523, 94.148272087766884 ], [ 20.923265119803393, 66.867725228286403 ], [ 8.586870210747714, 64.11048131148587 ], [ 4.104030827619022, 65.982816497113916 ], [ -4.391367429795536, 94.148272087766884 ], [ 31.762629697339523, 94.148272087766884 ] ] ] } },
{ "type": "Feature", "properties": { "OBJECTID": 76, "featurecla": "Admin-0 country", "LEVEL": 2, "TYPE": "Sovereign country", "FORMAL_EN": "Ireland", "FORMAL_FR": null, "POP_EST": 5011102, "POP_RANK": 13, "GDP_MD_EST": 322000.0, "POP_YEAR": 2017, "LASTCENSUS": 2011, "GDP_YEAR": 2016, "ECONOMY": "2. Developed region: nonG7", "INCOME_GRP": "1. High income: OECD", "FIPS_10_": "EI", "ISO_A2": "IE", "ISO_A3": "IRL", "ISO_A3_EH": "IRL", "ISO_N3": "372", "UN_A3": "372", "WB_A2": "IE", "WB_A3": "IRL", "CONTINENT": "Europe", "REGION_UN": "Europe", "SUBREGION": "Northern Europe", "REGION_WB": "Europe & Central Asia", "NAME_AR": "جمهورية أيرلندا", "NAME_BN": "প্রজাতন্ত্রী আয়ারল্যান্ড", "NAME_DE": "Irland", "NAME_EN": "Ireland", "NAME_ES": "Irlanda", "NAME_FR": "Irlande", "NAME_EL": "Δημοκρατία της Ιρλανδίας", "NAME_HI": "आयरलैण्ड", "NAME_HU": "Írország", "NAME_ID": "Republik Irlandia", "NAME_IT": "Irlanda", "NAME_JA": "アイルランド", "NAME_KO": "아일랜드", "NAME_NL": "Ierland", "NAME_PL": "Irlandia", "NAME_PT": "República da Irlanda", "NAME_RU": "Ирландия", "NAME_SV": "Irland", "NAME_TR": "İrlanda", "NAME_VI": "Cộng hòa Ireland", "NAME_ZH": "爱尔兰共和国", "WB_NAME": "Ireland", "WB_RULES": "None", "WB_REGION": "Other", "Shape_Leng": 48.242015834500002, "Shape_Area": 9.3340477832800008 }, "geometry": { "type": "Polygon", "coordinates": [ [ [ -13.976276529885492, 58.552854105495463 ], [ -7.479607039933311, 57.62208518632206 ], [ -5.553572647151115, 51.003270458368533 ], [ -8.588713922225175, 46.389925558061478 ], [ -27.047298603081572, 46.995374839239084 ], [ -13.976276529885492, 58.552854105495463 ] ] ] } },
{ "type": "Feature", "properties": { "OBJECTID": 161, "featurecla": "Admin-0 country", "LEVEL": 2, "TYPE": "Sovereign country", "FORMAL_EN": "Republic of the Gambia", "FORMAL_FR": null, "POP_EST": 2051363, "POP_RANK": 12, "GDP_MD_EST": 3387.0, "POP_YEAR": 2017, "LASTCENSUS": 2003, "GDP_YEAR": 2016, "ECONOMY": "7. Least developed region", "INCOME_GRP": "5. Low income", "FIPS_10_": "GA", "ISO_A2": "GM", "ISO_A3": "GMB", "ISO_A3_EH": "GMB", "ISO_N3": "270", "UN_A3": "270", "WB_A2": "GM", "WB_A3": "GMB", "CONTINENT": "Africa", "REGION_UN": "Africa", "SUBREGION": "Western Africa", "REGION_WB": "Sub-Saharan Africa", "NAME_AR": "غامبيا", "NAME_BN": "গাম্বিয়া", "NAME_DE": "Gambia", "NAME_EN": "The Gambia", "NAME_ES": "Gambia", "NAME_FR": "Gambie", "NAME_EL": "Γκάμπια", "NAME_HI": "गाम्बिया", "NAME_HU": "Gambia", "NAME_ID": "Gambia", "NAME_IT": "Gambia", "NAME_JA": "ガンビア", "NAME_KO": "감비아", "NAME_NL": "Gambia", "NAME_PL": "Gambia", "NAME_PT": "Gâmbia", "NAME_RU": "Гамбия", "NAME_SV": "Gambia", "NAME_TR": "Gambiya", "NAME_VI": "Gambia", "NAME_ZH": "冈比亚", "WB_NAME": "Gambia, The", "WB_RULES": "Always have \"The\" before \"Gambia\"", "WB_REGION": "AFR", "Shape_Leng": 11.2693999007, "Shape_Area": 0.87654179739000004 }, "geometry": { "type": "Polygon", "coordinates": [ [ [ -14.0942997572264, 13.061095187766574 ], [ -20.72376100275218, 11.103819853249478 ], [ -18.783242727749027, 17.792005984340051 ], [ -14.0942997572264, 13.061095187766574 ] ] ] } },
{ "type": "Feature", "properties": { "OBJECTID": 96, "featurecla": "Admin-0 country", "LEVEL": 2, "TYPE": "Sovereign country", "FORMAL_EN": "Republic of Senegal", "FORMAL_FR": null, "POP_EST": 14668522, "POP_RANK": 14, "GDP_MD_EST": 39720.0, "POP_YEAR": 2017, "LASTCENSUS": 2002, "GDP_YEAR": 2016, "ECONOMY": "7. Least developed region", "INCOME_GRP": "4. Lower middle income", "FIPS_10_": "SG", "ISO_A2": "SN", "ISO_A3": "SEN", "ISO_A3_EH": "SEN", "ISO_N3": "686", "UN_A3": "686", "WB_A2": "SN", "WB_A3": "SEN", "CONTINENT": "Africa", "REGION_UN": "Africa", "SUBREGION": "Western Africa", "REGION_WB": "Sub-Saharan Africa", "NAME_AR": "السنغال", "NAME_BN": "সেনেগাল", "NAME_DE": "Senegal", "NAME_EN": "Senegal", "NAME_ES": "Senegal", "NAME_FR": "Sénégal", "NAME_EL": "Σενεγάλη", "NAME_HI": "सेनेगल", "NAME_HU": "Szenegál", "NAME_ID": "Senegal", "NAME_IT": "Senegal", "NAME_JA": "セネガル", "NAME_KO": "세네갈", "NAME_NL": "Senegal", "NAME_PL": "Senegal", "NAME_PT": "Senegal", "NAME_RU": "Сенегал", "NAME_SV": "Senegal", "NAME_TR": "Senegal", "NAME_VI": "Sénégal", "NAME_ZH": "塞内加尔", "WB_NAME": "Senegal", "WB_RULES": "None", "WB_REGION": "AFR", "Shape_Leng": 34.318363938200001, "Shape_Area": 16.4456689334 }, "geometry": { "type": "Polygon", "coordinates": [ [ [ -18.783242727749027, 17.792005984340051 ], [ -18.192689475062849, 21.367641911663696 ], [ -9.502721984103506, 15.27579902602524 ], [ -12.38389779322031, 12.69122419146391 ], [ -14.0942997572264, 13.061095187766574 ], [ -18.783242727749027, 17.792005984340051 ] ] ] } },
{ "type": "Feature", "properties": { "OBJECTID": 81, "featurecla": "Admin-0 country", "LEVEL": 2, "TYPE": "Sovereign country", "FORMAL_EN": "Republic of Guinea", "FORMAL_FR": null, "POP_EST": 12413867, "POP_RANK": 14, "GDP_MD_EST": 16080.0, "POP_YEAR": 2017, "LASTCENSUS": 1996, "GDP_YEAR": 2016, "ECONOMY": "7. Least developed region", "INCOME_GRP": "5. Low income", "FIPS_10_": "GV", "ISO_A2": "GN", "ISO_A3": "GIN", "ISO_A3_EH": "GIN", "ISO_N3": "324", "UN_A3": "324", "WB_A2": "GN", "WB_A3": "GIN", "CONTINENT": "Africa", "REGION_UN": "Africa", "SUBREGION": "Western Africa", "REGION_WB": "Sub-Saharan Africa", "NAME_AR": "غينيا", "NAME_BN": "গিনি", "NAME_DE": "Guinea", "NAME_EN": "Guinea", "NAME_ES": "Guinea", "NAME_FR": "Guinée", "NAME_EL": "Γουινέα", "NAME_HI": "गिनी", "NAME_HU": "Guinea", "NAME_ID": "Guinea", "NAME_IT": "Guinea", "NAME_JA": "ギニア", "NAME_KO": "기니", "NAME_NL": "Guinee", "NAME_PL": "Gwinea", "NAME_PT": "Guiné", "NAME_RU": "Гвинея", "NAME_SV": "Guinea", "NAME_TR": "Gine", "NAME_VI": "Guinée", "NAME_ZH": "几内亚", "WB_NAME": "Guinea", "WB_RULES": "None", "WB_REGION": "AFR", "Shape_Leng": 36.702159389499997, "Shape_Area": 20.176388483 }, "geometry": { "type": "Polygon", "coordinates": [ [ [ -12.38389779322031, 12.69122419146391 ], [ -9.502721984103506, 15.27579902602524 ], [ -8.476396256777409, 15.21313592604065 ], [ -6.751200069017327, 13.364478879935794 ], [ -6.541455611545798, 12.314269531913849 ], [ -8.138893986230626, 9.255593922768009 ], [ -9.561146043929119, 8.675896729879161 ], [ -13.297380985391777, 10.376668290017303 ], [ -12.38389779322031, 12.69122419146391 ] ] ] } },
{ "type": "Feature", "properties": { "OBJECTID": 159, "featurecla": "Admin-0 country", "LEVEL": 2, "TYPE": "Sovereign country", "FORMAL_EN": "Islamic Republic of Mauritania", "FORMAL_FR": null, "POP_EST": 3758571, "POP_RANK": 12, "GDP_MD_EST": 16710.0, "POP_YEAR": 2017, "LASTCENSUS": 2000, "GDP_YEAR": 2016, "ECONOMY": "7. Least developed region", "INCOME_GRP": "5. Low income", "FIPS_10_": "MR", "ISO_A2": "MR", "ISO_A3": "MRT", "ISO_A3_EH": "MRT", "ISO_N3": "478", "UN_A3": "478", "WB_A2": "MR", "WB_A3": "MRT", "CONTINENT": "Africa", "REGION_UN": "Africa", "SUBREGION": "Western Africa", "REGION_WB": "Sub-Saharan Africa", "NAME_AR": "موريتانيا", "NAME_BN": "মৌরিতানিয়া", "NAME_DE": "Mauretanien", "NAME_EN": "Mauritania", "NAME_ES": "Mauritania", "NAME_FR": "Mauritanie", "NAME_EL": "Μαυριτανία", "NAME_HI": "मॉरीतानिया", "NAME_HU": "Mauritánia", "NAME_ID": "Mauritania", "NAME_IT": "Mauritania", "NAME_JA": "モーリタニア", "NAME_KO": "모리타니", "NAME_NL": "Mauritanië", "NAME_PL": "Mauretania", "NAME_PT": "Mauritânia", "NAME_RU": "Мавритания", "NAME_SV": "Mauretanien", "NAME_TR": "Moritanya", "NAME_VI": "Mauritanie", "NAME_ZH": "毛里塔尼亚", "WB_NAME": "Mauritania", "WB_RULES": "None", "WB_REGION": "AFR", "Shape_Leng": 54.8572439633, "Shape_Area": 89.721893124100006 }, "geometry": { "type": "Polygon", "coordinates": [ [ [ -21.093218688221416, 30.514780566180821 ], [ -4.421613643046947, 24.6875548593482 ], [ -8.476396256777409, 15.21313592604065 ], [ -9.502721984103506, 15.27579902602524 ], [ -18.192689475062849, 21.367641911663696 ], [ -21.093218688221416, 30.514780566180821 ] ] ] } },
{ "type": "Feature", "properties": { "OBJECTID": 82, "featurecla": "Admin-0 country", "LEVEL": 2, "TYPE": "Sovereign country", "FORMAL_EN": "Republic of Liberia", "FORMAL_FR": null, "POP_EST": 4689021, "POP_RANK": 12, "GDP_MD_EST": 3881.0, "POP_YEAR": 2017, "LASTCENSUS": 2008, "GDP_YEAR": 2016, "ECONOMY": "7. Least developed region", "INCOME_GRP": "5. Low income", "FIPS_10_": "LI", "ISO_A2": "LR", "ISO_A3": "LBR", "ISO_A3_EH": "LBR", "ISO_N3": "430", "UN_A3": "430", "WB_A2": "LR", "WB_A3": "LBR", "CONTINENT": "Africa", "REGION_UN": "Africa", "SUBREGION": "Western Africa", "REGION_WB": "Sub-Saharan Africa", "NAME_AR": "ليبيريا", "NAME_BN": "লাইবেরিয়া", "NAME_DE": "Liberia", "NAME_EN": "Liberia", "NAME_ES": "Liberia", "NAME_FR": "Liberia", "NAME_EL": "Λιβερία", "NAME_HI": "लाइबेरिया", "NAME_HU": "Libéria", "NAME_ID": "Liberia", "NAME_IT": "Liberia", "NAME_JA": "リベリア", "NAME_KO": "라이베리아", "NAME_NL": "Liberia", "NAME_PL": "Liberia", "NAME_PT": "Libéria", "NAME_RU": "Либерия", "NAME_SV": "Liberia", "NAME_TR": "Liberya", "NAME_VI": "Liberia", "NAME_ZH": "利比里亚", "WB_NAME": "Liberia", "WB_RULES": "None", "WB_REGION": "AFR", "Shape_Leng": 17.0236937789, "Shape_Area": 7.7911801366900004 }, "geometry": { "type": "Polygon", "coordinates": [ [ [ -8.138893986230626, 9.255593922768009 ], [ -4.030138142352874, -3.852289395749833 ], [ -6.079133779087005, -9.324819881782078 ], [ -24.502419629356545, -8.843993071279419 ], [ -9.561146043929119, 8.675896729879161 ], [ -8.138893986230626, 9.255593922768009 ] ] ] } },
{ "type": "Feature", "properties": { "OBJECTID": 26, "featurecla": "Admin-0 country", "LEVEL": 2, "TYPE": "Sovereign country", "FORMAL_EN": "Kingdom of Morocco", "FORMAL_FR": null, "POP_EST": 33986655, "POP_RANK": 15, "GDP_MD_EST": 282800.0, "POP_YEAR": 2017, "LASTCENSUS": 2004, "GDP_YEAR": 2016, "ECONOMY": "6. Developing region", "INCOME_GRP": "4. Lower middle income", "FIPS_10_": "MO", "ISO_A2": "MA", "ISO_A3": "MAR", "ISO_A3_EH": "MAR", "ISO_N3": "504", "UN_A3": "504", "WB_A2": "MA", "WB_A3": "MAR", "CONTINENT": "Africa", "REGION_UN": "Africa", "SUBREGION": "Northern Africa", "REGION_WB": "Middle East & North Africa", "NAME_AR": "المغرب", "NAME_BN": "মরক্কো", "NAME_DE": "Marokko", "NAME_EN": "Morocco", "NAME_ES": "Marruecos", "NAME_FR": "Maroc", "NAME_EL": "Μαρόκο", "NAME_HI": "मोरक्को", "NAME_HU": "Marokkó", "NAME_ID": "Maroko", "NAME_IT": "Marocco", "NAME_JA": "モロッコ", "NAME_KO": "모로코", "NAME_NL": "Marokko", "NAME_PL": "Maroko", "NAME_PT": "Marrocos", "NAME_RU": "Марокко", "NAME_SV": "Marocko", "NAME_TR": "Fas", "NAME_VI": "Maroc", "NAME_ZH": "摩洛哥", "WB_NAME": "Morocco", "WB_RULES": "None", "WB_REGION": "MENA", "Shape_Leng": 37.316201524900002, "Shape_Area": 39.458700931700001 }, "geometry": { "type": "Polygon", "coordinates": [ [ [ -21.093218688221416, 30.514780566180821 ], [ -21.910549047459629, 31.422898640999552 ], [ -10.090425653663418, 34.929441558678455 ], [ -0.644576000086462, 32.843096144357943 ], [ -3.977210204005951, 24.771979574494246 ], [ -4.421613643046947, 24.6875548593482 ], [ -21.093218688221416, 30.514780566180821 ] ] ] } },
{ "type": "Feature", "properties": { "OBJECTID": 99, "featurecla": "Admin-0 country", "LEVEL": 2, "TYPE": "Sovereign country", "FORMAL_EN": "People's Republic of Angola", "FORMAL_FR": null, "POP_EST": 29310273, "POP_RANK": 15, "GDP_MD_EST": 189000.0, "POP_YEAR": 2017, "LASTCENSUS": 1970, "GDP_YEAR": 2016, "ECONOMY": "7. Least developed region", "INCOME_GRP": "3. Upper middle income", "FIPS_10_": "AO", "ISO_A2": "AO", "ISO_A3": "AGO", "ISO_A3_EH": "AGO", "ISO_N3": "024", "UN_A3": "024", "WB_A2": "AO", "WB_A3": "AGO", "CONTINENT": "Africa", "REGION_UN": "Africa", "SUBREGION": "Middle Africa", "REGION_WB": "Sub-Saharan Africa", "NAME_AR": "أنغولا", "NAME_BN": "অ্যাঙ্গোলা", "NAME_DE": "Angola", "NAME_EN": "Angola", "NAME_ES": "Angola", "NAME_FR": "Angola", "NAME_EL": "Ανγκόλα", "NAME_HI": "अंगोला", "NAME_HU": "Angola", "NAME_ID": "Angola", "NAME_IT": "Angola", "NAME_JA": "アンゴラ", "NAME_KO": "앙골라", "NAME_NL": "Angola", "NAME_PL": "Angola", "NAME_PT": "Angola", "NAME_RU": "Ангола", "NAME_SV": "Angola", "NAME_TR": "Angola", "NAME_VI": "Angola", "NAME_ZH": "安哥拉", "WB_NAME": "Angola", "WB_RULES": "None", "WB_REGION": "AFR", "Shape_Leng": 61.829045010900003, "Shape_Area": 103.585467128 }, "geometry": { "type": "Polygon", "coordinates": [ [ [ 7.205548937627291, -10.105254830318472 ], [ 13.033310725586512, -7.242632502520219 ], [ 18.390588995975346, -6.158097917559336 ], [ 23.075173435589353, -9.198097525034003 ], [ 22.273863683530823, -16.222613652947501 ], [ 20.546602603617558, -17.315872789620371 ], [ 2.845573052412342, -16.729519928634115 ], [ 1.884469128220906, -14.621677354306108 ], [ 7.205548937627291, -10.105254830318472 ] ] ] } },
{ "type": "Feature", "properties": { "OBJECTID": 205, "featurecla": "Admin-0 country", "LEVEL": 2, "TYPE": "Sovereign country", "FORMAL_EN": "Democratic Republic of São Tomé and Principe", "FORMAL_FR": null, "POP_EST": 201025, "POP_RANK": 10, "GDP_MD_EST": 694.0, "POP_YEAR": 2017, "LASTCENSUS": 2001, "GDP_YEAR": 2016, "ECONOMY": "7. Least developed region", "INCOME_GRP": "4. Lower middle income", "FIPS_10_": "TP", "ISO_A2": "ST", "ISO_A3": "STP", "ISO_A3_EH": "STP", "ISO_N3": "678", "UN_A3": "678", "WB_A2": "ST", "WB_A3": "STP", "CONTINENT": "Africa", "REGION_UN": "Africa", "SUBREGION": "Middle Africa", "REGION_WB": "Sub-Saharan Africa", "NAME_AR": "ساو تومي وبرينسيب", "NAME_BN": "সাঁউ তুমি ও প্রিন্সিপি", "NAME_DE": "São Tomé und Príncipe", "NAME_EN": "São Tomé and Príncipe", "NAME_ES": "Santo Tomé y Príncipe", "NAME_FR": "Sao Tomé-et-Principe", "NAME_EL": "Σάο Τομέ και Πρίνσιπε", "NAME_HI": "साओ तोमे और प्रिन्सिपी", "NAME_HU": "São Tomé és Príncipe", "NAME_ID": "Sao Tome dan Principe", "NAME_IT": "São Tomé e Príncipe", "NAME_JA": "サントメ・プリンシペ", "NAME_KO": "상투메 프린시페", "NAME_NL": "Sao Tomé en Principe", "NAME_PL": "Wyspy Świętego Tomasza i Książęca", "NAME_PT": "São Tomé e Príncipe", "NAME_RU": "Сан-Томе и Принсипи", "NAME_SV": "São Tomé och Príncipe", "NAME_TR": "São Tomé ve Príncipe", "NAME_VI": "São Tomé và Príncipe", "NAME_ZH": "圣多美和普林西比", "WB_NAME": "São Tomé and Príncipe", "WB_RULES": "Accents on a, e, and i", "WB_REGION": "AFR", "Shape_Leng": 1.66559184796, "Shape_Area": 0.084265103 }, "geometry": { "type": "Polygon", "coordinates": [ [ [ 1.884469128220906, -14.621677354306108 ], [ -6.079133779087005, -9.324819881782078 ], [ -4.030138142352874, -3.852289395749833 ], [ -2.692225205056654, -1.562352802609953 ], [ 1.331275041576296, 2.693283389825007 ], [ 4.825281729165613, 5.185084539491388 ], [ 5.176012882597856, 5.352793402799006 ], [ 7.13438278560427, 5.060720384021031 ], [ 9.137788201446632, -0.661272864523105 ], [ 7.205548937627291, -10.105254830318472 ], [ 1.884469128220906, -14.621677354306108 ] ] ] } },
{ "type": "Feature", "properties": { "OBJECTID": 95, "featurecla": "Admin-0 country", "LEVEL": 2, "TYPE": "Sovereign country", "FORMAL_EN": "Republic of Mali", "FORMAL_FR": null, "POP_EST": 17885245, "POP_RANK": 14, "GDP_MD_EST": 38090.0, "POP_YEAR": 2017, "LASTCENSUS": 2009, "GDP_YEAR": 2016, "ECONOMY": "7. Least developed region", "INCOME_GRP": "5. Low income", "FIPS_10_": "ML", "ISO_A2": "ML", "ISO_A3": "MLI", "ISO_A3_EH": "MLI", "ISO_N3": "466", "UN_A3": "466", "WB_A2": "ML", "WB_A3": "MLI", "CONTINENT": "Africa", "REGION_UN": "Africa", "SUBREGION": "Western Africa", "REGION_WB": "Sub-Saharan Africa", "NAME_AR": "مالي", "NAME_BN": "মালি", "NAME_DE": "Mali", "NAME_EN": "Mali", "NAME_ES": "Malí", "NAME_FR": "Mali", "NAME_EL": "Μάλι", "NAME_HI": "माली", "NAME_HU": "Mali", "NAME_ID": "Mali", "NAME_IT": "Mali", "NAME_JA": "マリ共和国", "NAME_KO": "말리", "NAME_NL": "Mali", "NAME_PL": "Mali", "NAME_PT": "Mali", "NAME_RU": "Мали", "NAME_SV": "Mali", "NAME_TR": "Mali", "NAME_VI": "Mali", "NAME_ZH": "马里共和国", "WB_NAME": "Mali", "WB_RULES": "None", "WB_REGION": "AFR", "Shape_Leng": 66.698794469399999, "Shape_Area": 106.682411546 }, "geometry": { "type": "Polygon", "coordinates": [ [ [ -8.476396256777409, 15.21313592604065 ], [ -4.421613643046947, 24.6875548593482 ], [ -3.977210204005951, 24.771979574494246 ], [ 2.90366051322934, 20.828564143114964 ], [ 2.927014232817874, 16.766040685148244 ], [ -6.751200069017327, 13.364478879935794 ], [ -8.476396256777409, 15.21313592604065 ] ] ] } },
{ "type": "Feature", "properties": { "OBJECTID": 93, "featurecla": "Admin-0 country", "LEVEL": 2, "TYPE": "Sovereign country", "FORMAL_EN": "Republic of Ivory Coast", "FORMAL_FR": "Republic of Cote D'Ivoire", "POP_EST": 24184810, "POP_RANK": 15, "GDP_MD_EST": 87120.0, "POP_YEAR": 2017, "LASTCENSUS": 1998, "GDP_YEAR": 2016, "ECONOMY": "6. Developing region", "INCOME_GRP": "4. Lower middle income", "FIPS_10_": "IV", "ISO_A2": "CI", "ISO_A3": "CIV", "ISO_A3_EH": "CIV", "ISO_N3": "384", "UN_A3": "384", "WB_A2": "CI", "WB_A3": "CIV", "CONTINENT": "Africa", "REGION_UN": "Africa", "SUBREGION": "Western Africa", "REGION_WB": "Sub-Saharan Africa", "NAME_AR": "ساحل العاج", "NAME_BN": "কোত দিভোয়ার", "NAME_DE": "Elfenbeinküste", "NAME_EN": "Ivory Coast", "NAME_ES": "Costa de Marfil", "NAME_FR": "Côte d'Ivoire", "NAME_EL": "Ακτή Ελεφαντοστού", "NAME_HI": "कोत द'ईवोआर", "NAME_HU": "Elefántcsontpart", "NAME_ID": "Pantai Gading", "NAME_IT": "Costa d'Avorio", "NAME_JA": "コートジボワール", "NAME_KO": "코트디부아르", "NAME_NL": "Ivoorkust", "NAME_PL": "Wybrzeże Kości Słoniowej", "NAME_PT": "Costa do Marfim", "NAME_RU": "Кот-д’Ивуар", "NAME_SV": "Elfenbenskusten", "NAME_TR": "Fildişi Sahili", "NAME_VI": "Bờ Biển Ngà", "NAME_ZH": "科特迪瓦", "WB_NAME": "Côte d'Ivoire", "WB_RULES": "Don't use Ivory Coast; With circumflex over \"o\"", "WB_REGION": "AFR", "Shape_Leng": 36.281967913400003, "Shape_Area": 26.287118717599999 }, "geometry": { "type": "Polygon", "coordinates": [ [ [ -6.541455611545798, 12.314269531913849 ], [ -3.547300907364522, 9.854307967028236 ], [ -2.692225205056654, -1.562352802609953 ], [ -4.030138142352874, -3.852289395749833 ], [ -8.138893986230626, 9.255593922768009 ], [ -6.541455611545798, 12.314269531913849 ] ] ] } },
{ "type": "Feature", "properties": { "OBJECTID": 149, "featurecla": "Admin-0 country", "LEVEL": 2, "TYPE": "Dependency", "FORMAL_EN": null, "FORMAL_FR": null, "POP_EST": 29396, "POP_RANK": 7, "GDP_MD_EST": 2044.0, "POP_YEAR": 2017, "LASTCENSUS": -99, "GDP_YEAR": 2014, "ECONOMY": "2. Developed region: nonG7", "INCOME_GRP": "1. High income: OECD", "FIPS_10_": "GI", "ISO_A2": "GI", "ISO_A3": "GIB", "ISO_A3_EH": "GIB", "ISO_N3": "292", "UN_A3": "292", "WB_A2": "-99", "WB_A3": "GIB", "CONTINENT": "Europe", "REGION_UN": "Europe", "SUBREGION": "Southern Europe", "REGION_WB": "Europe & Central Asia", "NAME_AR": "جبل طارق", "NAME_BN": "জিব্রাল্টার", "NAME_DE": "Gibraltar", "NAME_EN": "Gibraltar", "NAME_ES": "Gibraltar", "NAME_FR": "Gibraltar", "NAME_EL": "Γιβραλτάρ", "NAME_HI": "जिब्राल्टर", "NAME_HU": "Gibraltár", "NAME_ID": "Gibraltar", "NAME_IT": "Gibilterra", "NAME_JA": "ジブラルタル", "NAME_KO": "지브롤터", "NAME_NL": "Gibraltar", "NAME_PL": "Gibraltar", "NAME_PT": "Gibraltar", "NAME_RU": "Гибралтар", "NAME_SV": "Gibraltar", "NAME_TR": "Cebelitarık", "NAME_VI": "Gibraltar", "NAME_ZH": "直布罗陀", "WB_NAME": "Gibraltar (UK)", "WB_RULES": "Name in italic", "WB_REGION": "Other", "Shape_Leng": 0.08599869159, "Shape_Area": 0.0003696757 }, "geometry": { "type": "Polygon", "coordinates": [ [ [ -5.9767995015988, 38.789010856236146 ], [ 1.473112264688519, 35.709135200486166 ], [ 1.830495929417962, 35.324128191285389 ], [ -0.644576000086462, 32.843096144357943 ], [ -10.090425653663418, 34.929441558678455 ], [ -5.9767995015988, 38.789010856236146 ] ] ] } },
{ "type": "Feature", "properties": { "OBJECTID": 211, "featurecla": "Admin-0 country", "LEVEL": 2, "TYPE": "Dependency", "FORMAL_EN": "Føroyar Is. (Faeroe Is.)", "FORMAL_FR": null, "POP_EST": 50730, "POP_RANK": 8, "GDP_MD_EST": 2001.0, "POP_YEAR": 2017, "LASTCENSUS": 2011, "GDP_YEAR": 2014, "ECONOMY": "2. Developed region: nonG7", "INCOME_GRP": "2. High income: nonOECD", "FIPS_10_": "FO", "ISO_A2": "FO", "ISO_A3": "FRO", "ISO_A3_EH": "FRO", "ISO_N3": "234", "UN_A3": "234", "WB_A2": "FO", "WB_A3": "FRO", "CONTINENT": "Europe", "REGION_UN": "Europe", "SUBREGION": "Northern Europe", "REGION_WB": "Europe & Central Asia", "NAME_AR": "جزر فارو", "NAME_BN": "ফ্যারও দ্বীপপুঞ্জ", "NAME_DE": "Färöer", "NAME_EN": "Faroe Islands", "NAME_ES": "Islas Feroe", "NAME_FR": "îles Féroé", "NAME_EL": "Νήσοι Φερόες", "NAME_HI": "फ़रो द्वीपसमूह", "NAME_HU": "Feröer", "NAME_ID": "Kepulauan Faroe", "NAME_IT": "Fær Øer", "NAME_JA": "フェロー諸島", "NAME_KO": "페로 제도", "NAME_NL": "Faeröer", "NAME_PL": "Wyspy Owcze", "NAME_PT": "Ilhas Feroe", "NAME_RU": "Фарерские острова", "NAME_SV": "Färöarna", "NAME_TR": "Faroe Adaları", "NAME_VI": "Quần đảo Faroe", "NAME_ZH": "法罗群岛", "WB_NAME": "Faroe Islands (Den.)", "WB_RULES": "Name in italic", "WB_REGION": "Other", "Shape_Leng": 10.2696924835, "Shape_Area": 0.2280579309 }, "geometry": { "type": "Polygon", "coordinates": [ [ [ -4.391367429795536, 94.148272087766884 ], [ 4.104030827619022, 65.982816497113916 ], [ 2.623144052124708, 61.880521452447368 ], [ -3.479846232064229, 58.813540731420801 ], [ -7.479607039933311, 57.62208518632206 ], [ -13.976276529885492, 58.552854105495463 ], [ -5.099230643307826, 94.148272087766884 ], [ -4.391367429795536, 94.148272087766884 ] ] ] } },
{ "type": "Feature", "properties": { "OBJECTID": 77, "featurecla": "Admin-0 country", "LEVEL": 2, "TYPE": "Country", "FORMAL_EN": "United Kingdom of Great Britain and Northern Ireland", "FORMAL_FR": null, "POP_EST": 64769452, "POP_RANK": 16, "GDP_MD_EST": 2788000.0, "POP_YEAR": 2017, "LASTCENSUS": 2011, "GDP_YEAR": 2016, "ECONOMY": "1. Developed region: G7", "INCOME_GRP": "1. High income: OECD", "FIPS_10_": "UK", "ISO_A2": "GB", "ISO_A3": "GBR", "ISO_A3_EH": "GBR", "ISO_N3": "826", "UN_A3": "826", "WB_A2": "GB", "WB_A3": "GBR", "CONTINENT": "Europe", "REGION_UN": "Europe", "SUBREGION": "Northern Europe", "REGION_WB": "Europe & Central Asia", "NAME_AR": "المملكة المتحدة", "NAME_BN": "যুক্তরাজ্য", "NAME_DE": "Vereinigtes Königreich", "NAME_EN": "United Kingdom", "NAME_ES": "Reino Unido", "NAME_FR": "Royaume-Uni", "NAME_EL": "Ηνωμένο Βασίλειο", "NAME_HI": "यूनाइटेड किंगडम", "NAME_HU": "Egyesült Királyság", "NAME_ID": "Britania Raya", "NAME_IT": "Regno Unito", "NAME_JA": "イギリス", "NAME_KO": "영국", "NAME_NL": "Verenigd Koninkrijk", "NAME_PL": "Wielka Brytania", "NAME_PT": "Reino Unido", "NAME_RU": "Великобритания", "NAME_SV": "Storbritannien", "NAME_TR": "Birleşik Krallık", "NAME_VI": "Vương quốc Liên hiệp Anh và Bắc Ireland", "NAME_ZH": "英国", "WB_NAME": "United Kingdom", "WB_RULES": "None", "WB_REGION": "Other", "Shape_Leng": 155.61409128899999, "Shape_Area": 33.545736207300003 }, "geometry": { "type": "Polygon", "coordinates": [ [ [ 1.432134906797145, 53.583899902662282 ], [ 0.782819710969843, 52.191331780130611 ], [ -0.615348775517589, 51.975752939511132 ], [ -3.832815350606321, 51.729770738435313 ], [ -3.479846232064229, 58.813540731420801 ], [ 2.623144052124708, 61.880521452447368 ], [ 2.874969119474037, 60.088657511112153 ], [ 1.432134906797145, 53.583899902662282 ] ] ] } },
{ "type": "Feature", "properties": { "OBJECTID": 238, "featurecla": "Admin-0 country", "LEVEL": 2, "TYPE": "Country", "FORMAL_EN": "Kingdom of the Netherlands", "FORMAL_FR": null, "POP_EST": 17084719, "POP_RANK": 14, "GDP_MD_EST": 870800.0, "POP_YEAR": 2017, "LASTCENSUS": 2011, "GDP_YEAR": 2016, "ECONOMY": "2. Developed region: nonG7", "INCOME_GRP": "1. High income: OECD", "FIPS_10_": "NL", "ISO_A2": "NL", "ISO_A3": "NLD", "ISO_A3_EH": "NLD", "ISO_N3": "528", "UN_A3": "528", "WB_A2": "NL", "WB_A3": "NLD", "CONTINENT": "Europe", "REGION_UN": "Europe", "SUBREGION": "Western Europe", "REGION_WB": "Europe & Central Asia", "NAME_AR": "هولندا", "NAME_BN": "নেদারল্যান্ডস", "NAME_DE": "Niederlande", "NAME_EN": "Netherlands", "NAME_ES": "Países Bajos", "NAME_FR": "Pays-Bas", "NAME_EL": "Ολλανδία", "NAME_HI": "नीदरलैण्ड", "NAME_HU": "Hollandia", "NAME_ID": "Belanda", "NAME_IT": "Paesi Bassi", "NAME_JA": "オランダ", "NAME_KO": "네덜란드", "NAME_NL": "Nederland", "NAME_PL": "Holandia", "NAME_PT": "Países Baixos", "NAME_RU": "Нидерланды", "NAME_SV": "Nederländerna", "NAME_TR": "Hollanda", "NAME_VI": "Hà Lan", "NAME_ZH": "荷蘭", "WB_NAME": "Netherlands", "WB_RULES": "None", "WB_REGION": "Other", "Shape_Leng": 22.816385927300001, "Shape_Area": 4.8845404398800003 }, "geometry": { "type": "Polygon", "coordinates": [ [ [ 2.874969119474037, 60.088657511112153 ], [ 8.400667660858801, 53.412513231384317 ], [ 7.9193977722288, 51.42505557211485 ], [ 5.854785995032165, 51.022646181563317 ], [ 1.432134906797145, 53.583899902662282 ], [ 2.874969119474037, 60.088657511112153 ] ] ] } },
{ "type": "Feature", "properties": { "OBJECTID": 21, "featurecla": "Admin-0 country", "LEVEL": 2, "TYPE": "Country", "FORMAL_EN": "French Republic", "FORMAL_FR": null, "POP_EST": 67106161, "POP_RANK": 16, "GDP_MD_EST": 2699000.0, "POP_YEAR": 2017, "LASTCENSUS": -99, "GDP_YEAR": 2016, "ECONOMY": "1. Developed region: G7", "INCOME_GRP": "1. High income: OECD", "FIPS_10_": "FR", "ISO_A2": "-99", "ISO_A3": "-99", "ISO_A3_EH": "FRA", "ISO_N3": "250", "UN_A3": "250", "WB_A2": "FR", "WB_A3": "FRA", "CONTINENT": "Europe", "REGION_UN": "Europe", "SUBREGION": "Western Europe", "REGION_WB": "Europe & Central Asia", "NAME_AR": "فرنسا", "NAME_BN": "ফ্রান্স", "NAME_DE": "Frankreich", "NAME_EN": "France", "NAME_ES": "Francia", "NAME_FR": "France", "NAME_EL": "Γαλλία", "NAME_HI": "फ़्रान्स", "NAME_HU": "Franciaország", "NAME_ID": "Perancis", "NAME_IT": "Francia", "NAME_JA": "フランス", "NAME_KO": "프랑스", "NAME_NL": "Frankrijk", "NAME_PL": "Francja", "NAME_PT": "França", "NAME_RU": "Франция", "NAME_SV": "Frankrike", "NAME_TR": "Fransa", "NAME_VI": "Pháp", "NAME_ZH": "法国", "WB_NAME": "France", "WB_RULES": "None", "WB_REGION": "Other", "Shape_Leng": 102.20855071299999, "Shape_Area": 71.575817579200006 }, "geometry": { "type": "Polygon", "coordinates": [ [ [ -7.944343343859565, 45.995358829314092 ], [ -4.58972131001215, 45.892142205572291 ], [ -0.864994891256222, 45.560035743361929 ], [ -0.392257636863153, 39.911605718916526 ], [ -6.485236837834296, 42.711549795785437 ], [ -7.944343343859565, 45.995358829314092 ] ] ] } },
{ "type": "Feature", "properties": { "OBJECTID": 145, "featurecla": "Admin-0 country", "LEVEL": 2, "TYPE": "Sovereign country", "FORMAL_EN": "Burkina Faso", "FORMAL_FR": null, "POP_EST": 20107509, "POP_RANK": 15, "GDP_MD_EST": 32990.0, "POP_YEAR": 2017, "LASTCENSUS": 2006, "GDP_YEAR": 2016, "ECONOMY": "7. Least developed region", "INCOME_GRP": "5. Low income", "FIPS_10_": "UV", "ISO_A2": "BF", "ISO_A3": "BFA", "ISO_A3_EH": "BFA", "ISO_N3": "854", "UN_A3": "854", "WB_A2": "BF", "WB_A3": "BFA", "CONTINENT": "Africa", "REGION_UN": "Africa", "SUBREGION": "Western Africa", "REGION_WB": "Sub-Saharan Africa", "NAME_AR": "بوركينا فاسو", "NAME_BN": "বুর্কিনা ফাসো", "NAME_DE": "Burkina Faso", "NAME_EN": "Burkina Faso", "NAME_ES": "Burkina Faso", "NAME_FR": "Burkina Faso", "NAME_EL": "Μπουρκίνα Φάσο", "NAME_HI": "बुर्किना फासो", "NAME_HU": "Burkina Faso", "NAME_ID": "Burkina Faso", "NAME_IT": "Burkina Faso", "NAME_JA": "ブルキナファソ", "NAME_KO": "부르키나파소", "NAME_NL": "Burkina Faso", "NAME_PL": "Burkina Faso", "NAME_PT": "Burkina Faso", "NAME_RU": "Буркина-Фасо", "NAME_SV": "Burkina Faso", "NAME_TR": "Burkina Faso", "NAME_VI": "Burkina Faso", "NAME_ZH": "布吉納法索", "WB_NAME": "Burkina Faso", "WB_RULES": "None", "WB_REGION": "AFR", "Shape_Leng": 29.865507017, "Shape_Area": 22.669045672399999 }, "geometry": { "type": "Polygon", "coordinates": [ [ [ -6.541455611545798, 12.314269531913849 ], [ -6.751200069017327, 13.364478879935794 ], [ 2.927014232817874, 16.766040685148244 ], [ 3.386325711885938, 15.772151236355782 ], [ 0.212813199871486, 10.840715189693302 ], [ -0.646697821430885, 10.216583563496531 ], [ -3.547300907364522, 9.854307967028236 ], [ -6.541455611545798, 12.314269531913849 ] ] ] } },
{ "type": "Feature", "properties": { "OBJECTID": 65, "featurecla": "Admin-0 country", "LEVEL": 2, "TYPE": "Sovereign country", "FORMAL_EN": "Kingdom of Spain", "FORMAL_FR": null, "POP_EST": 48958159, "POP_RANK": 15, "GDP_MD_EST": 1690000.0, "POP_YEAR": 2017, "LASTCENSUS": 2001, "GDP_YEAR": 2016, "ECONOMY": "2. Developed region: nonG7", "INCOME_GRP": "1. High income: OECD", "FIPS_10_": "SP", "ISO_A2": "ES", "ISO_A3": "ESP", "ISO_A3_EH": "ESP", "ISO_N3": "724", "UN_A3": "724", "WB_A2": "ES", "WB_A3": "ESP", "CONTINENT": "Europe", "REGION_UN": "Europe", "SUBREGION": "Southern Europe", "REGION_WB": "Europe & Central Asia", "NAME_AR": "إسبانيا", "NAME_BN": "স্পেন", "NAME_DE": "Spanien", "NAME_EN": "Spain", "NAME_ES": "España", "NAME_FR": "Espagne", "NAME_EL": "Ισπανία", "NAME_HI": "स्पेन", "NAME_HU": "Spanyolország", "NAME_ID": "Spanyol", "NAME_IT": "Spagna", "NAME_JA": "スペイン", "NAME_KO": "스페인", "NAME_NL": "Spanje", "NAME_PL": "Hiszpania", "NAME_PT": "Espanha", "NAME_RU": "Испания", "NAME_SV": "Spanien", "NAME_TR": "İspanya", "NAME_VI": "Tây Ban Nha", "NAME_ZH": "西班牙", "WB_NAME": "Spain", "WB_RULES": "None", "WB_REGION": "Other", "Shape_Leng": 70.285985349000001, "Shape_Area": 53.681928254799999 }, "geometry": { "type": "Polygon", "coordinates": [ [ [ -5.9767995015988, 38.789010856236146 ], [ -6.485236837834296, 42.711549795785437 ], [ -0.392257636863153, 39.911605718916526 ], [ 1.473112264688519, 35.709135200486166 ], [ -5.9767995015988, 38.789010856236146 ] ] ] } },
{ "type": "Feature", "properties": { "OBJECTID": 210, "featurecla": "Admin-0 country", "LEVEL": 2, "TYPE": "Country", "FORMAL_EN": null, "FORMAL_FR": null, "POP_EST": 88815, "POP_RANK": 8, "GDP_MD_EST": 7428.0, "POP_YEAR": 2017, "LASTCENSUS": 2006, "GDP_YEAR": 2014, "ECONOMY": "2. Developed region: nonG7", "INCOME_GRP": "2. High income: nonOECD", "FIPS_10_": "IM", "ISO_A2": "IM", "ISO_A3": "IMN", "ISO_A3_EH": "IMN", "ISO_N3": "833", "UN_A3": "833", "WB_A2": "IM", "WB_A3": "IMY", "CONTINENT": "Europe", "REGION_UN": "Europe", "SUBREGION": "Northern Europe", "REGION_WB": "Europe & Central Asia", "NAME_AR": "جزيرة مان", "NAME_BN": "আইল অব ম্যান", "NAME_DE": "Isle of Man", "NAME_EN": "Isle of Man", "NAME_ES": "Isla de Man", "NAME_FR": "île de Man", "NAME_EL": "Νήσος του Μαν", "NAME_HI": "मनुष्य का टापू", "NAME_HU": "Man", "NAME_ID": "Pulau Man", "NAME_IT": "Isola di Man", "NAME_JA": "マン島", "NAME_KO": "맨 섬", "NAME_NL": "Man", "NAME_PL": "Wyspa Man", "NAME_PT": "Ilha de Man", "NAME_RU": "остров Мэн", "NAME_SV": "Isle of Man", "NAME_TR": "Man Adası", "NAME_VI": "Đảo Man", "NAME_ZH": "马恩岛", "WB_NAME": "Isle of Man (UK)", "WB_RULES": "Name in italic", "WB_REGION": "Other", "Shape_Leng": 1.40996132973, "Shape_Area": 0.07918554465 }, "geometry": { "type": "Polygon", "coordinates": [ [ [ -7.479607039933311, 57.62208518632206 ], [ -3.479846232064229, 58.813540731420801 ], [ -3.832815350606321, 51.729770738435313 ], [ -5.553572647151115, 51.003270458368533 ], [ -7.479607039933311, 57.62208518632206 ] ] ] } },
{ "type": "Feature", "properties": { "OBJECTID": 118, "featurecla": "Admin-0 country", "LEVEL": 2, "TYPE": "Sovereign country", "FORMAL_EN": "People's Democratic Republic of Algeria", "FORMAL_FR": null, "POP_EST": 40969443, "POP_RANK": 15, "GDP_MD_EST": 609400.0, "POP_YEAR": 2017, "LASTCENSUS": 2008, "GDP_YEAR": 2016, "ECONOMY": "6. Developing region", "INCOME_GRP": "3. Upper middle income", "FIPS_10_": "AG", "ISO_A2": "DZ", "ISO_A3": "DZA", "ISO_A3_EH": "DZA", "ISO_N3": "012", "UN_A3": "012", "WB_A2": "DZ", "WB_A3": "DZA", "CONTINENT": "Africa", "REGION_UN": "Africa", "SUBREGION": "Northern Africa", "REGION_WB": "Middle East & North Africa", "NAME_AR": "الجزائر", "NAME_BN": "আলজেরিয়া", "NAME_DE": "Algerien", "NAME_EN": "Algeria", "NAME_ES": "Argelia", "NAME_FR": "Algérie", "NAME_EL": "Αλγερία", "NAME_HI": "अल्जीरिया", "NAME_HU": "Algéria", "NAME_ID": "Aljazair", "NAME_IT": "Algeria", "NAME_JA": "アルジェリア", "NAME_KO": "알제리", "NAME_NL": "Algerije", "NAME_PL": "Algieria", "NAME_PT": "Argélia", "NAME_RU": "Алжир", "NAME_SV": "Algeriet", "NAME_TR": "Cezayir", "NAME_VI": "Algérie", "NAME_ZH": "阿尔及利亚", "WB_NAME": "Algeria", "WB_RULES": "None", "WB_REGION": "MENA", "Shape_Leng": 71.641686921900003, "Shape_Area": 212.69094059400001 }, "geometry": { "type": "Polygon", "coordinates": [ [ [ 1.830495929417962, 35.324128191285389 ], [ 2.439145133249857, 35.370322516595607 ], [ 10.241175383623967, 26.351673585950934 ], [ 10.171019574214217, 25.388561302050739 ], [ 2.90366051322934, 20.828564143114964 ], [ -3.977210204005951, 24.771979574494246 ], [ -0.644576000086462, 32.843096144357943 ], [ 1.830495929417962, 35.324128191285389 ] ] ] } },
{ "type": "Feature", "properties": { "OBJECTID": 209, "featurecla": "Admin-0 country", "LEVEL": 2, "TYPE": "Country", "FORMAL_EN": "Bailiwick of Guernsey", "FORMAL_FR": null, "POP_EST": 66502, "POP_RANK": 8, "GDP_MD_EST": 3465.0, "POP_YEAR": 2017, "LASTCENSUS": 2001, "GDP_YEAR": 2015, "ECONOMY": "2. Developed region: nonG7", "INCOME_GRP": "2. High income: nonOECD", "FIPS_10_": "GK", "ISO_A2": "GG", "ISO_A3": "GGY", "ISO_A3_EH": "GGY", "ISO_N3": "831", "UN_A3": "831", "WB_A2": null, "WB_A3": "GGY", "CONTINENT": "Europe", "REGION_UN": "Europe", "SUBREGION": "Northern Europe", "REGION_WB": "Europe & Central Asia", "NAME_AR": "غيرنزي", "NAME_BN": null, "NAME_DE": "Guernsey", "NAME_EN": "Guernsey", "NAME_ES": "Guernsey", "NAME_FR": "Guernesey", "NAME_EL": "Γκέρνσεϊ", "NAME_HI": "ग्वेर्नसे", "NAME_HU": "Guernsey Bailiffség", "NAME_ID": "Guernsey", "NAME_IT": "Guernsey", "NAME_JA": "ガーンジー", "NAME_KO": "건지 섬", "NAME_NL": "Guernsey", "NAME_PL": "Guernsey", "NAME_PT": "Guernsey", "NAME_RU": "Гернси", "NAME_SV": "Guernsey", "NAME_TR": "Guernsey", "NAME_VI": "Guernsey", "NAME_ZH": "根西岛", "WB_NAME": "Guernsey (UK)", "WB_RULES": "Name in italic", "WB_REGION": "Other", "Shape_Leng": 0.7112130932, "Shape_Area": 0.00918060873 }, "geometry": { "type": "Polygon", "coordinates": [ [ [ -5.553572647151115, 51.003270458368533 ], [ -3.832815350606321, 51.729770738435313 ], [ -0.615348775517589, 51.975752939511132 ], [ -4.58972131001215, 45.892142205572291 ], [ -7.944343343859565, 45.995358829314092 ], [ -8.588713922225175, 46.389925558061478 ], [ -5.553572647151115, 51.003270458368533 ] ] ] } },
{ "type": "Feature", "properties": { "OBJECTID": 125, "featurecla": "Admin-0 country", "LEVEL": 2, "TYPE": "Sovereign country", "FORMAL_EN": "Principality of Andorra", "FORMAL_FR": null, "POP_EST": 85702, "POP_RANK": 8, "GDP_MD_EST": 3327.0, "POP_YEAR": 2017, "LASTCENSUS": 1989, "GDP_YEAR": 2015, "ECONOMY": "2. Developed region: nonG7", "INCOME_GRP": "2. High income: nonOECD", "FIPS_10_": "AN", "ISO_A2": "AD", "ISO_A3": "AND", "ISO_A3_EH": "AND", "ISO_N3": "020", "UN_A3": "020", "WB_A2": "AD", "WB_A3": "ADO", "CONTINENT": "Europe", "REGION_UN": "Europe", "SUBREGION": "Southern Europe", "REGION_WB": "Europe & Central Asia", "NAME_AR": "أندورا", "NAME_BN": "অ্যান্ডোরা", "NAME_DE": "Andorra", "NAME_EN": "Andorra", "NAME_ES": "Andorra", "NAME_FR": "Andorre", "NAME_EL": "Ανδόρρα", "NAME_HI": "अण्डोरा", "NAME_HU": "Andorra", "NAME_ID": "Andorra", "NAME_IT": "Andorra", "NAME_JA": "アンドラ", "NAME_KO": "안도라", "NAME_NL": "Andorra", "NAME_PL": "Andora", "NAME_PT": "Andorra", "NAME_RU": "Андорра", "NAME_SV": "Andorra", "NAME_TR": "Andorra", "NAME_VI": "Andorra", "NAME_ZH": "安道尔", "WB_NAME": "Andorra", "WB_RULES": "None", "WB_REGION": "Other", "Shape_Leng": 1.0579531766700001, "Shape_Area": 0.04956073449 }, "geometry": { "type": "Polygon", "coordinates": [ [ [ 1.473112264688519, 35.709135200486166 ], [ -0.392257636863153, 39.911605718916526 ], [ -0.864994891256222, 45.560035743361929 ], [ 1.856257676536391, 47.062563083016727 ], [ 3.148031251409831, 46.571262647806357 ], [ 3.867841225281687, 46.121872382169954 ], [ 5.482081632503655, 38.258599185811647 ], [ 2.439145133249857, 35.370322516595607 ], [ 1.830495929417962, 35.324128191285389 ], [ 1.473112264688519, 35.709135200486166 ] ] ] } },
{ "type": "Feature", "properties": { "OBJECTID": 58, "featurecla": "Admin-0 country", "LEVEL": 2, "TYPE": "Sovereign country", "FORMAL_EN": "Kingdom of Belgium", "FORMAL_FR": null, "POP_EST": 11491346, "POP_RANK": 14, "GDP_MD_EST": 508600.0, "POP_YEAR": 2017, "LASTCENSUS": 2011, "GDP_YEAR": 2016, "ECONOMY": "2. Developed region: nonG7", "INCOME_GRP": "1. High income: OECD", "FIPS_10_": "BE", "ISO_A2": "BE", "ISO_A3": "BEL", "ISO_A3_EH": "BEL", "ISO_N3": "056", "UN_A3": "056", "WB_A2": "BE", "WB_A3": "BEL", "CONTINENT": "Europe", "REGION_UN": "Europe", "SUBREGION": "Western Europe", "REGION_WB": "Europe & Central Asia", "NAME_AR": "بلجيكا", "NAME_BN": "বেলজিয়াম", "NAME_DE": "Belgien", "NAME_EN": "Belgium", "NAME_ES": "Bélgica", "NAME_FR": "Belgique", "NAME_EL": "Βέλγιο", "NAME_HI": "बेल्जियम", "NAME_HU": "Belgium", "NAME_ID": "Belgia", "NAME_IT": "Belgio", "NAME_JA": "ベルギー", "NAME_KO": "벨기에", "NAME_NL": "België", "NAME_PL": "Belgia", "NAME_PT": "Bélgica", "NAME_RU": "Бельгия", "NAME_SV": "Belgien", "NAME_TR": "Belçika", "NAME_VI": "Bỉ", "NAME_ZH": "比利时", "WB_NAME": "Belgium", "WB_RULES": "None", "WB_REGION": "Other", "Shape_Leng": 13.4967900316, "Shape_Area": 3.8973508328899999 }, "geometry": { "type": "Polygon", "coordinates": [ [ [ 1.432134906797145, 53.583899902662282 ], [ 5.854785995032165, 51.022646181563317 ], [ 3.148031251409831, 46.571262647806357 ], [ 1.856257676536391, 47.062563083016727 ], [ 0.782819710969843, 52.191331780130611 ], [ 1.432134906797145, 53.583899902662282 ] ] ] } },
{ "type": "Feature", "properties": { "OBJECTID": 98, "featurecla": "Admin-0 country", "LEVEL": 2, "TYPE": "Sovereign country", "FORMAL_EN": "Republic of Benin", "FORMAL_FR": null, "POP_EST": 11038805, "POP_RANK": 14, "GDP_MD_EST": 24310.0, "POP_YEAR": 2017, "LASTCENSUS": 2002, "GDP_YEAR": 2016, "ECONOMY": "7. Least developed region", "INCOME_GRP": "5. Low income", "FIPS_10_": "BN", "ISO_A2": "BJ", "ISO_A3": "BEN", "ISO_A3_EH": "BEN", "ISO_N3": "204", "UN_A3": "204", "WB_A2": "BJ", "WB_A3": "BEN", "CONTINENT": "Africa", "REGION_UN": "Africa", "SUBREGION": "Western Africa", "REGION_WB": "Sub-Saharan Africa", "NAME_AR": "بنين", "NAME_BN": "বেনিন", "NAME_DE": "Benin", "NAME_EN": "Benin", "NAME_ES": "Benín", "NAME_FR": "Bénin", "NAME_EL": "Μπενίν", "NAME_HI": "बेनिन", "NAME_HU": "Benin", "NAME_ID": "Benin", "NAME_IT": "Benin", "NAME_JA": "ベナン", "NAME_KO": "베냉", "NAME_NL": "Benin", "NAME_PL": "Benin", "NAME_PT": "Benim", "NAME_RU": "Бенин", "NAME_SV": "Benin", "NAME_TR": "Benin", "NAME_VI": "Bénin", "NAME_ZH": "贝宁", "WB_NAME": "Benin", "WB_RULES": "None", "WB_REGION": "AFR", "Shape_Leng": 18.104312210500002, "Shape_Area": 9.5681123691799996 }, "geometry": { "type": "Polygon", "coordinates": [ [ [ 3.386325711885938, 15.772151236355782 ], [ 5.245570459932793, 14.085020135225598 ], [ 5.176012882597856, 5.352793402799006 ], [ 4.825281729165613, 5.185084539491388 ], [ 0.212813199871486, 10.840715189693302 ], [ 3.386325711885938, 15.772151236355782 ] ] ] } },
{ "type": "Feature", "properties": { "OBJECTID": 208, "featurecla": "Admin-0 country", "LEVEL": 2, "TYPE": "Country", "FORMAL_EN": "Bailiwick of Jersey", "FORMAL_FR": null, "POP_EST": 98840, "POP_RANK": 8, "GDP_MD_EST": 5080.0, "POP_YEAR": 2017, "LASTCENSUS": 2001, "GDP_YEAR": 2015, "ECONOMY": "2. Developed region: nonG7", "INCOME_GRP": "2. High income: nonOECD", "FIPS_10_": "JE", "ISO_A2": "JE", "ISO_A3": "JEY", "ISO_A3_EH": "JEY", "ISO_N3": "832", "UN_A3": "832", "WB_A2": null, "WB_A3": "JEY", "CONTINENT": "Europe", "REGION_UN": "Europe", "SUBREGION": "Northern Europe", "REGION_WB": "Europe & Central Asia", "NAME_AR": "جيرزي", "NAME_BN": "জার্সি", "NAME_DE": "Jersey", "NAME_EN": "Jersey", "NAME_ES": "Jersey", "NAME_FR": "Jersey", "NAME_EL": "Τζέρσεϊ", "NAME_HI": "जर्सी", "NAME_HU": "Jersey", "NAME_ID": "Jersey", "NAME_IT": "Baliato di Jersey", "NAME_JA": "ジャージー", "NAME_KO": "저지 섬", "NAME_NL": "Jersey", "NAME_PL": "Jersey", "NAME_PT": "Jersey", "NAME_RU": "Джерси", "NAME_SV": "Jersey", "NAME_TR": "Jersey", "NAME_VI": "Jersey", "NAME_ZH": "澤西島", "WB_NAME": "Jersey (UK)", "WB_RULES": "Name in italic", "WB_REGION": "Other", "Shape_Leng": 0.62571395804999996, "Shape_Area": 0.0146945136 }, "geometry": { "type": "Polygon", "coordinates": [ [ [ -4.58972131001215, 45.892142205572291 ], [ -0.615348775517589, 51.975752939511132 ], [ 0.782819710969843, 52.191331780130611 ], [ 1.856257676536391, 47.062563083016727 ], [ -0.864994891256222, 45.560035743361929 ], [ -4.58972131001215, 45.892142205572291 ] ] ] } },
{ "type": "Feature", "properties": { "OBJECTID": 146, "featurecla": "Admin-0 country", "LEVEL": 2, "TYPE": "Sovereign country", "FORMAL_EN": "Togolese Republic", "FORMAL_FR": "République Togolaise", "POP_EST": 7965055, "POP_RANK": 13, "GDP_MD_EST": 11610.0, "POP_YEAR": 2017, "LASTCENSUS": 2010, "GDP_YEAR": 2016, "ECONOMY": "7. Least developed region", "INCOME_GRP": "5. Low income", "FIPS_10_": "TO", "ISO_A2": "TG", "ISO_A3": "TGO", "ISO_A3_EH": "TGO", "ISO_N3": "768", "UN_A3": "768", "WB_A2": "TG", "WB_A3": "TGO", "CONTINENT": "Africa", "REGION_UN": "Africa", "SUBREGION": "Western Africa", "REGION_WB": "Sub-Saharan Africa", "NAME_AR": "توغو", "NAME_BN": "টোগো", "NAME_DE": "Togo", "NAME_EN": "Togo", "NAME_ES": "Togo", "NAME_FR": "Togo", "NAME_EL": "Τόγκο", "NAME_HI": "टोगो", "NAME_HU": "Togo", "NAME_ID": "Togo", "NAME_IT": "Togo", "NAME_JA": "トーゴ", "NAME_KO": "토고", "NAME_NL": "Togo", "NAME_PL": "Togo", "NAME_PT": "Togo", "NAME_RU": "Того", "NAME_SV": "Togo", "NAME_TR": "Togo", "NAME_VI": "Togo", "NAME_ZH": "多哥", "WB_NAME": "Togo", "WB_RULES": "None", "WB_REGION": "AFR", "Shape_Leng": 14.973812065700001, "Shape_Area": 4.6711391089000003 }, "geometry": { "type": "Polygon", "coordinates": [ [ [ 0.212813199871486, 10.840715189693302 ], [ 4.825281729165613, 5.185084539491388 ], [ 1.331275041576296, 2.693283389825007 ], [ -0.646697821430885, 10.216583563496531 ], [ 0.212813199871486, 10.840715189693302 ] ] ] } },
{ "type": "Feature", "properties": { "OBJECTID": 147, "featurecla": "Admin-0 country", "LEVEL": 2, "TYPE": "Sovereign country", "FORMAL_EN": "Republic of Ghana", "FORMAL_FR": null, "POP_EST": 27499924, "POP_RANK": 15, "GDP_MD_EST": 120800.0, "POP_YEAR": 2017, "LASTCENSUS": 2010, "GDP_YEAR": 2016, "ECONOMY": "6. Developing region", "INCOME_GRP": "4. Lower middle income", "FIPS_10_": "GH", "ISO_A2": "GH", "ISO_A3": "GHA", "ISO_A3_EH": "GHA", "ISO_N3": "288", "UN_A3": "288", "WB_A2": "GH", "WB_A3": "GHA", "CONTINENT": "Africa", "REGION_UN": "Africa", "SUBREGION": "Western Africa", "REGION_WB": "Sub-Saharan Africa", "NAME_AR": "غانا", "NAME_BN": "ঘানা", "NAME_DE": "Ghana", "NAME_EN": "Ghana", "NAME_ES": "Ghana", "NAME_FR": "Ghana", "NAME_EL": "Γκάνα", "NAME_HI": "घाना", "NAME_HU": "Ghána", "NAME_ID": "Ghana", "NAME_IT": "Ghana", "NAME_JA": "ガーナ", "NAME_KO": "가나", "NAME_NL": "Ghana", "NAME_PL": "Ghana", "NAME_PT": "Gana", "NAME_RU": "Гана", "NAME_SV": "Ghana", "NAME_TR": "Gana", "NAME_VI": "Ghana", "NAME_ZH": "迦納", "WB_NAME": "Ghana", "WB_RULES": "None", "WB_REGION": "AFR", "Shape_Leng": 23.364525457399999, "Shape_Area": 19.58114282 }, "geometry": { "type": "Polygon", "coordinates": [ [ [ -3.547300907364522, 9.854307967028236 ], [ -0.646697821430885, 10.216583563496531 ], [ 1.331275041576296, 2.693283389825007 ], [ -2.692225205056654, -1.562352802609953 ], [ -3.547300907364522, 9.854307967028236 ] ] ] } },
{ "type": "Feature", "properties": { "OBJECTID": 56, "featurecla": "Admin-0 country", "LEVEL": 2, "TYPE": "Sovereign country", "FORMAL_EN": "Grand Duchy of Luxembourg", "FORMAL_FR": null, "POP_EST": 594130, "POP_RANK": 11, "GDP_MD_EST": 58740.0, "POP_YEAR": 2017, "LASTCENSUS": 2011, "GDP_YEAR": 2016, "ECONOMY": "2. Developed region: nonG7", "INCOME_GRP": "1. High income: OECD", "FIPS_10_": "LU", "ISO_A2": "LU", "ISO_A3": "LUX", "ISO_A3_EH": "LUX", "ISO_N3": "442", "UN_A3": "442", "WB_A2": "LU", "WB_A3": "LUX", "CONTINENT": "Europe", "REGION_UN": "Europe", "SUBREGION": "Western Europe", "REGION_WB": "Europe & Central Asia", "NAME_AR": "لوكسمبورغ", "NAME_BN": "লুক্সেমবুর্গ", "NAME_DE": "Luxemburg", "NAME_EN": "Luxembourg", "NAME_ES": "Luxemburgo", "NAME_FR": "Luxembourg", "NAME_EL": "Λουξεμβούργο", "NAME_HI": "लक्ज़मबर्ग", "NAME_HU": "Luxemburg", "NAME_ID": "Luksemburg", "NAME_IT": "Lussemburgo", "NAME_JA": "ルクセンブルク", "NAME_KO": "룩셈부르크", "NAME_NL": "Luxemburg", "NAME_PL": "Luksemburg", "NAME_PT": "Luxemburgo", "NAME_RU": "Люксембург", "NAME_SV": "Luxemburg", "NAME_TR": "Lüksemburg", "NAME_VI": "Luxembourg", "NAME_ZH": "卢森堡", "WB_NAME": "Luxembourg", "WB_RULES": "None", "WB_REGION": "Other", "Shape_Leng": 2.9600631320400002, "Shape_Area": 0.32553893824000002 }, "geometry": { "type": "Polygon", "coordinates": [ [ [ 3.148031251409831, 46.571262647806357 ], [ 5.854785995032165, 51.022646181563317 ], [ 7.9193977722288, 51.42505557211485 ], [ 8.541674959470638, 49.422989067475378 ], [ 8.323618471064231, 49.1352075304465 ], [ 4.276006576686143, 46.211755118441864 ], [ 3.867841225281687, 46.121872382169954 ], [ 3.148031251409831, 46.571262647806357 ] ] ] } },
{ "type": "Feature", "properties": { "OBJECTID": 144, "featurecla": "Admin-0 country", "LEVEL": 2, "TYPE": "Sovereign country", "FORMAL_EN": "Republic of Niger", "FORMAL_FR": null, "POP_EST": 19245344, "POP_RANK": 14, "GDP_MD_EST": 20150.0, "POP_YEAR": 2017, "LASTCENSUS": 2001, "GDP_YEAR": 2016, "ECONOMY": "7. Least developed region", "INCOME_GRP": "5. Low income", "FIPS_10_": "NG", "ISO_A2": "NE", "ISO_A3": "NER", "ISO_A3_EH": "NER", "ISO_N3": "562", "UN_A3": "562", "WB_A2": "NE", "WB_A3": "NER", "CONTINENT": "Africa", "REGION_UN": "Africa", "SUBREGION": "Western Africa", "REGION_WB": "Sub-Saharan Africa", "NAME_AR": "النيجر", "NAME_BN": "নাইজার", "NAME_DE": "Niger", "NAME_EN": "Niger", "NAME_ES": "Níger", "NAME_FR": "Niger", "NAME_EL": "Νίγηρας", "NAME_HI": "नाइजर", "NAME_HU": "Niger", "NAME_ID": "Niger", "NAME_IT": "Niger", "NAME_JA": "ニジェール", "NAME_KO": "니제르", "NAME_NL": "Niger", "NAME_PL": "Niger", "NAME_PT": "Níger", "NAME_RU": "Нигер", "NAME_SV": "Niger", "NAME_TR": "Nijer", "NAME_VI": "Niger", "NAME_ZH": "尼日尔", "WB_NAME": "Niger", "WB_RULES": "None", "WB_REGION": "AFR", "Shape_Leng": 51.554484623500002, "Shape_Area": 100.57330732 }, "geometry": { "type": "Polygon", "coordinates": [ [ [ 2.927014232817874, 16.766040685148244 ], [ 2.90366051322934, 20.828564143114964 ], [ 10.171019574214217, 25.388561302050739 ], [ 15.058349977043097, 21.003724013377372 ], [ 13.203654285867879, 12.767892595293537 ], [ 5.245570459932793, 14.085020135225598 ], [ 3.386325711885938, 15.772151236355782 ], [ 2.927014232817874, 16.766040685148244 ] ] ] } },
{ "type": "Feature", "properties": { "OBJECTID": 71, "featurecla": "Admin-0 country", "LEVEL": 2, "TYPE": "Sovereign country", "FORMAL_EN": "Republic of Tunisia", "FORMAL_FR": null, "POP_EST": 11403800, "POP_RANK": 14, "GDP_MD_EST": 130800.0, "POP_YEAR": 2017, "LASTCENSUS": 2004, "GDP_YEAR": 2016, "ECONOMY": "6. Developing region", "INCOME_GRP": "3. Upper middle income", "FIPS_10_": "TS", "ISO_A2": "TN", "ISO_A3": "TUN", "ISO_A3_EH": "TUN", "ISO_N3": "788", "UN_A3": "788", "WB_A2": "TN", "WB_A3": "TUN", "CONTINENT": "Africa", "REGION_UN": "Africa", "SUBREGION": "Northern Africa", "REGION_WB": "Middle East & North Africa", "NAME_AR": "تونس", "NAME_BN": "তিউনিসিয়া", "NAME_DE": "Tunesien", "NAME_EN": "Tunisia", "NAME_ES": "Túnez", "NAME_FR": "Tunisie", "NAME_EL": "Τυνησία", "NAME_HI": "ट्यूनिशिया", "NAME_HU": "Tunézia", "NAME_ID": "Tunisia", "NAME_IT": "Tunisia", "NAME_JA": "チュニジア", "NAME_KO": "튀니지", "NAME_NL": "Tunesië", "NAME_PL": "Tunezja", "NAME_PT": "Tunísia", "NAME_RU": "Тунис", "NAME_SV": "Tunisien", "NAME_TR": "Tunus", "NAME_VI": "Tunisia", "NAME_ZH": "突尼西亞", "WB_NAME": "Tunisia", "WB_RULES": "None", "WB_REGION": "MENA", "Shape_Leng": 27.0986510201, "Shape_Area": 15.310749272300001 }, "geometry": { "type": "Polygon", "coordinates": [ [ [ 5.482081632503655, 38.258599185811647 ], [ 8.515177912578681, 38.93822497902763 ], [ 10.846012644878387, 38.070202833013248 ], [ 13.677264723877267, 30.449789161148949 ], [ 10.241175383623967, 26.351673585950934 ], [ 2.439145133249857, 35.370322516595607 ], [ 5.482081632503655, 38.258599185811647 ] ] ] } },
{ "type": "Feature", "properties": { "OBJECTID": 69, "featurecla": "Admin-0 country", "LEVEL": 2, "TYPE": "Country", "FORMAL_EN": "Kingdom of Denmark", "FORMAL_FR": null, "POP_EST": 5605948, "POP_RANK": 13, "GDP_MD_EST": 264800.0, "POP_YEAR": 2017, "LASTCENSUS": 2011, "GDP_YEAR": 2016, "ECONOMY": "2. Developed region: nonG7", "INCOME_GRP": "1. High income: OECD", "FIPS_10_": "DA", "ISO_A2": "DK", "ISO_A3": "DNK", "ISO_A3_EH": "DNK", "ISO_N3": "208", "UN_A3": "208", "WB_A2": "DK", "WB_A3": "DNK", "CONTINENT": "Europe", "REGION_UN": "Europe", "SUBREGION": "Northern Europe", "REGION_WB": "Europe & Central Asia", "NAME_AR": "الدنمارك", "NAME_BN": "ডেনমার্ক", "NAME_DE": "Dänemark", "NAME_EN": "Denmark", "NAME_ES": "Dinamarca", "NAME_FR": "Danemark", "NAME_EL": "Δανία", "NAME_HI": "डेनमार्क", "NAME_HU": "Dánia", "NAME_ID": "Denmark", "NAME_IT": "Danimarca", "NAME_JA": "デンマーク", "NAME_KO": "덴마크", "NAME_NL": "Denemarken", "NAME_PL": "Dania", "NAME_PT": "Dinamarca", "NAME_RU": "Дания", "NAME_SV": "Danmark", "NAME_TR": "Danimarka", "NAME_VI": "Đan Mạch", "NAME_ZH": "丹麦", "WB_NAME": "Denmark", "WB_RULES": "None", "WB_REGION": "Other", "Shape_Leng": 55.7655080631, "Shape_Area": 6.1410737880499999 }, "geometry": { "type": "Polygon", "coordinates": [ [ [ 2.623144052124708, 61.880521452447368 ], [ 4.104030827619022, 65.982816497113916 ], [ 8.586870210747714, 64.11048131148587 ], [ 15.901555552587165, 56.912463809691388 ], [ 15.054263404452113, 54.85128022537539 ], [ 13.783345787499213, 53.778193253876069 ], [ 8.400667660858801, 53.412513231384317 ], [ 2.874969119474037, 60.088657511112153 ], [ 2.623144052124708, 61.880521452447368 ] ] ] } },
{ "type": "Feature", "properties": { "OBJECTID": 117, "featurecla": "Admin-0 country", "LEVEL": 2, "TYPE": "Sovereign country", "FORMAL_EN": "Principality of Monaco", "FORMAL_FR": null, "POP_EST": 30645, "POP_RANK": 7, "GDP_MD_EST": 7672.0, "POP_YEAR": 2017, "LASTCENSUS": 2008, "GDP_YEAR": 2015, "ECONOMY": "2. Developed region: nonG7", "INCOME_GRP": "2. High income: nonOECD", "FIPS_10_": "MN", "ISO_A2": "MC", "ISO_A3": "MCO", "ISO_A3_EH": "MCO", "ISO_N3": "492", "UN_A3": "492", "WB_A2": "MC", "WB_A3": "MCO", "CONTINENT": "Europe", "REGION_UN": "Europe", "SUBREGION": "Western Europe", "REGION_WB": "Europe & Central Asia", "NAME_AR": "موناكو", "NAME_BN": "মোনাকো", "NAME_DE": "Monaco", "NAME_EN": "Monaco", "NAME_ES": "Mónaco", "NAME_FR": "Monaco", "NAME_EL": "Μονακό", "NAME_HI": "मोनैको", "NAME_HU": "Monaco", "NAME_ID": "Monako", "NAME_IT": "Principato di Monaco", "NAME_JA": "モナコ", "NAME_KO": "모나코", "NAME_NL": "Monaco", "NAME_PL": "Monako", "NAME_PT": "Mónaco", "NAME_RU": "Монако", "NAME_SV": "Monaco", "NAME_TR": "Monako", "NAME_VI": "Monaco", "NAME_ZH": "摩纳哥", "WB_NAME": "Monaco", "WB_RULES": "None", "WB_REGION": "Other", "Shape_Leng": 0.18210825917000001, "Shape_Area": 0.00210490918 }, "geometry": { "type": "Polygon", "coordinates": [ [ [ 3.867841225281687, 46.121872382169954 ], [ 4.276006576686143, 46.211755118441864 ], [ 9.423389535227683, 44.838082342185977 ], [ 9.893158008561249, 44.541995636193278 ], [ 9.909715248226915, 44.117307065575289 ], [ 9.285695492733756, 41.058816320247587 ], [ 8.515177912578681, 38.93822497902763 ], [ 5.482081632503655, 38.258599185811647 ], [ 3.867841225281687, 46.121872382169954 ] ] ] } },
{ "type": "Feature", "properties": { "OBJECTID": 48, "featurecla": "Admin-0 country", "LEVEL": 2, "TYPE": "Sovereign country", "FORMAL_EN": "Federal Republic of Germany", "FORMAL_FR": null, "POP_EST": 80594017, "POP_RANK": 16, "GDP_MD_EST": 3979000.0, "POP_YEAR": 2017, "LASTCENSUS": 2011, "GDP_YEAR": 2016, "ECONOMY": "1. Developed region: G7", "INCOME_GRP": "1. High income: OECD", "FIPS_10_": "GM", "ISO_A2": "DE", "ISO_A3": "DEU", "ISO_A3_EH": "DEU", "ISO_N3": "276", "UN_A3": "276", "WB_A2": "DE", "WB_A3": "DEU", "CONTINENT": "Europe", "REGION_UN": "Europe", "SUBREGION": "Western Europe", "REGION_WB": "Europe & Central Asia", "NAME_AR": "ألمانيا", "NAME_BN": "জার্মানি", "NAME_DE": "Deutschland", "NAME_EN": "Germany", "NAME_ES": "Alemania", "NAME_FR": "Allemagne", "NAME_EL": "Γερμανία", "NAME_HI": "जर्मनी", "NAME_HU": "Németország", "NAME_ID": "Jerman", "NAME_IT": "Germania", "NAME_JA": "ドイツ", "NAME_KO": "독일", "NAME_NL": "Duitsland", "NAME_PL": "Niemcy", "NAME_PT": "Alemanha", "NAME_RU": "Германия", "NAME_SV": "Tyskland", "NAME_TR": "Almanya", "NAME_VI": "Đức", "NAME_ZH": "德国", "WB_NAME": "Germany", "WB_RULES": "None", "WB_REGION": "Other", "Shape_Leng": 68.235186831600004, "Shape_Area": 45.930027295400002 }, "geometry": { "type": "Polygon", "coordinates": [ [ [ 8.400667660858801, 53.412513231384317 ], [ 13.783345787499213, 53.778193253876069 ], [ 12.672261514191449, 49.789195786990092 ], [ 11.700082766490926, 48.753928541704965 ], [ 8.541674959470638, 49.422989067475378 ], [ 7.9193977722288, 51.42505557211485 ], [ 8.400667660858801, 53.412513231384317 ] ] ] } },
{ "type": "Feature", "properties": { "OBJECTID": 90, "featurecla": "Admin-0 country", "LEVEL": 2, "TYPE": "Sovereign country", "FORMAL_EN": "Swiss Confederation", "FORMAL_FR": null, "POP_EST": 8236303, "POP_RANK": 13, "GDP_MD_EST": 496300.0, "POP_YEAR": 2017, "LASTCENSUS": 2010, "GDP_YEAR": 2016, "ECONOMY": "2. Developed region: nonG7", "INCOME_GRP": "1. High income: OECD", "FIPS_10_": "SZ", "ISO_A2": "CH", "ISO_A3": "CHE", "ISO_A3_EH": "CHE", "ISO_N3": "756", "UN_A3": "756", "WB_A2": "CH", "WB_A3": "CHE", "CONTINENT": "Europe", "REGION_UN": "Europe", "SUBREGION": "Western Europe", "REGION_WB": "Europe & Central Asia", "NAME_AR": "سويسرا", "NAME_BN": "সুইজারল্যান্ড", "NAME_DE": "Schweiz", "NAME_EN": "Switzerland", "NAME_ES": "Suiza", "NAME_FR": "Suisse", "NAME_EL": "Ελβετία", "NAME_HI": "स्विट्ज़रलैण्ड", "NAME_HU": "Svájc", "NAME_ID": "Swiss", "NAME_IT": "Svizzera", "NAME_JA": "スイス", "NAME_KO": "스위스", "NAME_NL": "Zwitserland", "NAME_PL": "Szwajcaria", "NAME_PT": "Suíça", "NAME_RU": "Швейцария", "NAME_SV": "Schweiz", "NAME_TR": "İsviçre", "NAME_VI": "Thụy Sĩ", "NAME_ZH": "瑞士", "WB_NAME": "Switzerland", "WB_RULES": "None", "WB_REGION": "Other", "Shape_Leng": 16.6264071469, "Shape_Area": 4.8826232540300003 }, "geometry": { "type": "Polygon", "coordinates": [ [ [ 8.323618471064231, 49.1352075304465 ], [ 9.423389535227683, 44.838082342185977 ], [ 4.276006576686143, 46.211755118441864 ], [ 8.323618471064231, 49.1352075304465 ] ] ] } },
{ "type": "Feature", "properties": { "OBJECTID": 97, "featurecla": "Admin-0 country", "LEVEL": 2, "TYPE": "Sovereign country", "FORMAL_EN": "Federal Republic of Nigeria", "FORMAL_FR": null, "POP_EST": 190632261, "POP_RANK": 17, "GDP_MD_EST": 1089000.0, "POP_YEAR": 2017, "LASTCENSUS": 2006, "GDP_YEAR": 2016, "ECONOMY": "5. Emerging region: G20", "INCOME_GRP": "4. Lower middle income", "FIPS_10_": "NI", "ISO_A2": "NG", "ISO_A3": "NGA", "ISO_A3_EH": "NGA", "ISO_N3": "566", "UN_A3": "566", "WB_A2": "NG", "WB_A3": "NGA", "CONTINENT": "Africa", "REGION_UN": "Africa", "SUBREGION": "Western Africa", "REGION_WB": "Sub-Saharan Africa", "NAME_AR": "نيجيريا", "NAME_BN": "নাইজেরিয়া", "NAME_DE": "Nigeria", "NAME_EN": "Nigeria", "NAME_ES": "Nigeria", "NAME_FR": "Nigeria", "NAME_EL": "Νιγηρία", "NAME_HI": "नाईजीरिया", "NAME_HU": "Nigéria", "NAME_ID": "Nigeria", "NAME_IT": "Nigeria", "NAME_JA": "ナイジェリア", "NAME_KO": "나이지리아", "NAME_NL": "Nigeria", "NAME_PL": "Nigeria", "NAME_PT": "Nigéria", "NAME_RU": "Нигерия", "NAME_SV": "Nigeria", "NAME_TR": "Nijerya", "NAME_VI": "Nigeria", "NAME_ZH": "奈及利亞", "WB_NAME": "Nigeria", "WB_RULES": "None", "WB_REGION": "AFR", "Shape_Leng": 54.8038897478, "Shape_Area": 74.803066188700001 }, "geometry": { "type": "Polygon", "coordinates": [ [ [ 5.245570459932793, 14.085020135225598 ], [ 13.203654285867879, 12.767892595293537 ], [ 13.798578564661138, 11.67348829516753 ], [ 8.59202417148099, 5.474940681378628 ], [ 7.13438278560427, 5.060720384021031 ], [ 5.176012882597856, 5.352793402799006 ], [ 5.245570459932793, 14.085020135225598 ] ] ] } },
{ "type": "Feature", "properties": { "OBJECTID": 143, "featurecla": "Admin-0 country", "LEVEL": 2, "TYPE": "Sovereign country", "FORMAL_EN": "Gabonese Republic", "FORMAL_FR": null, "POP_EST": 1772255, "POP_RANK": 12, "GDP_MD_EST": 35980.0, "POP_YEAR": 2017, "LASTCENSUS": 2003, "GDP_YEAR": 2016, "ECONOMY": "6. Developing region", "INCOME_GRP": "3. Upper middle income", "FIPS_10_": "GB", "ISO_A2": "GA", "ISO_A3": "GAB", "ISO_A3_EH": "GAB", "ISO_N3": "266", "UN_A3": "266", "WB_A2": "GA", "WB_A3": "GAB", "CONTINENT": "Africa", "REGION_UN": "Africa", "SUBREGION": "Middle Africa", "REGION_WB": "Sub-Saharan Africa", "NAME_AR": "الغابون", "NAME_BN": "গ্যাবন", "NAME_DE": "Gabun", "NAME_EN": "Gabon", "NAME_ES": "Gabón", "NAME_FR": "Gabon", "NAME_EL": "Γκαμπόν", "NAME_HI": "गबॉन", "NAME_HU": "Gabon", "NAME_ID": "Gabon", "NAME_IT": "Gabon", "NAME_JA": "ガボン", "NAME_KO": "가봉", "NAME_NL": "Gabon", "NAME_PL": "Gabon", "NAME_PT": "Gabão", "NAME_RU": "Габон", "NAME_SV": "Gabon", "NAME_TR": "Gabon", "NAME_VI": "Gabon", "NAME_ZH": "加蓬", "WB_NAME": "Gabon", "WB_RULES": "None", "WB_REGION": "AFR", "Shape_Leng": 37.175862614400003, "Shape_Area": 21.126977018000002 }, "geometry": { "type": "Polygon", "coordinates": [ [ [ 9.137788201446632, -0.661272864523105 ], [ 13.717088759457859, 2.240729968698708 ], [ 13.033310725586512, -7.242632502520219 ], [ 7.205548937627291, -10.105254830318472 ], [ 9.137788201446632, -0.661272864523105 ] ] ] } },
{ "type": "Feature", "properties": { "OBJECTID": 160, "featurecla": "Admin-0 country", "LEVEL": 2, "TYPE": "Sovereign country", "FORMAL_EN": "Republic of Equatorial Guinea", "FORMAL_FR": null, "POP_EST": 778358, "POP_RANK": 11, "GDP_MD_EST": 31770.0, "POP_YEAR": 2017, "LASTCENSUS": 2002, "GDP_YEAR": 2016, "ECONOMY": "7. Least developed region", "INCOME_GRP": "2. High income: nonOECD", "FIPS_10_": "EK", "ISO_A2": "GQ", "ISO_A3": "GNQ", "ISO_A3_EH": "GNQ", "ISO_N3": "226", "UN_A3": "226", "WB_A2": "GQ", "WB_A3": "GNQ", "CONTINENT": "Africa", "REGION_UN": "Africa", "SUBREGION": "Middle Africa", "REGION_WB": "Sub-Saharan Africa", "NAME_AR": "غينيا الاستوائية", "NAME_BN": "বিষুবীয় গিনি", "NAME_DE": "Äquatorialguinea", "NAME_EN": "Equatorial Guinea", "NAME_ES": "Guinea Ecuatorial", "NAME_FR": "Guinée équatoriale", "NAME_EL": "Ισημερινή Γουινέα", "NAME_HI": "भूमध्यरेखीय गिनी", "NAME_HU": "Egyenlítői-Guinea", "NAME_ID": "Guinea Khatulistiwa", "NAME_IT": "Guinea Equatoriale", "NAME_JA": "赤道ギニア", "NAME_KO": "적도 기니", "NAME_NL": "Equatoriaal-Guinea", "NAME_PL": "Gwinea Równikowa", "NAME_PT": "Guiné Equatorial", "NAME_RU": "Экваториальная Гвинея", "NAME_SV": "Ekvatorialguinea", "NAME_TR": "Ekvator Ginesi", "NAME_VI": "Guinea Xích Đạo", "NAME_ZH": "赤道几内亚", "WB_NAME": "Equatorial Guinea", "WB_RULES": "None", "WB_REGION": "AFR", "Shape_Leng": 8.8569207503699996, "Shape_Area": 2.1678828155500001 }, "geometry": { "type": "Polygon", "coordinates": [ [ [ 8.59202417148099, 5.474940681378628 ], [ 13.773857370127335, 2.349668525857623 ], [ 13.717088759457859, 2.240729968698708 ], [ 9.137788201446632, -0.661272864523105 ], [ 7.13438278560427, 5.060720384021031 ], [ 8.59202417148099, 5.474940681378628 ] ] ] } },
{ "type": "Feature", "properties": { "OBJECTID": 92, "featurecla": "Admin-0 country", "LEVEL": 2, "TYPE": "Sovereign country", "FORMAL_EN": "Principality of Liechtenstein", "FORMAL_FR": null, "POP_EST": 38244, "POP_RANK": 7, "GDP_MD_EST": 4978.0, "POP_YEAR": 2017, "LASTCENSUS": 2010, "GDP_YEAR": 2014, "ECONOMY": "2. Developed region: nonG7", "INCOME_GRP": "2. High income: nonOECD", "FIPS_10_": "LS", "ISO_A2": "LI", "ISO_A3": "LIE", "ISO_A3_EH": "LIE", "ISO_N3": "438", "UN_A3": "438", "WB_A2": "LI", "WB_A3": "LIE", "CONTINENT": "Europe", "REGION_UN": "Europe", "SUBREGION": "Western Europe", "REGION_WB": "Europe & Central Asia", "NAME_AR": "ليختنشتاين", "NAME_BN": "লিশটেনস্টাইন", "NAME_DE": "Liechtenstein", "NAME_EN": "Liechtenstein", "NAME_ES": "Liechtenstein", "NAME_FR": "Liechtenstein", "NAME_EL": "Λίχτενσταϊν", "NAME_HI": "लिक्टेन्स्टाइन", "NAME_HU": "Liechtenstein", "NAME_ID": "Liechtenstein", "NAME_IT": "Liechtenstein", "NAME_JA": "リヒテンシュタイン", "NAME_KO": "리히텐슈타인", "NAME_NL": "Liechtenstein", "NAME_PL": "Liechtenstein", "NAME_PT": "Liechtenstein", "NAME_RU": "Лихтенштейн", "NAME_SV": "Liechtenstein", "NAME_TR": "Lihtenştayn", "NAME_VI": "Liechtenstein", "NAME_ZH": "列支敦斯登", "WB_NAME": "Liechtenstein", "WB_RULES": "None", "WB_REGION": "Other", "Shape_Leng": 0.61538029054, "Shape_Area": 0.01627426794 }, "geometry": { "type": "Polygon", "coordinates": [ [ [ 8.541674959470638, 49.422989067475378 ], [ 11.700082766490926, 48.753928541704965 ], [ 11.930699195001193, 46.388355173982603 ], [ 9.893158008561249, 44.541995636193278 ], [ 9.423389535227683, 44.838082342185977 ], [ 8.323618471064231, 49.1352075304465 ], [ 8.541674959470638, 49.422989067475378 ] ] ] } },
{ "type": "Feature", "properties": { "OBJECTID": 108, "featurecla": "Admin-0 country", "LEVEL": 2, "TYPE": "Sovereign country", "FORMAL_EN": "Republic of San Marino", "FORMAL_FR": null, "POP_EST": 33537, "POP_RANK": 7, "GDP_MD_EST": 2023.0, "POP_YEAR": 2017, "LASTCENSUS": 2010, "GDP_YEAR": 2016, "ECONOMY": "2. Developed region: nonG7", "INCOME_GRP": "2. High income: nonOECD", "FIPS_10_": "SM", "ISO_A2": "SM", "ISO_A3": "SMR", "ISO_A3_EH": "SMR", "ISO_N3": "674", "UN_A3": "674", "WB_A2": "SM", "WB_A3": "SMR", "CONTINENT": "Europe", "REGION_UN": "Europe", "SUBREGION": "Southern Europe", "REGION_WB": "Europe & Central Asia", "NAME_AR": "سان مارينو", "NAME_BN": "সান মারিনো", "NAME_DE": "San Marino", "NAME_EN": "San Marino", "NAME_ES": "San Marino", "NAME_FR": "Saint-Marin", "NAME_EL": "Άγιος Μαρίνος", "NAME_HI": "सान मारिनो", "NAME_HU": "San Marino", "NAME_ID": "San Marino", "NAME_IT": "San Marino", "NAME_JA": "サンマリノ", "NAME_KO": "산마리노", "NAME_NL": "San Marino", "NAME_PL": "San Marino", "NAME_PT": "San Marino", "NAME_RU": "Сан-Марино", "NAME_SV": "San Marino", "NAME_TR": "San Marino", "NAME_VI": "San Marino", "NAME_ZH": "圣马力诺", "WB_NAME": "San Marino", "WB_RULES": "None", "WB_REGION": "Other", "Shape_Leng": 0.31029238267999998, "Shape_Area": 0.00676104694 }, "geometry": { "type": "Polygon", "coordinates": [ [ [ 9.893158008561249, 44.541995636193278 ], [ 11.930699195001193, 46.388355173982603 ], [ 12.696918747613141, 46.033831732333347 ], [ 14.560933832986866, 44.010560820639554 ], [ 14.868985120381538, 42.93322101197861 ], [ 13.608504841125558, 42.926280419285796 ], [ 9.909715248226915, 44.117307065575289 ], [ 9.893158008561249, 44.541995636193278 ] ] ] } },
{ "type": "Feature", "properties": { "OBJECTID": 142, "featurecla": "Admin-0 country", "LEVEL": 2, "TYPE": "Sovereign country", "FORMAL_EN": "Republic of Cameroon", "FORMAL_FR": null, "POP_EST": 24994885, "POP_RANK": 15, "GDP_MD_EST": 77240.0, "POP_YEAR": 2017, "LASTCENSUS": 2005, "GDP_YEAR": 2016, "ECONOMY": "6. Developing region", "INCOME_GRP": "4. Lower middle income", "FIPS_10_": "CM", "ISO_A2": "CM", "ISO_A3": "CMR", "ISO_A3_EH": "CMR", "ISO_N3": "120", "UN_A3": "120", "WB_A2": "CM", "WB_A3": "CMR", "CONTINENT": "Africa", "REGION_UN": "Africa", "SUBREGION": "Middle Africa", "REGION_WB": "Sub-Saharan Africa", "NAME_AR": "الكاميرون", "NAME_BN": "ক্যামেরুন", "NAME_DE": "Kamerun", "NAME_EN": "Cameroon", "NAME_ES": "Camerún", "NAME_FR": "Cameroun", "NAME_EL": "Καμερούν", "NAME_HI": "कैमरुन", "NAME_HU": "Kamerun", "NAME_ID": "Kamerun", "NAME_IT": "Camerun", "NAME_JA": "カメルーン", "NAME_KO": "카메룬", "NAME_NL": "Kameroen", "NAME_PL": "Kamerun", "NAME_PT": "Camarões", "NAME_RU": "Камерун", "NAME_SV": "Kamerun", "NAME_TR": "Kamerun", "NAME_VI": "Cameroon", "NAME_ZH": "喀麦隆", "WB_NAME": "Cameroon", "WB_RULES": "None", "WB_REGION": "AFR", "Shape_Leng": 46.0056572903, "Shape_Area": 37.937570792899997 }, "geometry": { "type": "Polygon", "coordinates": [ [ [ 8.59202417148099, 5.474940681378628 ], [ 13.798578564661138, 11.67348829516753 ], [ 16.136371967453716, 10.240436762880337 ], [ 16.894104567175198, 3.5349877009923 ], [ 13.773857370127335, 2.349668525857623 ], [ 8.59202417148099, 5.474940681378628 ] ] ] } },
{ "type": "Feature", "properties": { "OBJECTID": 89, "featurecla": "Admin-0 country", "LEVEL": 2, "TYPE": "Sovereign country", "FORMAL_EN": "Italian Republic", "FORMAL_FR": null, "POP_EST": 62137802, "POP_RANK": 16, "GDP_MD_EST": 2221000.0, "POP_YEAR": 2017, "LASTCENSUS": 2012, "GDP_YEAR": 2016, "ECONOMY": "1. Developed region: G7", "INCOME_GRP": "1. High income: OECD", "FIPS_10_": "IT", "ISO_A2": "IT", "ISO_A3": "ITA", "ISO_A3_EH": "ITA", "ISO_N3": "380", "UN_A3": "380", "WB_A2": "IT", "WB_A3": "ITA", "CONTINENT": "Europe", "REGION_UN": "Europe", "SUBREGION": "Southern Europe", "REGION_WB": "Europe & Central Asia", "NAME_AR": "إيطاليا", "NAME_BN": "ইতালি", "NAME_DE": "Italien", "NAME_EN": "Italy", "NAME_ES": "Italia", "NAME_FR": "Italie", "NAME_EL": "Ιταλία", "NAME_HI": "इटली", "NAME_HU": "Olaszország", "NAME_ID": "Italia", "NAME_IT": "Italia", "NAME_JA": "イタリア", "NAME_KO": "이탈리아", "NAME_NL": "Italië", "NAME_PL": "Włochy", "NAME_PT": "Itália", "NAME_RU": "Италия", "NAME_SV": "Italien", "NAME_TR": "İtalya", "NAME_VI": "Ý", "NAME_ZH": "意大利", "WB_NAME": "Italy", "WB_RULES": "None", "WB_REGION": "Other", "Shape_Leng": 80.206755485200006, "Shape_Area": 33.172171239599997 }, "geometry": { "type": "Polygon", "coordinates": [ [ [ 9.909715248226915, 44.117307065575289 ], [ 13.608504841125558, 42.926280419285796 ], [ 9.285695492733756, 41.058816320247587 ], [ 9.909715248226915, 44.117307065575289 ] ] ] } },
{ "type": "Feature", "properties": { "OBJECTID": 70, "featurecla": "Admin-0 country", "LEVEL": 2, "TYPE": "Sovereign country", "FORMAL_EN": "Libya", "FORMAL_FR": null, "POP_EST": 6653210, "POP_RANK": 13, "GDP_MD_EST": 90890.0, "POP_YEAR": 2017, "LASTCENSUS": 2006, "GDP_YEAR": 2016, "ECONOMY": "6. Developing region", "INCOME_GRP": "3. Upper middle income", "FIPS_10_": "LY", "ISO_A2": "LY", "ISO_A3": "LBY", "ISO_A3_EH": "LBY", "ISO_N3": "434", "UN_A3": "434", "WB_A2": "LY", "WB_A3": "LBY", "CONTINENT": "Africa", "REGION_UN": "Africa", "SUBREGION": "Northern Africa", "REGION_WB": "Middle East & North Africa", "NAME_AR": "ليبيا", "NAME_BN": "লিবিয়া", "NAME_DE": "Libyen", "NAME_EN": "Libya", "NAME_ES": "Libia", "NAME_FR": "Libye", "NAME_EL": "Λιβύη", "NAME_HI": "लीबिया", "NAME_HU": "Líbia", "NAME_ID": "Libya", "NAME_IT": "Libia", "NAME_JA": "リビア", "NAME_KO": "리비아", "NAME_NL": "Libië", "NAME_PL": "Libia", "NAME_PT": "Líbia", "NAME_RU": "Ливия", "NAME_SV": "Libyen", "NAME_TR": "Libya", "NAME_VI": "Libya", "NAME_ZH": "利比亚", "WB_NAME": "Libya", "WB_RULES": "None", "WB_REGION": "MENA", "Shape_Leng": 58.1406838029, "Shape_Area": 147.894331827 }, "geometry": { "type": "Polygon", "coordinates": [ [ [ 10.241175383623967, 26.351673585950934 ], [ 13.677264723877267, 30.449789161148949 ], [ 20.280855830158188, 33.128029898357049 ], [ 24.151574265647639, 31.529236173941403 ], [ 23.695656447412865, 21.473828535438109 ], [ 15.058349977043097, 21.003724013377372 ], [ 10.171019574214217, 25.388561302050739 ], [ 10.241175383623967, 26.351673585950934 ] ] ] } },
{ "type": "Feature", "properties": { "OBJECTID": 47, "featurecla": "Admin-0 country", "LEVEL": 2, "TYPE": "Sovereign country", "FORMAL_EN": "Czech Republic", "FORMAL_FR": "la République tchèque", "POP_EST": 10674723, "POP_RANK": 14, "GDP_MD_EST": 350900.0, "POP_YEAR": 2017, "LASTCENSUS": 2011, "GDP_YEAR": 2016, "ECONOMY": "2. Developed region: nonG7", "INCOME_GRP": "1. High income: OECD", "FIPS_10_": "EZ", "ISO_A2": "CZ", "ISO_A3": "CZE", "ISO_A3_EH": "CZE", "ISO_N3": "203", "UN_A3": "203", "WB_A2": "CZ", "WB_A3": "CZE", "CONTINENT": "Europe", "REGION_UN": "Europe", "SUBREGION": "Eastern Europe", "REGION_WB": "Europe & Central Asia", "NAME_AR": "التشيك", "NAME_BN": "চেক প্রজাতন্ত্র", "NAME_DE": "Tschechien", "NAME_EN": "Czech Republic", "NAME_ES": "República Checa", "NAME_FR": "République tchèque", "NAME_EL": "Τσεχία", "NAME_HI": "चेक गणराज्य", "NAME_HU": "Csehország", "NAME_ID": "Republik Ceko", "NAME_IT": "Repubblica Ceca", "NAME_JA": "チェコ", "NAME_KO": "체코", "NAME_NL": "Tsjechië", "NAME_PL": "Czechy", "NAME_PT": "República Checa", "NAME_RU": "Чехия", "NAME_SV": "Tjeckien", "NAME_TR": "Çek Cumhuriyeti", "NAME_VI": "Cộng hòa Séc", "NAME_ZH": "捷克", "WB_NAME": "Czech Republic", "WB_RULES": "Optionally, use Czechia", "WB_REGION": "ECA", "Shape_Leng": 20.370904133700002, "Shape_Area": 9.8226658660599995 }, "geometry": { "type": "Polygon", "coordinates": [ [ [ 15.054263404452113, 54.85128022537539 ], [ 17.681349187837974, 50.370663404090905 ], [ 17.111556072044486, 48.060310338494197 ], [ 16.866940511098242, 47.671598104665208 ], [ 16.393497965340821, 47.737844224635225 ], [ 12.672261514191449, 49.789195786990092 ], [ 13.783345787499213, 53.778193253876069 ], [ 15.054263404452113, 54.85128022537539 ] ] ] } },
{ "type": "Feature", "properties": { "OBJECTID": 163, "featurecla": "Admin-0 country", "LEVEL": 2, "TYPE": "Sovereign country", "FORMAL_EN": "State of the Vatican City", "FORMAL_FR": null, "POP_EST": 1000, "POP_RANK": 3, "GDP_MD_EST": 0.0, "POP_YEAR": 2015, "LASTCENSUS": -99, "GDP_YEAR": 0, "ECONOMY": "2. Developed region: nonG7", "INCOME_GRP": "2. High income: nonOECD", "FIPS_10_": "VT", "ISO_A2": "VA", "ISO_A3": "VAT", "ISO_A3_EH": "VAT", "ISO_N3": "336", "UN_A3": "336", "WB_A2": "-99", "WB_A3": "VAT", "CONTINENT": "Europe", "REGION_UN": "Europe", "SUBREGION": "Southern Europe", "REGION_WB": "Europe & Central Asia", "NAME_AR": "الفاتيكان", "NAME_BN": "ভ্যাটিকান সিটি", "NAME_DE": "Vatikanstadt", "NAME_EN": "Vatican City", "NAME_ES": "Ciudad del Vaticano", "NAME_FR": "Vatican", "NAME_EL": "Βατικανό", "NAME_HI": "वैटिकन नगर", "NAME_HU": "Vatikán", "NAME_ID": "Vatikan", "NAME_IT": "Città del Vaticano", "NAME_JA": "バチカン", "NAME_KO": "바티칸 시국", "NAME_NL": "Vaticaanstad", "NAME_PL": "Watykan", "NAME_PT": "Vaticano", "NAME_RU": "Ватикан", "NAME_SV": "Vatikanstaten", "NAME_TR": "Vatikan", "NAME_VI": "Thành Vatican", "NAME_ZH": "梵蒂冈", "WB_NAME": "Vatican City", "WB_RULES": "None", "WB_REGION": "Other", "Shape_Leng": 0.0044314953, "Shape_Area": 1.32416e-06 }, "geometry": { "type": "Polygon", "coordinates": [ [ [ 9.285695492733756, 41.058816320247587 ], [ 13.608504841125558, 42.926280419285796 ], [ 14.868985120381538, 42.93322101197861 ], [ 15.485763272940169, 42.164272667045637 ], [ 16.037798965050616, 40.869617150294879 ], [ 16.122801199660476, 40.216083406314567 ], [ 16.078764854322358, 39.77617735118379 ], [ 10.846012644878387, 38.070202833013248 ], [ 8.515177912578681, 38.93822497902763 ], [ 9.285695492733756, 41.058816320247587 ] ] ] } },
{ "type": "Feature", "properties": { "OBJECTID": 87, "featurecla": "Admin-0 country", "LEVEL": 2, "TYPE": "Sovereign country", "FORMAL_EN": "Republic of Austria", "FORMAL_FR": null, "POP_EST": 8754413, "POP_RANK": 13, "GDP_MD_EST": 416600.0, "POP_YEAR": 2017, "LASTCENSUS": 2011, "GDP_YEAR": 2016, "ECONOMY": "2. Developed region: nonG7", "INCOME_GRP": "1. High income: OECD", "FIPS_10_": "AU", "ISO_A2": "AT", "ISO_A3": "AUT", "ISO_A3_EH": "AUT", "ISO_N3": "040", "UN_A3": "040", "WB_A2": "AT", "WB_A3": "AUT", "CONTINENT": "Europe", "REGION_UN": "Europe", "SUBREGION": "Western Europe", "REGION_WB": "Europe & Central Asia", "NAME_AR": "النمسا", "NAME_BN": "অস্ট্রিয়া", "NAME_DE": "Österreich", "NAME_EN": "Austria", "NAME_ES": "Austria", "NAME_FR": "Autriche", "NAME_EL": "Αυστρία", "NAME_HI": "ऑस्ट्रिया", "NAME_HU": "Ausztria", "NAME_ID": "Austria", "NAME_IT": "Austria", "NAME_JA": "オーストリア", "NAME_KO": "오스트리아", "NAME_NL": "Oostenrijk", "NAME_PL": "Austria", "NAME_PT": "Áustria", "NAME_RU": "Австрия", "NAME_SV": "Österrike", "NAME_TR": "Avusturya", "NAME_VI": "Áo", "NAME_ZH": "奥地利", "WB_NAME": "Austria", "WB_RULES": "None", "WB_REGION": "Other", "Shape_Leng": 24.138471810599999, "Shape_Area": 10.043708452400001 }, "geometry": { "type": "Polygon", "coordinates": [ [ [ 11.700082766490926, 48.753928541704965 ], [ 12.672261514191449, 49.789195786990092 ], [ 16.393497965340821, 47.737844224635225 ], [ 12.696918747613141, 46.033831732333347 ], [ 11.930699195001193, 46.388355173982603 ], [ 11.700082766490926, 48.753928541704965 ] ] ] } },
{ "type": "Feature", "properties": { "OBJECTID": 34, "featurecla": "Admin-0 country", "LEVEL": 2, "TYPE": "Sovereign country", "FORMAL_EN": "Republic of Namibia", "FORMAL_FR": null, "POP_EST": 2484780, "POP_RANK": 12, "GDP_MD_EST": 25990.0, "POP_YEAR": 2017, "LASTCENSUS": 2001, "GDP_YEAR": 2016, "ECONOMY": "6. Developing region", "INCOME_GRP": "3. Upper middle income", "FIPS_10_": "WA", "ISO_A2": "NA", "ISO_A3": "NAM", "ISO_A3_EH": "NAM", "ISO_N3": "516", "UN_A3": "516", "WB_A2": "NA", "WB_A3": "NAM", "CONTINENT": "Africa", "REGION_UN": "Africa", "SUBREGION": "Southern Africa", "REGION_WB": "Sub-Saharan Africa", "NAME_AR": "ناميبيا", "NAME_BN": "নামিবিয়া", "NAME_DE": "Namibia", "NAME_EN": "Namibia", "NAME_ES": "Namibia", "NAME_FR": "Namibie", "NAME_EL": "Ναμίμπια", "NAME_HI": "नामीबिया", "NAME_HU": "Namíbia", "NAME_ID": "Namibia", "NAME_IT": "Namibia", "NAME_JA": "ナミビア", "NAME_KO": "나미비아", "NAME_NL": "Namibië", "NAME_PL": "Namibia", "NAME_PT": "Namíbia", "NAME_RU": "Намибия", "NAME_SV": "Namibia", "NAME_TR": "Namibya", "NAME_VI": "Namibia", "NAME_ZH": "纳米比亚", "WB_NAME": "Namibia", "WB_RULES": "None", "WB_REGION": "AFR", "Shape_Leng": 49.8930437398, "Shape_Area": 72.129148762400007 }, "geometry": { "type": "Polygon", "coordinates": [ [ [ 2.845573052412342, -16.729519928634115 ], [ 20.546602603617558, -17.315872789620371 ], [ 20.46913294226513, -26.344667503711054 ], [ 5.561757168399176, -43.431047465247062 ], [ 2.845573052412342, -16.729519928634115 ] ] ] } },
{ "type": "Feature", "properties": { "OBJECTID": 207, "featurecla": "Admin-0 country", "LEVEL": 2, "TYPE": "Sovereign country", "FORMAL_EN": "Republic of Malta", "FORMAL_FR": null, "POP_EST": 416338, "POP_RANK": 10, "GDP_MD_EST": 16320.0, "POP_YEAR": 2017, "LASTCENSUS": 2005, "GDP_YEAR": 2016, "ECONOMY": "2. Developed region: nonG7", "INCOME_GRP": "2. High income: nonOECD", "FIPS_10_": "MT", "ISO_A2": "MT", "ISO_A3": "MLT", "ISO_A3_EH": "MLT", "ISO_N3": "470", "UN_A3": "470", "WB_A2": "MT", "WB_A3": "MLT", "CONTINENT": "Europe", "REGION_UN": "Europe", "SUBREGION": "Southern Europe", "REGION_WB": "Middle East & North Africa", "NAME_AR": "مالطا", "NAME_BN": "মাল্টা", "NAME_DE": "Malta", "NAME_EN": "Malta", "NAME_ES": "Malta", "NAME_FR": "Malte", "NAME_EL": "Μάλτα", "NAME_HI": "माल्टा", "NAME_HU": "Málta", "NAME_ID": "Malta", "NAME_IT": "Malta", "NAME_JA": "マルタ", "NAME_KO": "몰타", "NAME_NL": "Malta", "NAME_PL": "Malta", "NAME_PT": "Malta", "NAME_RU": "Мальта", "NAME_SV": "Malta", "NAME_TR": "Malta", "NAME_VI": "Malta", "NAME_ZH": "马耳他", "WB_NAME": "Malta", "WB_RULES": "None", "WB_REGION": "MENA", "Shape_Leng": 1.11530426173, "Shape_Area": 0.03252190195 }, "geometry": { "type": "Polygon", "coordinates": [ [ [ 10.846012644878387, 38.070202833013248 ], [ 16.078764854322358, 39.77617735118379 ], [ 19.012168054758433, 36.601981842892123 ], [ 20.280855830158188, 33.128029898357049 ], [ 13.677264723877267, 30.449789161148949 ], [ 10.846012644878387, 38.070202833013248 ] ] ] } },
{ "type": "Feature", "properties": { "OBJECTID": 101, "featurecla": "Admin-0 country", "LEVEL": 2, "TYPE": "Sovereign country", "FORMAL_EN": "Republic of Slovenia", "FORMAL_FR": null, "POP_EST": 1972126, "POP_RANK": 12, "GDP_MD_EST": 68350.0, "POP_YEAR": 2017, "LASTCENSUS": 2011, "GDP_YEAR": 2016, "ECONOMY": "2. Developed region: nonG7", "INCOME_GRP": "1. High income: OECD", "FIPS_10_": "SI", "ISO_A2": "SI", "ISO_A3": "SVN", "ISO_A3_EH": "SVN", "ISO_N3": "705", "UN_A3": "705", "WB_A2": "SI", "WB_A3": "SVN", "CONTINENT": "Europe", "REGION_UN": "Europe", "SUBREGION": "Southern Europe", "REGION_WB": "Europe & Central Asia", "NAME_AR": "سلوفينيا", "NAME_BN": "স্লোভেনিয়া", "NAME_DE": "Slowenien", "NAME_EN": "Slovenia", "NAME_ES": "Eslovenia", "NAME_FR": "Slovénie", "NAME_EL": "Σλοβενία", "NAME_HI": "स्लोवेनिया", "NAME_HU": "Szlovénia", "NAME_ID": "Slovenia", "NAME_IT": "Slovenia", "NAME_JA": "スロベニア", "NAME_KO": "슬로베니아", "NAME_NL": "Slovenië", "NAME_PL": "Słowenia", "NAME_PT": "Eslovénia", "NAME_RU": "Словения", "NAME_SV": "Slovenien", "NAME_TR": "Slovenya", "NAME_VI": "Slovenia", "NAME_ZH": "斯洛文尼亚", "WB_NAME": "Slovenia", "WB_RULES": "None", "WB_REGION": "ECA", "Shape_Leng": 10.7351450281, "Shape_Area": 2.3657958896900002 }, "geometry": { "type": "Polygon", "coordinates": [ [ [ 12.696918747613141, 46.033831732333347 ], [ 16.393497965340821, 47.737844224635225 ], [ 16.866940511098242, 47.671598104665208 ], [ 16.89451964295688, 47.550742815880611 ], [ 14.560933832986866, 44.010560820639554 ], [ 12.696918747613141, 46.033831732333347 ] ] ] } },
{ "type": "Feature", "properties": { "OBJECTID": 111, "featurecla": "Admin-0 country", "LEVEL": 2, "TYPE": "Sovereign country", "FORMAL_EN": "Republic of Chad", "FORMAL_FR": null, "POP_EST": 12075985, "POP_RANK": 14, "GDP_MD_EST": 30590.0, "POP_YEAR": 2017, "LASTCENSUS": 2009, "GDP_YEAR": 2016, "ECONOMY": "7. Least developed region", "INCOME_GRP": "5. Low income", "FIPS_10_": "CD", "ISO_A2": "TD", "ISO_A3": "TCD", "ISO_A3_EH": "TCD", "ISO_N3": "148", "UN_A3": "148", "WB_A2": "TD", "WB_A3": "TCD", "CONTINENT": "Africa", "REGION_UN": "Africa", "SUBREGION": "Middle Africa", "REGION_WB": "Sub-Saharan Africa", "NAME_AR": "تشاد", "NAME_BN": "চাদ", "NAME_DE": "Tschad", "NAME_EN": "Chad", "NAME_ES": "Chad", "NAME_FR": "Tchad", "NAME_EL": "Τσαντ", "NAME_HI": "चाड", "NAME_HU": "Csád", "NAME_ID": "Chad", "NAME_IT": "Ciad", "NAME_JA": "チャド", "NAME_KO": "차드", "NAME_NL": "Tsjaad", "NAME_PL": "Czad", "NAME_PT": "Chade", "NAME_RU": "Чад", "NAME_SV": "Tchad", "NAME_TR": "Çad", "NAME_VI": "Tchad", "NAME_ZH": "乍得", "WB_NAME": "Chad", "WB_RULES": "None", "WB_REGION": "AFR", "Shape_Leng": 53.1017330253, "Shape_Area": 106.807562756 }, "geometry": { "type": "Polygon", "coordinates": [ [ [ 13.203654285867879, 12.767892595293537 ], [ 15.058349977043097, 21.003724013377372 ], [ 23.695656447412865, 21.473828535438109 ], [ 23.95992665944749, 21.208253149275013 ], [ 24.522888422837092, 11.9801186775224 ], [ 16.136371967453716, 10.240436762880337 ], [ 13.798578564661138, 11.67348829516753 ], [ 13.203654285867879, 12.767892595293537 ] ] ] } },
{ "type": "Feature", "properties": { "OBJECTID": 29, "featurecla": "Admin-0 country", "LEVEL": 2, "TYPE": "Sovereign country", "FORMAL_EN": "Republic of the Congo", "FORMAL_FR": null, "POP_EST": 4954674, "POP_RANK": 12, "GDP_MD_EST": 30270.0, "POP_YEAR": 2017, "LASTCENSUS": 2007, "GDP_YEAR": 2016, "ECONOMY": "6. Developing region", "INCOME_GRP": "4. Lower middle income", "FIPS_10_": "CF", "ISO_A2": "CG", "ISO_A3": "COG", "ISO_A3_EH": "COG", "ISO_N3": "178", "UN_A3": "178", "WB_A2": "CG", "WB_A3": "COG", "CONTINENT": "Africa", "REGION_UN": "Africa", "SUBREGION": "Middle Africa", "REGION_WB": "Sub-Saharan Africa", "NAME_AR": "جمهورية الكونغو", "NAME_BN": "কঙ্গো প্রজাতন্ত্র", "NAME_DE": "Republik Kongo", "NAME_EN": "Republic of the Congo", "NAME_ES": "República del Congo", "NAME_FR": "République du Congo", "NAME_EL": "Δημοκρατία του Κονγκό", "NAME_HI": "कांगो गणराज्य", "NAME_HU": "Kongói Köztársaság", "NAME_ID": "Republik Kongo", "NAME_IT": "Repubblica del Congo", "NAME_JA": "コンゴ共和国", "NAME_KO": "콩고 공화국", "NAME_NL": "Republiek Congo", "NAME_PL": "Kongo", "NAME_PT": "Congo", "NAME_RU": "Республика Конго", "NAME_SV": "Kongo-Brazzaville", "NAME_TR": "Kongo Cumhuriyeti", "NAME_VI": "Cộng hòa Congo", "NAME_ZH": "刚果共和国", "WB_NAME": "Congo, Rep. of", "WB_RULES": "None", "WB_REGION": "AFR", "Shape_Leng": 39.583543050099998, "Shape_Area": 28.044545088 }, "geometry": { "type": "Polygon", "coordinates": [ [ [ 13.773857370127335, 2.349668525857623 ], [ 16.894104567175198, 3.5349877009923 ], [ 20.175195557748236, 1.210384566820994 ], [ 18.390588995975346, -6.158097917559336 ], [ 13.033310725586512, -7.242632502520219 ], [ 13.717088759457859, 2.240729968698708 ], [ 13.773857370127335, 2.349668525857623 ] ] ] } },
{ "type": "Feature", "properties": { "OBJECTID": 100, "featurecla": "Admin-0 country", "LEVEL": 2, "TYPE": "Sovereign country", "FORMAL_EN": "Republic of Croatia", "FORMAL_FR": null, "POP_EST": 4292095, "POP_RANK": 12, "GDP_MD_EST": 94240.0, "POP_YEAR": 2017, "LASTCENSUS": 2011, "GDP_YEAR": 2016, "ECONOMY": "2. Developed region: nonG7", "INCOME_GRP": "2. High income: nonOECD", "FIPS_10_": "HR", "ISO_A2": "HR", "ISO_A3": "HRV", "ISO_A3_EH": "HRV", "ISO_N3": "191", "UN_A3": "191", "WB_A2": "HR", "WB_A3": "HRV", "CONTINENT": "Europe", "REGION_UN": "Europe", "SUBREGION": "Southern Europe", "REGION_WB": "Europe & Central Asia", "NAME_AR": "كرواتيا", "NAME_BN": "ক্রোয়েশিয়া", "NAME_DE": "Kroatien", "NAME_EN": "Croatia", "NAME_ES": "Croacia", "NAME_FR": "Croatie", "NAME_EL": "Κροατία", "NAME_HI": "क्रोएशिया", "NAME_HU": "Horvátország", "NAME_ID": "Kroasia", "NAME_IT": "Croazia", "NAME_JA": "クロアチア", "NAME_KO": "크로아티아", "NAME_NL": "Kroatië", "NAME_PL": "Chorwacja", "NAME_PT": "Croácia", "NAME_RU": "Хорватия", "NAME_SV": "Kroatien", "NAME_TR": "Hırvatistan", "NAME_VI": "Croatia", "NAME_ZH": "克罗地亚", "WB_NAME": "Croatia", "WB_RULES": "None", "WB_REGION": "ECA", "Shape_Leng": 49.308825101399997, "Shape_Area": 6.2937511258900001 }, "geometry": { "type": "Polygon", "coordinates": [ [ [ 16.89451964295688, 47.550742815880611 ], [ 17.982057500534356, 45.994722730859635 ], [ 15.485763272940169, 42.164272667045637 ], [ 14.868985120381538, 42.93322101197861 ], [ 14.560933832986866, 44.010560820639554 ], [ 16.89451964295688, 47.550742815880611 ] ] ] } },
{ "type": "Feature", "properties": { "OBJECTID": 128, "featurecla": "Admin-0 country", "LEVEL": 2, "TYPE": "Sovereign country", "FORMAL_EN": "Bosnia and Herzegovina", "FORMAL_FR": null, "POP_EST": 3856181, "POP_RANK": 12, "GDP_MD_EST": 42530.0, "POP_YEAR": 2017, "LASTCENSUS": 1991, "GDP_YEAR": 2016, "ECONOMY": "6. Developing region", "INCOME_GRP": "3. Upper middle income", "FIPS_10_": "BK", "ISO_A2": "BA", "ISO_A3": "BIH", "ISO_A3_EH": "BIH", "ISO_N3": "070", "UN_A3": "070", "WB_A2": "BA", "WB_A3": "BIH", "CONTINENT": "Europe", "REGION_UN": "Europe", "SUBREGION": "Southern Europe", "REGION_WB": "Europe & Central Asia", "NAME_AR": "البوسنة والهرسك", "NAME_BN": "বসনিয়া ও হার্জেগোভিনা", "NAME_DE": "Bosnien und Herzegowina", "NAME_EN": "Bosnia and Herzegovina", "NAME_ES": "Bosnia y Herzegovina", "NAME_FR": "Bosnie-Herzégovine", "NAME_EL": "Βοσνία και Ερζεγοβίνη", "NAME_HI": "बॉस्निया और हर्ज़ेगोविना", "NAME_HU": "Bosznia-Hercegovina", "NAME_ID": "Bosnia dan Herzegovina", "NAME_IT": "Bosnia ed Erzegovina", "NAME_JA": "ボスニア・ヘルツェゴビナ", "NAME_KO": "보스니아 헤르체고비나", "NAME_NL": "Bosnië en Herzegovina", "NAME_PL": "Bośnia i Hercegowina", "NAME_PT": "Bósnia e Herzegovina", "NAME_RU": "Босния и Герцеговина", "NAME_SV": "Bosnien och Hercegovina", "NAME_TR": "Bosna-Hersek", "NAME_VI": "Bosna và Hercegovina", "NAME_ZH": "波斯尼亚和黑塞哥维那", "WB_NAME": "Bosnia and Herzegovina", "WB_RULES": "None", "WB_REGION": "ECA", "Shape_Leng": 14.19161671, "Shape_Area": 5.8324703757799998 }, "geometry": { "type": "Polygon", "coordinates": [ [ [ 15.485763272940169, 42.164272667045637 ], [ 17.982057500534356, 45.994722730859635 ], [ 19.263762204541493, 45.299202011668875 ], [ 19.280247510725626, 44.297304168364811 ], [ 16.037798965050616, 40.869617150294879 ], [ 15.485763272940169, 42.164272667045637 ] ] ] } },
{ "type": "Feature", "properties": { "OBJECTID": 75, "featurecla": "Admin-0 country", "LEVEL": 2, "TYPE": "Sovereign country", "FORMAL_EN": "Republic of Poland", "FORMAL_FR": null, "POP_EST": 38476269, "POP_RANK": 15, "GDP_MD_EST": 1052000.0, "POP_YEAR": 2017, "LASTCENSUS": 2011, "GDP_YEAR": 2016, "ECONOMY": "2. Developed region: nonG7", "INCOME_GRP": "1. High income: OECD", "FIPS_10_": "PL", "ISO_A2": "PL", "ISO_A3": "POL", "ISO_A3_EH": "POL", "ISO_N3": "616", "UN_A3": "616", "WB_A2": "PL", "WB_A3": "POL", "CONTINENT": "Europe", "REGION_UN": "Europe", "SUBREGION": "Eastern Europe", "REGION_WB": "Europe & Central Asia", "NAME_AR": "بولندا", "NAME_BN": "পোল্যান্ড", "NAME_DE": "Polen", "NAME_EN": "Poland", "NAME_ES": "Polonia", "NAME_FR": "Pologne", "NAME_EL": "Πολωνία", "NAME_HI": "पोलैंड", "NAME_HU": "Lengyelország", "NAME_ID": "Polandia", "NAME_IT": "Polonia", "NAME_JA": "ポーランド", "NAME_KO": "폴란드", "NAME_NL": "Polen", "NAME_PL": "Polska", "NAME_PT": "Polónia", "NAME_RU": "Польша", "NAME_SV": "Polen", "NAME_TR": "Polonya", "NAME_VI": "Ba Lan", "NAME_ZH": "波兰", "WB_NAME": "Poland", "WB_RULES": "None", "WB_REGION": "ECA", "Shape_Leng": 37.818756948699999, "Shape_Area": 41.1417725795 }, "geometry": { "type": "Polygon", "coordinates": [ [ [ 15.901555552587165, 56.912463809691388 ], [ 18.849965468011206, 57.643137583970557 ], [ 23.917528273645633, 50.531499289500566 ], [ 23.913014916358577, 50.527484448407748 ], [ 17.681349187837974, 50.370663404090905 ], [ 15.054263404452113, 54.85128022537539 ], [ 15.901555552587165, 56.912463809691388 ] ] ] } },
{ "type": "Feature", "properties": { "OBJECTID": 46, "featurecla": "Admin-0 country", "LEVEL": 2, "TYPE": "Sovereign country", "FORMAL_EN": "Russian Federation", "FORMAL_FR": null, "POP_EST": 142257519, "POP_RANK": 17, "GDP_MD_EST": 3745000.0, "POP_YEAR": 2017, "LASTCENSUS": 2010, "GDP_YEAR": 2016, "ECONOMY": "3. Emerging region: BRIC", "INCOME_GRP": "3. Upper middle income", "FIPS_10_": "RS", "ISO_A2": "RU", "ISO_A3": "RUS", "ISO_A3_EH": "RUS", "ISO_N3": "643", "UN_A3": "643", "WB_A2": "RU", "WB_A3": "RUS", "CONTINENT": "Europe", "REGION_UN": "Europe", "SUBREGION": "Eastern Europe", "REGION_WB": "Europe & Central Asia", "NAME_AR": "روسيا", "NAME_BN": "রাশিয়া", "NAME_DE": "Russland", "NAME_EN": "Russia", "NAME_ES": "Rusia", "NAME_FR": "Russie", "NAME_EL": "Ρωσία", "NAME_HI": "रूस", "NAME_HU": "Oroszország", "NAME_ID": "Rusia", "NAME_IT": "Russia", "NAME_JA": "ロシア", "NAME_KO": "러시아", "NAME_NL": "Rusland", "NAME_PL": "Rosja", "NAME_PT": "Rússia", "NAME_RU": "Россия", "NAME_SV": "Ryssland", "NAME_TR": "Rusya", "NAME_VI": "Nga", "NAME_ZH": "俄罗斯", "WB_NAME": "Russian Federation", "WB_RULES": "Do not use \"Russia\"", "WB_REGION": "ECA", "Shape_Leng": 1645.53614683, "Shape_Area": 2925.33260935 }, "geometry": { "type": "Polygon", "coordinates": [ [ [ 142.777747303645469, 94.148272087766884 ], [ 120.544689258837735, 63.095739338463567 ], [ 87.820987554758972, 49.342894674292019 ], [ 81.444578121280088, 56.221468108991694 ], [ 63.598886397337999, 94.148272087766884 ], [ 142.777747303645469, 94.148272087766884 ] ] ] } },
{ "type": "Feature", "properties": { "OBJECTID": 52, "featurecla": "Admin-0 country", "LEVEL": 2, "TYPE": "Sovereign country", "FORMAL_EN": "Kingdom of Sweden", "FORMAL_FR": null, "POP_EST": 9960487, "POP_RANK": 13, "GDP_MD_EST": 498100.0, "POP_YEAR": 2017, "LASTCENSUS": -99, "GDP_YEAR": 2016, "ECONOMY": "2. Developed region: nonG7", "INCOME_GRP": "1. High income: OECD", "FIPS_10_": "SW", "ISO_A2": "SE", "ISO_A3": "SWE", "ISO_A3_EH": "SWE", "ISO_N3": "752", "UN_A3": "752", "WB_A2": "SE", "WB_A3": "SWE", "CONTINENT": "Europe", "REGION_UN": "Europe", "SUBREGION": "Northern Europe", "REGION_WB": "Europe & Central Asia", "NAME_AR": "السويد", "NAME_BN": "সুইডেন", "NAME_DE": "Schweden", "NAME_EN": "Sweden", "NAME_ES": "Suecia", "NAME_FR": "Suède", "NAME_EL": "Σουηδία", "NAME_HI": "स्वीडन", "NAME_HU": "Svédország", "NAME_ID": "Swedia", "NAME_IT": "Svezia", "NAME_JA": "スウェーデン", "NAME_KO": "스웨덴", "NAME_NL": "Zweden", "NAME_PL": "Szwecja", "NAME_PT": "Suécia", "NAME_RU": "Швеция", "NAME_SV": "Sverige", "NAME_TR": "İsveç", "NAME_VI": "Thụy Điển", "NAME_ZH": "瑞典", "WB_NAME": "Sweden", "WB_RULES": "None", "WB_REGION": "Other", "Shape_Leng": 116.62662784, "Shape_Area": 78.560879340599996 }, "geometry": { "type": "Polygon", "coordinates": [ [ [ 8.586870210747714, 64.11048131148587 ], [ 20.923265119803393, 66.867725228286403 ], [ 21.782518128967432, 62.087183694565539 ], [ 20.518133707736851, 59.38315520071955 ], [ 20.177318631575968, 58.914137852129016 ], [ 18.849965468011206, 57.643137583970557 ], [ 15.901555552587165, 56.912463809691388 ], [ 8.586870210747714, 64.11048131148587 ] ] ] } },
{ "type": "Feature", "properties": { "OBJECTID": 49, "featurecla": "Admin-0 country", "LEVEL": 2, "TYPE": "Sovereign country", "FORMAL_EN": "Republic of Estonia", "FORMAL_FR": null, "POP_EST": 1251581, "POP_RANK": 12, "GDP_MD_EST": 38700.0, "POP_YEAR": 2017, "LASTCENSUS": 2000, "GDP_YEAR": 2016, "ECONOMY": "2. Developed region: nonG7", "INCOME_GRP": "1. High income: OECD", "FIPS_10_": "EN", "ISO_A2": "EE", "ISO_A3": "EST", "ISO_A3_EH": "EST", "ISO_N3": "233", "UN_A3": "233", "WB_A2": "EE", "WB_A3": "EST", "CONTINENT": "Europe", "REGION_UN": "Europe", "SUBREGION": "Northern Europe", "REGION_WB": "Europe & Central Asia", "NAME_AR": "إستونيا", "NAME_BN": "এস্তোনিয়া", "NAME_DE": "Estland", "NAME_EN": "Estonia", "NAME_ES": "Estonia", "NAME_FR": "Estonie", "NAME_EL": "Εσθονία", "NAME_HI": "एस्टोनिया", "NAME_HU": "Észtország", "NAME_ID": "Estonia", "NAME_IT": "Estonia", "NAME_JA": "エストニア", "NAME_KO": "에스토니아", "NAME_NL": "Estland", "NAME_PL": "Estonia", "NAME_PT": "Estónia", "NAME_RU": "Эстония", "NAME_SV": "Estland", "NAME_TR": "Estonya", "NAME_VI": "Estonia", "NAME_ZH": "爱沙尼亚", "WB_NAME": "Estonia", "WB_RULES": "None", "WB_REGION": "ECA", "Shape_Leng": 27.208007538299999, "Shape_Area": 7.0895832955299998 }, "geometry": { "type": "Polygon", "coordinates": [ [ [ 21.782518128967432, 62.087183694565539 ], [ 35.584357567352264, 60.378354782605555 ], [ 28.134377436028068, 56.757440868623114 ], [ 20.518133707736851, 59.38315520071955 ], [ 21.782518128967432, 62.087183694565539 ] ] ] } },
{ "type": "Feature", "properties": { "OBJECTID": 73, "featurecla": "Admin-0 country", "LEVEL": 2, "TYPE": "Sovereign country", "FORMAL_EN": "Republic of Hungary", "FORMAL_FR": null, "POP_EST": 9850845, "POP_RANK": 13, "GDP_MD_EST": 267600.0, "POP_YEAR": 2017, "LASTCENSUS": 2001, "GDP_YEAR": 2016, "ECONOMY": "2. Developed region: nonG7", "INCOME_GRP": "1. High income: OECD", "FIPS_10_": "HU", "ISO_A2": "HU", "ISO_A3": "HUN", "ISO_A3_EH": "HUN", "ISO_N3": "348", "UN_A3": "348", "WB_A2": "HU", "WB_A3": "HUN", "CONTINENT": "Europe", "REGION_UN": "Europe", "SUBREGION": "Eastern Europe", "REGION_WB": "Europe & Central Asia", "NAME_AR": "المجر", "NAME_BN": "হাঙ্গেরি", "NAME_DE": "Ungarn", "NAME_EN": "Hungary", "NAME_ES": "Hungría", "NAME_FR": "Hongrie", "NAME_EL": "Ουγγαρία", "NAME_HI": "हंगरी", "NAME_HU": "Magyarország", "NAME_ID": "Hongaria", "NAME_IT": "Ungheria", "NAME_JA": "ハンガリー", "NAME_KO": "헝가리", "NAME_NL": "Hongarije", "NAME_PL": "Węgry", "NAME_PT": "Hungria", "NAME_RU": "Венгрия", "NAME_SV": "Ungern", "NAME_TR": "Macaristan", "NAME_VI": "Hungary", "NAME_ZH": "匈牙利", "WB_NAME": "Hungary", "WB_RULES": "None", "WB_REGION": "ECA", "Shape_Leng": 19.356865917299999, "Shape_Area": 11.0570051023 }, "geometry": { "type": "Polygon", "coordinates": [ [ [ 16.866940511098242, 47.671598104665208 ], [ 17.111556072044486, 48.060310338494197 ], [ 22.480976693722539, 47.769064776775821 ], [ 22.231009449362819, 46.704868168801262 ], [ 19.263762204541493, 45.299202011668875 ], [ 17.982057500534356, 45.994722730859635 ], [ 16.89451964295688, 47.550742815880611 ], [ 16.866940511098242, 47.671598104665208 ] ] ] } },
{ "type": "Feature", "properties": { "OBJECTID": 127, "featurecla": "Admin-0 country", "LEVEL": 2, "TYPE": "Sovereign country", "FORMAL_EN": "Montenegro", "FORMAL_FR": null, "POP_EST": 642550, "POP_RANK": 11, "GDP_MD_EST": 10610.0, "POP_YEAR": 2017, "LASTCENSUS": 2011, "GDP_YEAR": 2016, "ECONOMY": "6. Developing region", "INCOME_GRP": "3. Upper middle income", "FIPS_10_": "MJ", "ISO_A2": "ME", "ISO_A3": "MNE", "ISO_A3_EH": "MNE", "ISO_N3": "499", "UN_A3": "499", "WB_A2": "ME", "WB_A3": "MNE", "CONTINENT": "Europe", "REGION_UN": "Europe", "SUBREGION": "Southern Europe", "REGION_WB": "Europe & Central Asia", "NAME_AR": "الجبل الأسود", "NAME_BN": "মন্টিনিগ্রো", "NAME_DE": "Montenegro", "NAME_EN": "Montenegro", "NAME_ES": "Montenegro", "NAME_FR": "Monténégro", "NAME_EL": "Μαυροβούνιο", "NAME_HI": "मॉन्टेनीग्रो", "NAME_HU": "Montenegró", "NAME_ID": "Montenegro", "NAME_IT": "Montenegro", "NAME_JA": "モンテネグロ", "NAME_KO": "몬테네그로", "NAME_NL": "Montenegro", "NAME_PL": "Czarnogóra", "NAME_PT": "Montenegro", "NAME_RU": "Черногория", "NAME_SV": "Montenegro", "NAME_TR": "Karadağ", "NAME_VI": "Montenegro", "NAME_ZH": "蒙特內哥羅", "WB_NAME": "Montenegro", "WB_RULES": "None", "WB_REGION": "ECA", "Shape_Leng": 7.9105375449300004, "Shape_Area": 1.5102545463699999 }, "geometry": { "type": "Polygon", "coordinates": [ [ [ 16.037798965050616, 40.869617150294879 ], [ 19.280247510725626, 44.297304168364811 ], [ 20.145065308276742, 43.362397495135298 ], [ 19.984873800948581, 42.132198453412123 ], [ 16.122801199660476, 40.216083406314567 ], [ 16.037798965050616, 40.869617150294879 ] ] ] } },
{ "type": "Feature", "properties": { "OBJECTID": 42, "featurecla": "Admin-0 country", "LEVEL": 2, "TYPE": "Sovereign country", "FORMAL_EN": "Republic of Lithuania", "FORMAL_FR": null, "POP_EST": 2823859, "POP_RANK": 12, "GDP_MD_EST": 85620.0, "POP_YEAR": 2017, "LASTCENSUS": 2011, "GDP_YEAR": 2016, "ECONOMY": "2. Developed region: nonG7", "INCOME_GRP": "3. Upper middle income", "FIPS_10_": "LH", "ISO_A2": "LT", "ISO_A3": "LTU", "ISO_A3_EH": "LTU", "ISO_N3": "440", "UN_A3": "440", "WB_A2": "LT", "WB_A3": "LTU", "CONTINENT": "Europe", "REGION_UN": "Europe", "SUBREGION": "Northern Europe", "REGION_WB": "Europe & Central Asia", "NAME_AR": "ليتوانيا", "NAME_BN": "লিথুয়ানিয়া", "NAME_DE": "Litauen", "NAME_EN": "Lithuania", "NAME_ES": "Lituania", "NAME_FR": "Lituanie", "NAME_EL": "Λιθουανία", "NAME_HI": "लिथुआनिया", "NAME_HU": "Litvánia", "NAME_ID": "Lituania", "NAME_IT": "Lituania", "NAME_JA": "リトアニア", "NAME_KO": "리투아니아", "NAME_NL": "Litouwen", "NAME_PL": "Litwa", "NAME_PT": "Lituânia", "NAME_RU": "Литва", "NAME_SV": "Litauen", "NAME_TR": "Litvanya", "NAME_VI": "Litva", "NAME_ZH": "立陶宛", "WB_NAME": "Lithuania", "WB_RULES": "None", "WB_REGION": "ECA", "Shape_Leng": 17.842074544300001, "Shape_Area": 9.1903973976700009 }, "geometry": { "type": "Polygon", "coordinates": [ [ [ 20.177318631575968, 58.914137852129016 ], [ 26.167189445043341, 54.905794726061195 ], [ 24.291425632050522, 50.574309363736688 ], [ 23.917528273645633, 50.531499289500566 ], [ 18.849965468011206, 57.643137583970557 ], [ 20.177318631575968, 58.914137852129016 ] ] ] } },
{ "type": "Feature", "properties": { "OBJECTID": 35, "featurecla": "Admin-0 country", "LEVEL": 2, "TYPE": "Sovereign country", "FORMAL_EN": "Republic of South Africa", "FORMAL_FR": null, "POP_EST": 54841552, "POP_RANK": 16, "GDP_MD_EST": 739100.0, "POP_YEAR": 2017, "LASTCENSUS": 2001, "GDP_YEAR": 2016, "ECONOMY": "5. Emerging region: G20", "INCOME_GRP": "3. Upper middle income", "FIPS_10_": "SF", "ISO_A2": "ZA", "ISO_A3": "ZAF", "ISO_A3_EH": "ZAF", "ISO_N3": "710", "UN_A3": "710", "WB_A2": "ZA", "WB_A3": "ZAF", "CONTINENT": "Africa", "REGION_UN": "Africa", "SUBREGION": "Southern Africa", "REGION_WB": "Sub-Saharan Africa", "NAME_AR": "جنوب أفريقيا", "NAME_BN": "দক্ষিণ আফ্রিকা", "NAME_DE": "Südafrika", "NAME_EN": "South Africa", "NAME_ES": "Sudáfrica", "NAME_FR": "Afrique du Sud", "NAME_EL": "Νότια Αφρική", "NAME_HI": "दक्षिण अफ़्रीका", "NAME_HU": "Dél-afrikai Köztársaság", "NAME_ID": "Afrika Selatan", "NAME_IT": "Sudafrica", "NAME_JA": "南アフリカ共和国", "NAME_KO": "남아프리카 공화국", "NAME_NL": "Zuid-Afrika", "NAME_PL": "Południowa Afryka", "NAME_PT": "África do Sul", "NAME_RU": "Южно-Африканская Республика", "NAME_SV": "Sydafrika", "NAME_TR": "Güney Afrika Cumhuriyeti", "NAME_VI": "Cộng hòa Nam Phi", "NAME_ZH": "南非", "WB_NAME": "South Africa", "WB_RULES": "None", "WB_REGION": "AFR", "Shape_Leng": 72.967512491199997, "Shape_Area": 113.101342085 }, "geometry": { "type": "Polygon", "coordinates": [ [ [ 8.185616719695494, -74.091500619259619 ], [ 3.338324825982707, -62.582205161421697 ], [ 5.561757168399176, -43.431047465247062 ], [ 20.46913294226513, -26.344667503711054 ], [ 27.246625290086694, -25.063429487506337 ], [ 27.374811290248946, -25.39939090084556 ], [ 18.404508606831619, -74.091500619259619 ], [ 8.185616719695494, -74.091500619259619 ] ] ] } },
{ "type": "Feature", "properties": { "OBJECTID": 83, "featurecla": "Admin-0 country", "LEVEL": 2, "TYPE": "Sovereign country", "FORMAL_EN": "Central African Republic", "FORMAL_FR": null, "POP_EST": 5625118, "POP_RANK": 13, "GDP_MD_EST": 3206.0, "POP_YEAR": 2017, "LASTCENSUS": 2003, "GDP_YEAR": 2016, "ECONOMY": "7. Least developed region", "INCOME_GRP": "5. Low income", "FIPS_10_": "CT", "ISO_A2": "CF", "ISO_A3": "CAF", "ISO_A3_EH": "CAF", "ISO_N3": "140", "UN_A3": "140", "WB_A2": "CF", "WB_A3": "CAF", "CONTINENT": "Africa", "REGION_UN": "Africa", "SUBREGION": "Middle Africa", "REGION_WB": "Sub-Saharan Africa", "NAME_AR": "جمهورية أفريقيا الوسطى", "NAME_BN": "মধ্য আফ্রিকান প্রজাতন্ত্র", "NAME_DE": "Zentralafrikanische Republik", "NAME_EN": "Central African Republic", "NAME_ES": "República Centroafricana", "NAME_FR": "République centrafricaine", "NAME_EL": "Κεντροαφρικανική Δημοκρατία", "NAME_HI": "मध्य अफ़्रीकी गणराज्य", "NAME_HU": "Közép-afrikai Köztársaság", "NAME_ID": "Republik Afrika Tengah", "NAME_IT": "Repubblica Centrafricana", "NAME_JA": "中央アフリカ共和国", "NAME_KO": "중앙아프리카 공화국", "NAME_NL": "Centraal-Afrikaanse Republiek", "NAME_PL": "Republika Środkowoafrykańska", "NAME_PT": "República Centro-Africana", "NAME_RU": "Центральноафриканская Республика", "NAME_SV": "Centralafrikanska republiken", "NAME_TR": "Orta Afrika Cumhuriyeti", "NAME_VI": "Cộng hòa Trung Phi", "NAME_ZH": "中非共和國", "WB_NAME": "Central African Republic", "WB_RULES": "None", "WB_REGION": "AFR", "Shape_Leng": 44.636635538299998, "Shape_Area": 50.547702045100003 }, "geometry": { "type": "Polygon", "coordinates": [ [ [ 24.522888422837092, 11.9801186775224 ], [ 25.074082691706725, 11.427332006492325 ], [ 25.671103743743437, 3.060737737474061 ], [ 20.175195557748236, 1.210384566820994 ], [ 16.894104567175198, 3.5349877009923 ], [ 16.136371967453716, 10.240436762880337 ], [ 24.522888422837092, 11.9801186775224 ] ] ] } },
{ "type": "Feature", "properties": { "OBJECTID": 78, "featurecla": "Admin-0 country", "LEVEL": 2, "TYPE": "Sovereign country", "FORMAL_EN": "Hellenic Republic", "FORMAL_FR": null, "POP_EST": 10768477, "POP_RANK": 14, "GDP_MD_EST": 290500.0, "POP_YEAR": 2017, "LASTCENSUS": 2011, "GDP_YEAR": 2016, "ECONOMY": "2. Developed region: nonG7", "INCOME_GRP": "1. High income: OECD", "FIPS_10_": "GR", "ISO_A2": "GR", "ISO_A3": "GRC", "ISO_A3_EH": "GRC", "ISO_N3": "300", "UN_A3": "300", "WB_A2": "GR", "WB_A3": "GRC", "CONTINENT": "Europe", "REGION_UN": "Europe", "SUBREGION": "Southern Europe", "REGION_WB": "Europe & Central Asia", "NAME_AR": "اليونان", "NAME_BN": "গ্রিস", "NAME_DE": "Griechenland", "NAME_EN": "Greece", "NAME_ES": "Grecia", "NAME_FR": "Grèce", "NAME_EL": "Ελλάδα", "NAME_HI": "यूनान", "NAME_HU": "Görögország", "NAME_ID": "Yunani", "NAME_IT": "Grecia", "NAME_JA": "ギリシャ", "NAME_KO": "그리스", "NAME_NL": "Griekenland", "NAME_PL": "Grecja", "NAME_PT": "Grécia", "NAME_RU": "Греция", "NAME_SV": "Grekland", "NAME_TR": "Yunanistan", "NAME_VI": "Hy Lạp", "NAME_ZH": "希腊", "WB_NAME": "Greece", "WB_RULES": "None", "WB_REGION": "Other", "Shape_Leng": 108.709390024, "Shape_Area": 13.674200688599999 }, "geometry": { "type": "Polygon", "coordinates": [ [ [ 19.012168054758433, 36.601981842892123 ], [ 21.303629617935297, 39.802553637322312 ], [ 23.81716843226075, 41.078172574937277 ], [ 28.557331142195064, 38.218404995619565 ], [ 26.434194545566342, 32.780923193304133 ], [ 24.151574265647639, 31.529236173941403 ], [ 20.280855830158188, 33.128029898357049 ], [ 19.012168054758433, 36.601981842892123 ] ] ] } },
{ "type": "Feature", "properties": { "OBJECTID": 61, "featurecla": "Admin-0 country", "LEVEL": 2, "TYPE": "Sovereign country", "FORMAL_EN": "Republic of Albania", "FORMAL_FR": null, "POP_EST": 3047987, "POP_RANK": 12, "GDP_MD_EST": 33900.0, "POP_YEAR": 2017, "LASTCENSUS": 2001, "GDP_YEAR": 2016, "ECONOMY": "6. Developing region", "INCOME_GRP": "4. Lower middle income", "FIPS_10_": "AL", "ISO_A2": "AL", "ISO_A3": "ALB", "ISO_A3_EH": "ALB", "ISO_N3": "008", "UN_A3": "008", "WB_A2": "AL", "WB_A3": "ALB", "CONTINENT": "Europe", "REGION_UN": "Europe", "SUBREGION": "Southern Europe", "REGION_WB": "Europe & Central Asia", "NAME_AR": "ألبانيا", "NAME_BN": "আলবেনিয়া", "NAME_DE": "Albanien", "NAME_EN": "Albania", "NAME_ES": "Albania", "NAME_FR": "Albanie", "NAME_EL": "Αλβανία", "NAME_HI": "अल्बानिया", "NAME_HU": "Albánia", "NAME_ID": "Albania", "NAME_IT": "Albania", "NAME_JA": "アルバニア", "NAME_KO": "알바니아", "NAME_NL": "Albanië", "NAME_PL": "Albania", "NAME_PT": "Albânia", "NAME_RU": "Албания", "NAME_SV": "Albanien", "NAME_TR": "Arnavutluk", "NAME_VI": "Albania", "NAME_ZH": "阿尔巴尼亚", "WB_NAME": "Albania", "WB_RULES": "None", "WB_REGION": "ECA", "Shape_Leng": 11.050457212, "Shape_Area": 3.0393951324200001 }, "geometry": { "type": "Polygon", "coordinates": [ [ [ 16.078764854322358, 39.77617735118379 ], [ 16.122801199660476, 40.216083406314567 ], [ 19.984873800948581, 42.132198453412123 ], [ 20.784052040483779, 41.674099453753144 ], [ 21.303629617935297, 39.802553637322312 ], [ 19.012168054758433, 36.601981842892123 ], [ 16.078764854322358, 39.77617735118379 ] ] ] } },
{ "type": "Feature", "properties": { "OBJECTID": 30, "featurecla": "Admin-0 country", "LEVEL": 2, "TYPE": "Sovereign country", "FORMAL_EN": "Democratic Republic of the Congo", "FORMAL_FR": null, "POP_EST": 83301151, "POP_RANK": 16, "GDP_MD_EST": 66010.0, "POP_YEAR": 2017, "LASTCENSUS": 1984, "GDP_YEAR": 2016, "ECONOMY": "7. Least developed region", "INCOME_GRP": "5. Low income", "FIPS_10_": "CG", "ISO_A2": "CD", "ISO_A3": "COD", "ISO_A3_EH": "COD", "ISO_N3": "180", "UN_A3": "180", "WB_A2": "ZR", "WB_A3": "ZAR", "CONTINENT": "Africa", "REGION_UN": "Africa", "SUBREGION": "Middle Africa", "REGION_WB": "Sub-Saharan Africa", "NAME_AR": "جمهورية الكونغو الديمقراطية", "NAME_BN": "গণতান্ত্রিক কঙ্গো প্রজাতন্ত্র", "NAME_DE": "Demokratische Republik Kongo", "NAME_EN": "Democratic Republic of the Congo", "NAME_ES": "República Democrática del Congo", "NAME_FR": "République démocratique du Congo", "NAME_EL": "Λαϊκή Δημοκρατία του Κονγκό", "NAME_HI": "कांगो लोकतान्त्रिक गणराज्य", "NAME_HU": "Kongói Demokratikus Köztársaság", "NAME_ID": "Republik Demokratik Kongo", "NAME_IT": "Repubblica Democratica del Congo", "NAME_JA": "コンゴ民主共和国", "NAME_KO": "콩고 민주 공화국", "NAME_NL": "Congo-Kinshasa", "NAME_PL": "Demokratyczna Republika Konga", "NAME_PT": "República Democrática do Congo", "NAME_RU": "Демократическая Республика Конго", "NAME_SV": "Kongo-Kinshasa", "NAME_TR": "Demokratik Kongo Cumhuriyeti", "NAME_VI": "Cộng hòa Dân chủ Congo", "NAME_ZH": "刚果民主共和国", "WB_NAME": "Congo, Democratic Republic of", "WB_RULES": "Always have \"Democratic Republic of\" before \"Congo\"", "WB_REGION": "AFR", "Shape_Leng": 87.701560324400006, "Shape_Area": 189.67890415299999 }, "geometry": { "type": "Polygon", "coordinates": [ [ [ 20.175195557748236, 1.210384566820994 ], [ 25.671103743743437, 3.060737737474061 ], [ 26.039141063650796, 2.818454557312483 ], [ 26.801748743854102, -2.575338055014429 ], [ 26.393286931779958, -7.903162133628864 ], [ 23.075173435589353, -9.198097525034003 ], [ 18.390588995975346, -6.158097917559336 ], [ 20.175195557748236, 1.210384566820994 ] ] ] } },
{ "type": "Feature", "properties": { "OBJECTID": 94, "featurecla": "Admin-0 country", "LEVEL": 2, "TYPE": "Sovereign country", "FORMAL_EN": "Republic of Serbia", "FORMAL_FR": null, "POP_EST": 7111024, "POP_RANK": 13, "GDP_MD_EST": 101800.0, "POP_YEAR": 2017, "LASTCENSUS": 2011, "GDP_YEAR": 2016, "ECONOMY": "6. Developing region", "INCOME_GRP": "3. Upper middle income", "FIPS_10_": "RI", "ISO_A2": "RS", "ISO_A3": "SRB", "ISO_A3_EH": "SRB", "ISO_N3": "688", "UN_A3": "688", "WB_A2": "YF", "WB_A3": "SRB", "CONTINENT": "Europe", "REGION_UN": "Europe", "SUBREGION": "Southern Europe", "REGION_WB": "Europe & Central Asia", "NAME_AR": "صربيا", "NAME_BN": "সার্বিয়া", "NAME_DE": "Serbien", "NAME_EN": "Serbia", "NAME_ES": "Serbia", "NAME_FR": "Serbie", "NAME_EL": "Σερβία", "NAME_HI": "सर्बिया", "NAME_HU": "Szerbia", "NAME_ID": "Serbia", "NAME_IT": "Serbia", "NAME_JA": "セルビア", "NAME_KO": "세르비아", "NAME_NL": "Servië", "NAME_PL": "Serbia", "NAME_PT": "Sérvia", "NAME_RU": "Сербия", "NAME_SV": "Serbien", "NAME_TR": "Sırbistan", "NAME_VI": "Serbia", "NAME_ZH": "塞尔维亚", "WB_NAME": "Serbia", "WB_RULES": "None", "WB_REGION": "ECA", "Shape_Leng": 20.588672291799998, "Shape_Area": 8.7378834614700001 }, "geometry": { "type": "Polygon", "coordinates": [ [ [ 19.280247510725626, 44.297304168364811 ], [ 19.263762204541493, 45.299202011668875 ], [ 22.231009449362819, 46.704868168801262 ], [ 23.223051690971065, 44.162569409656932 ], [ 23.009231870005532, 43.511021265149317 ], [ 22.996029143372702, 43.506530016628041 ], [ 20.145065308276742, 43.362397495135298 ], [ 19.280247510725626, 44.297304168364811 ] ] ] } },
{ "type": "Feature", "properties": { "OBJECTID": 74, "featurecla": "Admin-0 country", "LEVEL": 2, "TYPE": "Sovereign country", "FORMAL_EN": "Slovak Republic", "FORMAL_FR": null, "POP_EST": 5445829, "POP_RANK": 13, "GDP_MD_EST": 168800.0, "POP_YEAR": 2017, "LASTCENSUS": 2011, "GDP_YEAR": 2016, "ECONOMY": "2. Developed region: nonG7", "INCOME_GRP": "1. High income: OECD", "FIPS_10_": "LO", "ISO_A2": "SK", "ISO_A3": "SVK", "ISO_A3_EH": "SVK", "ISO_N3": "703", "UN_A3": "703", "WB_A2": "SK", "WB_A3": "SVK", "CONTINENT": "Europe", "REGION_UN": "Europe", "SUBREGION": "Eastern Europe", "REGION_WB": "Europe & Central Asia", "NAME_AR": "سلوفاكيا", "NAME_BN": "স্লোভাকিয়া", "NAME_DE": "Slowakei", "NAME_EN": "Slovakia", "NAME_ES": "Eslovaquia", "NAME_FR": "Slovaquie", "NAME_EL": "Σλοβακία", "NAME_HI": "स्लोवाकिया", "NAME_HU": "Szlovákia", "NAME_ID": "Slowakia", "NAME_IT": "Slovacchia", "NAME_JA": "スロバキア", "NAME_KO": "슬로바키아", "NAME_NL": "Slowakije", "NAME_PL": "Słowacja", "NAME_PT": "Eslováquia", "NAME_RU": "Словакия", "NAME_SV": "Slovakien", "NAME_TR": "Slovakya", "NAME_VI": "Slovakia", "NAME_ZH": "斯洛伐克", "WB_NAME": "Slovak Republic", "WB_RULES": "Don't use Slovakia", "WB_REGION": "ECA", "Shape_Leng": 14.9033382999, "Shape_Area": 5.9205168994699999 }, "geometry": { "type": "Polygon", "coordinates": [ [ [ 17.681349187837974, 50.370663404090905 ], [ 23.913014916358577, 50.527484448407748 ], [ 22.480976693722539, 47.769064776775821 ], [ 17.111556072044486, 48.060310338494197 ], [ 17.681349187837974, 50.370663404090905 ] ] ] } },
{ "type": "Feature", "properties": { "OBJECTID": 72, "featurecla": "Admin-0 country", "LEVEL": 2, "TYPE": "Sovereign country", "FORMAL_EN": "Romania", "FORMAL_FR": null, "POP_EST": 21529967, "POP_RANK": 15, "GDP_MD_EST": 441000.0, "POP_YEAR": 2017, "LASTCENSUS": 2011, "GDP_YEAR": 2016, "ECONOMY": "2. Developed region: nonG7", "INCOME_GRP": "3. Upper middle income", "FIPS_10_": "RO", "ISO_A2": "RO", "ISO_A3": "ROU", "ISO_A3_EH": "ROU", "ISO_N3": "642", "UN_A3": "642", "WB_A2": "RO", "WB_A3": "ROM", "CONTINENT": "Europe", "REGION_UN": "Europe", "SUBREGION": "Eastern Europe", "REGION_WB": "Europe & Central Asia", "NAME_AR": "رومانيا", "NAME_BN": "রোমানিয়া", "NAME_DE": "Rumänien", "NAME_EN": "Romania", "NAME_ES": "Rumania", "NAME_FR": "Roumanie", "NAME_EL": "Ρουμανία", "NAME_HI": "रोमानिया", "NAME_HU": "Románia", "NAME_ID": "Rumania", "NAME_IT": "Romania", "NAME_JA": "ルーマニア", "NAME_KO": "루마니아", "NAME_NL": "Roemenië", "NAME_PL": "Rumunia", "NAME_PT": "Roménia", "NAME_RU": "Румыния", "NAME_SV": "Rumänien", "NAME_TR": "Romanya", "NAME_VI": "Romania", "NAME_ZH": "羅馬尼亞", "WB_NAME": "Romania", "WB_RULES": "None", "WB_REGION": "ECA", "Shape_Leng": 31.534915343600002, "Shape_Area": 27.3871816839 }, "geometry": { "type": "Polygon", "coordinates": [ [ [ 22.480976693722539, 47.769064776775821 ], [ 23.913014916358577, 50.527484448407748 ], [ 23.917528273645633, 50.531499289500566 ], [ 24.291425632050522, 50.574309363736688 ], [ 25.316734636904933, 50.165620156795335 ], [ 27.49521050360887, 44.50126130757797 ], [ 23.223051690971065, 44.162569409656932 ], [ 22.231009449362819, 46.704868168801262 ], [ 22.480976693722539, 47.769064776775821 ] ] ] } },
{ "type": "Feature", "properties": { "OBJECTID": 63, "featurecla": "Admin-0 country", "LEVEL": 2, "TYPE": "Sovereign country", "FORMAL_EN": "Republic of Kosovo", "FORMAL_FR": null, "POP_EST": 1895250, "POP_RANK": 12, "GDP_MD_EST": 18490.0, "POP_YEAR": 2017, "LASTCENSUS": 1981, "GDP_YEAR": 2016, "ECONOMY": "6. Developing region", "INCOME_GRP": "4. Lower middle income", "FIPS_10_": "KV", "ISO_A2": "XK", "ISO_A3": "-99", "ISO_A3_EH": "-99", "ISO_N3": "-99", "UN_A3": "-099", "WB_A2": "KV", "WB_A3": "KSV", "CONTINENT": "Europe", "REGION_UN": "Europe", "SUBREGION": "Southern Europe", "REGION_WB": "Europe & Central Asia", "NAME_AR": "كوسوفو", "NAME_BN": "কসোভো", "NAME_DE": "Kosovo", "NAME_EN": "Kosovo", "NAME_ES": "Kosovo", "NAME_FR": "Kosovo", "NAME_EL": "Κοσσυφοπέδιο", "NAME_HI": "कोसोवो गणराज्य", "NAME_HU": "Koszovó", "NAME_ID": "Kosovo", "NAME_IT": "Kosovo", "NAME_JA": "コソボ共和国", "NAME_KO": "코소보", "NAME_NL": "Kosovo", "NAME_PL": "Kosowo", "NAME_PT": "Kosovo", "NAME_RU": "Республика Косово", "NAME_SV": "Kosovo", "NAME_TR": "Kosova", "NAME_VI": "Kosovo", "NAME_ZH": "科索沃", "WB_NAME": "Kosovo", "WB_RULES": "None", "WB_REGION": "ECA", "Shape_Leng": 5.9259128329199999, "Shape_Area": 1.1965716585499999 }, "geometry": { "type": "Polygon", "coordinates": [ [ [ 19.984873800948581, 42.132198453412123 ], [ 20.145065308276742, 43.362397495135298 ], [ 22.996029143372702, 43.506530016628041 ], [ 20.784052040483779, 41.674099453753144 ], [ 19.984873800948581, 42.132198453412123 ] ] ] } },
{ "type": "Feature", "properties": { "OBJECTID": 60, "featurecla": "Admin-0 country", "LEVEL": 2, "TYPE": "Sovereign country", "FORMAL_EN": "Former Yugoslav Republic of Macedonia", "FORMAL_FR": null, "POP_EST": 2103721, "POP_RANK": 12, "GDP_MD_EST": 29520.0, "POP_YEAR": 2017, "LASTCENSUS": 2010, "GDP_YEAR": 2016, "ECONOMY": "6. Developing region", "INCOME_GRP": "3. Upper middle income", "FIPS_10_": "MK", "ISO_A2": "MK", "ISO_A3": "MKD", "ISO_A3_EH": "MKD", "ISO_N3": "807", "UN_A3": "807", "WB_A2": "MK", "WB_A3": "MKD", "CONTINENT": "Europe", "REGION_UN": "Europe", "SUBREGION": "Southern Europe", "REGION_WB": "Europe & Central Asia", "NAME_AR": "جمهورية مقدونيا", "NAME_BN": "ম্যাসেডোনিয়া প্রজাতন্ত্র", "NAME_DE": "Mazedonien", "NAME_EN": "Republic of Macedonia", "NAME_ES": "República de Macedonia", "NAME_FR": "République de Macédoine", "NAME_EL": "πρώην Γιουγκοσλαβική Δημοκρατία της Μακεδονίας", "NAME_HI": "मैसिडोनिया", "NAME_HU": "Macedónia", "NAME_ID": "Republik Makedonia", "NAME_IT": "Repubblica di Macedonia", "NAME_JA": "マケドニア共和国", "NAME_KO": "마케도니아 공화국", "NAME_NL": "Macedonië", "NAME_PL": "Macedonia", "NAME_PT": "República da Macedónia", "NAME_RU": "Республика Македония", "NAME_SV": "Makedonien", "NAME_TR": "Makedonya Cumhuriyeti", "NAME_VI": "Cộng hòa Macedonia", "NAME_ZH": "馬其頓共和國", "WB_NAME": "North Macedonia", "WB_RULES": "None", "WB_REGION": "ECA", "Shape_Leng": 7.6191518709399997, "Shape_Area": 2.7414463422300002 }, "geometry": { "type": "Polygon", "coordinates": [ [ [ 20.784052040483779, 41.674099453753144 ], [ 22.996029143372702, 43.506530016628041 ], [ 23.009231870005532, 43.511021265149317 ], [ 23.81716843226075, 41.078172574937277 ], [ 21.303629617935297, 39.802553637322312 ], [ 20.784052040483779, 41.674099453753144 ] ] ] } },
{ "type": "Feature", "properties": { "OBJECTID": 157, "featurecla": "Admin-0 country", "LEVEL": 2, "TYPE": "Sovereign country", "FORMAL_EN": "Arab Republic of Egypt", "FORMAL_FR": null, "POP_EST": 97041072, "POP_RANK": 16, "GDP_MD_EST": 1105000.0, "POP_YEAR": 2017, "LASTCENSUS": 2006, "GDP_YEAR": 2016, "ECONOMY": "5. Emerging region: G20", "INCOME_GRP": "4. Lower middle income", "FIPS_10_": "EG", "ISO_A2": "EG", "ISO_A3": "EGY", "ISO_A3_EH": "EGY", "ISO_N3": "818", "UN_A3": "818", "WB_A2": "EG", "WB_A3": "EGY", "CONTINENT": "Africa", "REGION_UN": "Africa", "SUBREGION": "Northern Africa", "REGION_WB": "Middle East & North Africa", "NAME_AR": "مصر", "NAME_BN": "মিশর", "NAME_DE": "Ägypten", "NAME_EN": "Egypt", "NAME_ES": "Egipto", "NAME_FR": "Égypte", "NAME_EL": "Αίγυπτος", "NAME_HI": "मिस्र", "NAME_HU": "Egyiptom", "NAME_ID": "Mesir", "NAME_IT": "Egitto", "NAME_JA": "エジプト", "NAME_KO": "이집트", "NAME_NL": "Egypte", "NAME_PL": "Egipt", "NAME_PT": "Egito", "NAME_RU": "Египет", "NAME_SV": "Egypten", "NAME_TR": "Mısır", "NAME_VI": "Ai Cập", "NAME_ZH": "埃及", "WB_NAME": "Egypt, Arab Republic of", "WB_RULES": "Always have \"Arab Republic of\" before \"Egypt\"", "WB_REGION": "MENA", "Shape_Leng": 61.1592880444, "Shape_Area": 90.731926347699996 }, "geometry": { "type": "Polygon", "coordinates": [ [ [ 23.695656447412865, 21.473828535438109 ], [ 24.151574265647639, 31.529236173941403 ], [ 26.434194545566342, 32.780923193304133 ], [ 30.097225964134768, 31.339754817186183 ], [ 35.551552023370938, 25.61915324675407 ], [ 36.926465410851932, 23.620216229666713 ], [ 36.81124774097718, 22.906936858073575 ], [ 34.819543570689298, 21.298654435927698 ], [ 23.95992665944749, 21.208253149275013 ], [ 23.695656447412865, 21.473828535438109 ] ] ] } },
{ "type": "Feature", "properties": { "OBJECTID": 106, "featurecla": "Admin-0 country", "LEVEL": 2, "TYPE": "Sovereign country", "FORMAL_EN": "Republic of Bulgaria", "FORMAL_FR": null, "POP_EST": 7101510, "POP_RANK": 13, "GDP_MD_EST": 143100.0, "POP_YEAR": 2017, "LASTCENSUS": 2011, "GDP_YEAR": 2016, "ECONOMY": "2. Developed region: nonG7", "INCOME_GRP": "3. Upper middle income", "FIPS_10_": "BU", "ISO_A2": "BG", "ISO_A3": "BGR", "ISO_A3_EH": "BGR", "ISO_N3": "100", "UN_A3": "100", "WB_A2": "BG", "WB_A3": "BGR", "CONTINENT": "Europe", "REGION_UN": "Europe", "SUBREGION": "Eastern Europe", "REGION_WB": "Europe & Central Asia", "NAME_AR": "بلغاريا", "NAME_BN": "বুলগেরিয়া", "NAME_DE": "Bulgarien", "NAME_EN": "Bulgaria", "NAME_ES": "Bulgaria", "NAME_FR": "Bulgarie", "NAME_EL": "Βουλγαρία", "NAME_HI": "बुल्गारिया", "NAME_HU": "Bulgária", "NAME_ID": "Bulgaria", "NAME_IT": "Bulgaria", "NAME_JA": "ブルガリア", "NAME_KO": "불가리아", "NAME_NL": "Bulgarije", "NAME_PL": "Bułgaria", "NAME_PT": "Bulgária", "NAME_RU": "Болгария", "NAME_SV": "Bulgarien", "NAME_TR": "Bulgaristan", "NAME_VI": "Bulgaria", "NAME_ZH": "保加利亚", "WB_NAME": "Bulgaria", "WB_RULES": "None", "WB_REGION": "ECA", "Shape_Leng": 21.56978006, "Shape_Area": 12.4028510156 }, "geometry": { "type": "Polygon", "coordinates": [ [ [ 23.009231870005532, 43.511021265149317 ], [ 23.223051690971065, 44.162569409656932 ], [ 27.49521050360887, 44.50126130757797 ], [ 30.663590909963272, 42.179409431177028 ], [ 29.584866831460324, 39.284418770373449 ], [ 28.557331142195064, 38.218404995619565 ], [ 23.81716843226075, 41.078172574937277 ], [ 23.009231870005532, 43.511021265149317 ] ] ] } },
{ "type": "Feature", "properties": { "OBJECTID": 104, "featurecla": "Admin-0 country", "LEVEL": 2, "TYPE": "Sovereign country", "FORMAL_EN": "Republic of Botswana", "FORMAL_FR": null, "POP_EST": 2214858, "POP_RANK": 12, "GDP_MD_EST": 35900.0, "POP_YEAR": 2017, "LASTCENSUS": 2011, "GDP_YEAR": 2016, "ECONOMY": "6. Developing region", "INCOME_GRP": "3. Upper middle income", "FIPS_10_": "BC", "ISO_A2": "BW", "ISO_A3": "BWA", "ISO_A3_EH": "BWA", "ISO_N3": "072", "UN_A3": "072", "WB_A2": "BW", "WB_A3": "BWA", "CONTINENT": "Africa", "REGION_UN": "Africa", "SUBREGION": "Southern Africa", "REGION_WB": "Sub-Saharan Africa", "NAME_AR": "بوتسوانا", "NAME_BN": "বতসোয়ানা", "NAME_DE": "Botswana", "NAME_EN": "Botswana", "NAME_ES": "Botsuana", "NAME_FR": "Botswana", "NAME_EL": "Μποτσουάνα", "NAME_HI": "बोत्सवाना", "NAME_HU": "Botswana", "NAME_ID": "Botswana", "NAME_IT": "Botswana", "NAME_JA": "ボツワナ", "NAME_KO": "보츠와나", "NAME_NL": "Botswana", "NAME_PL": "Botswana", "NAME_PT": "Botsuana", "NAME_RU": "Ботсвана", "NAME_SV": "Botswana", "NAME_TR": "Botsvana", "NAME_VI": "Botswana", "NAME_ZH": "波札那", "WB_NAME": "Botswana", "WB_RULES": "None", "WB_REGION": "AFR", "Shape_Leng": 35.0786784469, "Shape_Area": 50.7393482994 }, "geometry": { "type": "Polygon", "coordinates": [ [ [ 22.273863683530823, -16.222613652947501 ], [ 25.236169370618946, -17.572176929602321 ], [ 28.249821178072906, -23.302612526829737 ], [ 27.246625290086694, -25.063429487506337 ], [ 20.46913294226513, -26.344667503711054 ], [ 20.546602603617558, -17.315872789620371 ], [ 22.273863683530823, -16.222613652947501 ] ] ] } },
{ "type": "Feature", "properties": { "OBJECTID": 7, "featurecla": "Admin-0 country", "LEVEL": 2, "TYPE": "Sovereign country", "FORMAL_EN": "Republic of Cyprus", "FORMAL_FR": null, "POP_EST": 1221549, "POP_RANK": 12, "GDP_MD_EST": 29260.0, "POP_YEAR": 2017, "LASTCENSUS": 2001, "GDP_YEAR": 2016, "ECONOMY": "6. Developing region", "INCOME_GRP": "2. High income: nonOECD", "FIPS_10_": "CY", "ISO_A2": "CY", "ISO_A3": "CYP", "ISO_A3_EH": "CYP", "ISO_N3": "196", "UN_A3": "196", "WB_A2": "CY", "WB_A3": "CYP", "CONTINENT": "Asia", "REGION_UN": "Asia", "SUBREGION": "Western Asia", "REGION_WB": "Europe & Central Asia", "NAME_AR": "قبرص", "NAME_BN": "সাইপ্রাস", "NAME_DE": "Republik Zypern", "NAME_EN": "Cyprus", "NAME_ES": "Chipre", "NAME_FR": "Chypre", "NAME_EL": "Κύπρος", "NAME_HI": "साइप्रस", "NAME_HU": "Ciprus", "NAME_ID": "Siprus", "NAME_IT": "Cipro", "NAME_JA": "キプロス", "NAME_KO": "키프로스", "NAME_NL": "Cyprus", "NAME_PL": "Cypr", "NAME_PT": "Chipre", "NAME_RU": "Кипр", "NAME_SV": "Cypern", "NAME_TR": "Kıbrıs Cumhuriyeti", "NAME_VI": "Cộng hòa Síp", "NAME_ZH": "賽普勒斯", "WB_NAME": "Cyprus", "WB_RULES": "None", "WB_REGION": "ECA", "Shape_Leng": 9.5967011237200008, "Shape_Area": 0.88331100519000005 }, "geometry": { "type": "Polygon", "coordinates": [ [ [ 28.557331142195064, 38.218404995619565 ], [ 29.584866831460324, 39.284418770373449 ], [ 35.399127318634008, 36.473465047378617 ], [ 34.096512016632659, 33.409107014615863 ], [ 32.822512904979817, 32.607473279973547 ], [ 30.097225964134768, 31.339754817186183 ], [ 26.434194545566342, 32.780923193304133 ], [ 28.557331142195064, 38.218404995619565 ] ] ] } },
{ "type": "Feature", "properties": { "OBJECTID": 79, "featurecla": "Admin-0 country", "LEVEL": 2, "TYPE": "Sovereign country", "FORMAL_EN": "Republic of Zambia", "FORMAL_FR": null, "POP_EST": 15972000, "POP_RANK": 14, "GDP_MD_EST": 65170.0, "POP_YEAR": 2017, "LASTCENSUS": 2010, "GDP_YEAR": 2016, "ECONOMY": "7. Least developed region", "INCOME_GRP": "4. Lower middle income", "FIPS_10_": "ZA", "ISO_A2": "ZM", "ISO_A3": "ZMB", "ISO_A3_EH": "ZMB", "ISO_N3": "894", "UN_A3": "894", "WB_A2": "ZM", "WB_A3": "ZMB", "CONTINENT": "Africa", "REGION_UN": "Africa", "SUBREGION": "Eastern Africa", "REGION_WB": "Sub-Saharan Africa", "NAME_AR": "زامبيا", "NAME_BN": "জাম্বিয়া", "NAME_DE": "Sambia", "NAME_EN": "Zambia", "NAME_ES": "Zambia", "NAME_FR": "Zambie", "NAME_EL": "Ζάμπια", "NAME_HI": "ज़ाम्बिया", "NAME_HU": "Zambia", "NAME_ID": "Zambia", "NAME_IT": "Zambia", "NAME_JA": "ザンビア", "NAME_KO": "잠비아", "NAME_NL": "Zambia", "NAME_PL": "Zambia", "NAME_PT": "Zâmbia", "NAME_RU": "Замбия", "NAME_SV": "Zambia", "NAME_TR": "Zambiya", "NAME_VI": "Zambia", "NAME_ZH": "赞比亚", "WB_NAME": "Zambia", "WB_RULES": "None", "WB_REGION": "AFR", "Shape_Leng": 51.220612684599999, "Shape_Area": 62.815602512399998 }, "geometry": { "type": "Polygon", "coordinates": [ [ [ 23.075173435589353, -9.198097525034003 ], [ 26.393286931779958, -7.903162133628864 ], [ 30.06900012543576, -8.667532906585748 ], [ 30.887840204840163, -9.469775297322117 ], [ 31.107822171882876, -15.371088674239989 ], [ 25.236169370618946, -17.572176929602321 ], [ 22.273863683530823, -16.222613652947501 ], [ 23.075173435589353, -9.198097525034003 ] ] ] } },
{ "type": "Feature", "properties": { "OBJECTID": 50, "featurecla": "Admin-0 country", "LEVEL": 2, "TYPE": "Sovereign country", "FORMAL_EN": "Republic of Latvia", "FORMAL_FR": null, "POP_EST": 1944643, "POP_RANK": 12, "GDP_MD_EST": 50650.0, "POP_YEAR": 2017, "LASTCENSUS": 2011, "GDP_YEAR": 2016, "ECONOMY": "2. Developed region: nonG7", "INCOME_GRP": "3. Upper middle income", "FIPS_10_": "LG", "ISO_A2": "LV", "ISO_A3": "LVA", "ISO_A3_EH": "LVA", "ISO_N3": "428", "UN_A3": "428", "WB_A2": "LV", "WB_A3": "LVA", "CONTINENT": "Europe", "REGION_UN": "Europe", "SUBREGION": "Northern Europe", "REGION_WB": "Europe & Central Asia", "NAME_AR": "لاتفيا", "NAME_BN": "লাতভিয়া", "NAME_DE": "Lettland", "NAME_EN": "Latvia", "NAME_ES": "Letonia", "NAME_FR": "Lettonie", "NAME_EL": "Λετονία", "NAME_HI": "लातविया", "NAME_HU": "Lettország", "NAME_ID": "Latvia", "NAME_IT": "Lettonia", "NAME_JA": "ラトビア", "NAME_KO": "라트비아", "NAME_NL": "Letland", "NAME_PL": "Łotwa", "NAME_PT": "Letónia", "NAME_RU": "Латвия", "NAME_SV": "Lettland", "NAME_TR": "Letonya", "NAME_VI": "Latvia", "NAME_ZH": "拉脫維亞", "WB_NAME": "Latvia", "WB_RULES": "None", "WB_REGION": "ECA", "Shape_Leng": 20.191133090499999, "Shape_Area": 9.5048640962800004 }, "geometry": { "type": "Polygon", "coordinates": [ [ [ 20.518133707736851, 59.38315520071955 ], [ 28.134377436028068, 56.757440868623114 ], [ 26.167189445043341, 54.905794726061195 ], [ 20.177318631575968, 58.914137852129016 ], [ 20.518133707736851, 59.38315520071955 ] ] ] } },
{ "type": "Feature", "properties": { "OBJECTID": 53, "featurecla": "Admin-0 country", "LEVEL": 2, "TYPE": "Country", "FORMAL_EN": "Republic of Finland", "FORMAL_FR": null, "POP_EST": 5491218, "POP_RANK": 13, "GDP_MD_EST": 224137.0, "POP_YEAR": 2017, "LASTCENSUS": 2010, "GDP_YEAR": 2016, "ECONOMY": "2. Developed region: nonG7", "INCOME_GRP": "1. High income: OECD", "FIPS_10_": "FI", "ISO_A2": "FI", "ISO_A3": "FIN", "ISO_A3_EH": "FIN", "ISO_N3": "246", "UN_A3": "246", "WB_A2": "FI", "WB_A3": "FIN", "CONTINENT": "Europe", "REGION_UN": "Europe", "SUBREGION": "Northern Europe", "REGION_WB": "Europe & Central Asia", "NAME_AR": "فنلندا", "NAME_BN": "ফিনল্যান্ড", "NAME_DE": "Finnland", "NAME_EN": "Finland", "NAME_ES": "Finlandia", "NAME_FR": "Finlande", "NAME_EL": "Φινλανδία", "NAME_HI": "फ़िनलैण्ड", "NAME_HU": "Finnország", "NAME_ID": "Finlandia", "NAME_IT": "Finlandia", "NAME_JA": "フィンランド", "NAME_KO": "핀란드", "NAME_NL": "Finland", "NAME_PL": "Finlandia", "NAME_PT": "Finlândia", "NAME_RU": "Финляндия", "NAME_SV": "Finland", "NAME_TR": "Finlandiya", "NAME_VI": "Phần Lan", "NAME_ZH": "芬兰", "WB_NAME": "Finland", "WB_RULES": "None", "WB_REGION": "Other", "Shape_Leng": 94.251436463600001, "Shape_Area": 62.380192912699997 }, "geometry": { "type": "Polygon", "coordinates": [ [ [ 61.825653831024589, 94.148272087766884 ], [ 50.334123843114043, 65.272764574211635 ], [ 47.153124025202779, 62.813620537536352 ], [ 43.853602489607006, 61.720672482717852 ], [ 35.584357567352264, 60.378354782605555 ], [ 21.782518128967432, 62.087183694565539 ], [ 20.923265119803393, 66.867725228286403 ], [ 31.762629697339523, 94.148272087766884 ], [ 61.825653831024589, 94.148272087766884 ] ] ] } },
{ "type": "Feature", "properties": { "OBJECTID": 33, "featurecla": "Admin-0 country", "LEVEL": 2, "TYPE": "Sovereign country", "FORMAL_EN": "Republic of Belarus", "FORMAL_FR": null, "POP_EST": 9549747, "POP_RANK": 13, "GDP_MD_EST": 165400.0, "POP_YEAR": 2017, "LASTCENSUS": 2009, "GDP_YEAR": 2016, "ECONOMY": "6. Developing region", "INCOME_GRP": "3. Upper middle income", "FIPS_10_": "BO", "ISO_A2": "BY", "ISO_A3": "BLR", "ISO_A3_EH": "BLR", "ISO_N3": "112", "UN_A3": "112", "WB_A2": "BY", "WB_A3": "BLR", "CONTINENT": "Europe", "REGION_UN": "Europe", "SUBREGION": "Eastern Europe", "REGION_WB": "Europe & Central Asia", "NAME_AR": "روسيا البيضاء", "NAME_BN": "বেলারুশ", "NAME_DE": "Weißrussland", "NAME_EN": "Belarus", "NAME_ES": "Bielorrusia", "NAME_FR": "Biélorussie", "NAME_EL": "Λευκορωσία", "NAME_HI": "बेलारूस", "NAME_HU": "Fehéroroszország", "NAME_ID": "Belarus", "NAME_IT": "Bielorussia", "NAME_JA": "ベラルーシ", "NAME_KO": "벨라루스", "NAME_NL": "Wit-Rusland", "NAME_PL": "Białoruś", "NAME_PT": "Bielorrússia", "NAME_RU": "Белоруссия", "NAME_SV": "Vitryssland", "NAME_TR": "Beyaz Rusya", "NAME_VI": "Belarus", "NAME_ZH": "白罗斯", "WB_NAME": "Belarus", "WB_RULES": "None", "WB_REGION": "ECA", "Shape_Leng": 33.713429628900002, "Shape_Area": 28.122390360800001 }, "geometry": { "type": "Polygon", "coordinates": [ [ [ 24.291425632050522, 50.574309363736688 ], [ 26.167189445043341, 54.905794726061195 ], [ 28.134377436028068, 56.757440868623114 ], [ 35.584357567352264, 60.378354782605555 ], [ 43.853602489607006, 61.720672482717852 ], [ 28.515133224050803, 50.381561603108608 ], [ 25.316734636904933, 50.165620156795335 ], [ 24.291425632050522, 50.574309363736688 ] ] ] } },
{ "type": "Feature", "properties": { "OBJECTID": 141, "featurecla": "Admin-0 country", "LEVEL": 2, "TYPE": "Sovereign country", "FORMAL_EN": "Kingdom of Lesotho", "FORMAL_FR": null, "POP_EST": 1958042, "POP_RANK": 12, "GDP_MD_EST": 6019.0, "POP_YEAR": 2017, "LASTCENSUS": 2006, "GDP_YEAR": 2016, "ECONOMY": "7. Least developed region", "INCOME_GRP": "4. Lower middle income", "FIPS_10_": "LT", "ISO_A2": "LS", "ISO_A3": "LSO", "ISO_A3_EH": "LSO", "ISO_N3": "426", "UN_A3": "426", "WB_A2": "LS", "WB_A3": "LSO", "CONTINENT": "Africa", "REGION_UN": "Africa", "SUBREGION": "Southern Africa", "REGION_WB": "Sub-Saharan Africa", "NAME_AR": "ليسوتو", "NAME_BN": "লেসোথো", "NAME_DE": "Lesotho", "NAME_EN": "Lesotho", "NAME_ES": "Lesoto", "NAME_FR": "Lesotho", "NAME_EL": "Λεσότο", "NAME_HI": "लेसोथो", "NAME_HU": "Lesotho", "NAME_ID": "Lesotho", "NAME_IT": "Lesotho", "NAME_JA": "レソト", "NAME_KO": "레소토", "NAME_NL": "Lesotho", "NAME_PL": "Lesotho", "NAME_PT": "Lesoto", "NAME_RU": "Лесото", "NAME_SV": "Lesotho", "NAME_TR": "Lesotho", "NAME_VI": "Lesotho", "NAME_ZH": "莱索托", "WB_NAME": "Lesotho", "WB_RULES": "None", "WB_REGION": "AFR", "Shape_Leng": 7.6108402132600004, "Shape_Area": 2.8033402774799998 }, "geometry": { "type": "Polygon", "coordinates": [ [ [ 18.404508606831619, -74.091500619259619 ], [ 27.374811290248946, -25.39939090084556 ], [ 45.784548404496434, -45.23407898368913 ], [ 31.990373298160868, -74.091500619259619 ], [ 18.404508606831619, -74.091500619259619 ] ] ] } },
{ "type": "Feature", "properties": { "OBJECTID": 84, "featurecla": "Admin-0 country", "LEVEL": 2, "TYPE": "Sovereign country", "FORMAL_EN": "Republic of the Sudan", "FORMAL_FR": null, "POP_EST": 37345935, "POP_RANK": 15, "GDP_MD_EST": 176300.0, "POP_YEAR": 2017, "LASTCENSUS": 2008, "GDP_YEAR": 2016, "ECONOMY": "6. Developing region", "INCOME_GRP": "4. Lower middle income", "FIPS_10_": "SU", "ISO_A2": "SD", "ISO_A3": "SDN", "ISO_A3_EH": "SDN", "ISO_N3": "729", "UN_A3": "729", "WB_A2": "SD", "WB_A3": "SDN", "CONTINENT": "Africa", "REGION_UN": "Africa", "SUBREGION": "Northern Africa", "REGION_WB": "Sub-Saharan Africa", "NAME_AR": "السودان", "NAME_BN": "সুদান", "NAME_DE": "Sudan", "NAME_EN": "Sudan", "NAME_ES": "Sudán", "NAME_FR": "Soudan", "NAME_EL": "Σουδάν", "NAME_HI": "सूडान", "NAME_HU": "Szudán", "NAME_ID": "Sudan", "NAME_IT": "Sudan", "NAME_JA": "スーダン", "NAME_KO": "수단", "NAME_NL": "Soedan", "NAME_PL": "Sudan", "NAME_PT": "Sudão", "NAME_RU": "Судан", "NAME_SV": "Sudan", "NAME_TR": "Sudan", "NAME_VI": "Sudan", "NAME_ZH": "苏丹共和国", "WB_NAME": "Sudan", "WB_RULES": "None", "WB_REGION": "AFR", "Shape_Leng": 67.769748404200001, "Shape_Area": 156.205461778 }, "geometry": { "type": "Polygon", "coordinates": [ [ [ 23.95992665944749, 21.208253149275013 ], [ 34.819543570689298, 21.298654435927698 ], [ 34.111481137779116, 11.818163293763316 ], [ 25.074082691706725, 11.427332006492325 ], [ 24.522888422837092, 11.9801186775224 ], [ 23.95992665944749, 21.208253149275013 ] ] ] } },
{ "type": "Feature", "properties": { "OBJECTID": 32, "featurecla": "Admin-0 country", "LEVEL": 2, "TYPE": "Sovereign country", "FORMAL_EN": "Ukraine", "FORMAL_FR": null, "POP_EST": 44033874, "POP_RANK": 15, "GDP_MD_EST": 352600.0, "POP_YEAR": 2017, "LASTCENSUS": 2001, "GDP_YEAR": 2016, "ECONOMY": "6. Developing region", "INCOME_GRP": "4. Lower middle income", "FIPS_10_": "UP", "ISO_A2": "UA", "ISO_A3": "UKR", "ISO_A3_EH": "UKR", "ISO_N3": "804", "UN_A3": "804", "WB_A2": "UA", "WB_A3": "UKR", "CONTINENT": "Europe", "REGION_UN": "Europe", "SUBREGION": "Eastern Europe", "REGION_WB": "Europe & Central Asia", "NAME_AR": "أوكرانيا", "NAME_BN": "ইউক্রেন", "NAME_DE": "Ukraine", "NAME_EN": "Ukraine", "NAME_ES": "Ucrania", "NAME_FR": "Ukraine", "NAME_EL": "Ουκρανία", "NAME_HI": "युक्रेन", "NAME_HU": "Ukrajna", "NAME_ID": "Ukraina", "NAME_IT": "Ucraina", "NAME_JA": "ウクライナ", "NAME_KO": "우크라이나", "NAME_NL": "Oekraïne", "NAME_PL": "Ukraina", "NAME_PT": "Ucrânia", "NAME_RU": "Украина", "NAME_SV": "Ukraina", "NAME_TR": "Ukrayna", "NAME_VI": "Ukraina", "NAME_ZH": "乌克兰", "WB_NAME": "Ukraine", "WB_RULES": "None", "WB_REGION": "ECA", "Shape_Leng": 84.135581857600002, "Shape_Area": 73.649890108899996 }, "geometry": { "type": "Polygon", "coordinates": [ [ [ 37.470434451401488, 45.625329225715262 ], [ 32.59086844140726, 43.768293861621487 ], [ 28.515133224050803, 50.381561603108608 ], [ 43.853602489607006, 61.720672482717852 ], [ 47.153124025202779, 62.813620537536352 ], [ 37.470434451401488, 45.625329225715262 ] ] ] } },
{ "type": "Feature", "properties": { "OBJECTID": 59, "featurecla": "Admin-0 country", "LEVEL": 2, "TYPE": "Sovereign country", "FORMAL_EN": "Georgia", "FORMAL_FR": null, "POP_EST": 4926330, "POP_RANK": 12, "GDP_MD_EST": 37270.0, "POP_YEAR": 2017, "LASTCENSUS": 2002, "GDP_YEAR": 2016, "ECONOMY": "6. Developing region", "INCOME_GRP": "4. Lower middle income", "FIPS_10_": "GG", "ISO_A2": "GE", "ISO_A3": "GEO", "ISO_A3_EH": "GEO", "ISO_N3": "268", "UN_A3": "268", "WB_A2": "GE", "WB_A3": "GEO", "CONTINENT": "Asia", "REGION_UN": "Asia", "SUBREGION": "Western Asia", "REGION_WB": "Europe & Central Asia", "NAME_AR": "جورجيا", "NAME_BN": "জর্জিয়া", "NAME_DE": "Georgien", "NAME_EN": "Georgia", "NAME_ES": "Georgia", "NAME_FR": "Géorgie", "NAME_EL": "Γεωργία", "NAME_HI": "जॉर्जिया", "NAME_HU": "Grúzia", "NAME_ID": "Georgia", "NAME_IT": "Georgia", "NAME_JA": "ジョージア", "NAME_KO": "조지아", "NAME_NL": "Georgië", "NAME_PL": "Gruzja", "NAME_PT": "Geórgia", "NAME_RU": "Грузия", "NAME_SV": "Georgien", "NAME_TR": "Gürcistan", "NAME_VI": "Gruzia", "NAME_ZH": "格鲁吉亚", "WB_NAME": "Georgia", "WB_RULES": "None", "WB_REGION": "ECA", "Shape_Leng": 18.826168642300001, "Shape_Area": 7.5802243786099996 }, "geometry": { "type": "Polygon", "coordinates": [ [ [ 47.153124025202779, 62.813620537536352 ], [ 50.334123843114043, 65.272764574211635 ], [ 52.576717898692102, 56.365291352963027 ], [ 46.236275083073785, 42.756043336056962 ], [ 40.861395593876445, 38.684086498514482 ], [ 39.772175005380937, 39.448075263400341 ], [ 37.470434451401488, 45.625329225715262 ], [ 47.153124025202779, 62.813620537536352 ] ] ] } },
{ "type": "Feature", "properties": { "OBJECTID": 122, "featurecla": "Admin-0 country", "LEVEL": 2, "TYPE": "Sovereign country", "FORMAL_EN": "Republic of Rwanda", "FORMAL_FR": null, "POP_EST": 11901484, "POP_RANK": 14, "GDP_MD_EST": 21970.0, "POP_YEAR": 2017, "LASTCENSUS": 2002, "GDP_YEAR": 2016, "ECONOMY": "7. Least developed region", "INCOME_GRP": "5. Low income", "FIPS_10_": "RW", "ISO_A2": "RW", "ISO_A3": "RWA", "ISO_A3_EH": "RWA", "ISO_N3": "646", "UN_A3": "646", "WB_A2": "RW", "WB_A3": "RWA", "CONTINENT": "Africa", "REGION_UN": "Africa", "SUBREGION": "Eastern Africa", "REGION_WB": "Sub-Saharan Africa", "NAME_AR": "رواندا", "NAME_BN": "রুয়ান্ডা", "NAME_DE": "Ruanda", "NAME_EN": "Rwanda", "NAME_ES": "Ruanda", "NAME_FR": "Rwanda", "NAME_EL": "Ρουάντα", "NAME_HI": "रवाण्डा", "NAME_HU": "Ruanda", "NAME_ID": "Rwanda", "NAME_IT": "Ruanda", "NAME_JA": "ルワンダ", "NAME_KO": "르완다", "NAME_NL": "Rwanda", "NAME_PL": "Rwanda", "NAME_PT": "Ruanda", "NAME_RU": "Руанда", "NAME_SV": "Rwanda", "NAME_TR": "Ruanda", "NAME_VI": "Rwanda", "NAME_ZH": "卢旺达", "WB_NAME": "Rwanda", "WB_RULES": "None", "WB_REGION": "AFR", "Shape_Leng": 7.4145801386399999, "Shape_Area": 2.0570614611 }, "geometry": { "type": "Polygon", "coordinates": [ [ [ 26.039141063650796, 2.818454557312483 ], [ 26.955115340318688, 2.778126353616802 ], [ 33.877582624318045, -2.406624366793262 ], [ 33.539983704030703, -2.792484413873107 ], [ 26.801748743854102, -2.575338055014429 ], [ 26.039141063650796, 2.818454557312483 ] ] ] } },
{ "type": "Feature", "properties": { "OBJECTID": 137, "featurecla": "Admin-0 country", "LEVEL": 2, "TYPE": "Sovereign country", "FORMAL_EN": "Republic of Moldova", "FORMAL_FR": null, "POP_EST": 3474121, "POP_RANK": 12, "GDP_MD_EST": 18540.0, "POP_YEAR": 2017, "LASTCENSUS": 2004, "GDP_YEAR": 2016, "ECONOMY": "6. Developing region", "INCOME_GRP": "4. Lower middle income", "FIPS_10_": "MD", "ISO_A2": "MD", "ISO_A3": "MDA", "ISO_A3_EH": "MDA", "ISO_N3": "498", "UN_A3": "498", "WB_A2": "MD", "WB_A3": "MDA", "CONTINENT": "Europe", "REGION_UN": "Europe", "SUBREGION": "Eastern Europe", "REGION_WB": "Europe & Central Asia", "NAME_AR": "مولدافيا", "NAME_BN": "মলদোভা", "NAME_DE": "Republik Moldau", "NAME_EN": "Moldova", "NAME_ES": "Moldavia", "NAME_FR": "Moldavie", "NAME_EL": "Μολδαβία", "NAME_HI": "मॉल्डोवा", "NAME_HU": "Moldova", "NAME_ID": "Moldova", "NAME_IT": "Moldavia", "NAME_JA": "モルドバ", "NAME_KO": "몰도바", "NAME_NL": "Moldavië", "NAME_PL": "Mołdawia", "NAME_PT": "Moldávia", "NAME_RU": "Молдавия", "NAME_SV": "Moldavien", "NAME_TR": "Moldova", "NAME_VI": "Moldova", "NAME_ZH": "摩尔多瓦", "WB_NAME": "Moldova", "WB_RULES": "None", "WB_REGION": "ECA", "Shape_Leng": 14.394070294200001, "Shape_Area": 3.94190083247 }, "geometry": { "type": "Polygon", "coordinates": [ [ [ 25.316734636904933, 50.165620156795335 ], [ 28.515133224050803, 50.381561603108608 ], [ 32.59086844140726, 43.768293861621487 ], [ 30.663590909963272, 42.179409431177028 ], [ 27.49521050360887, 44.50126130757797 ], [ 25.316734636904933, 50.165620156795335 ] ] ] } },
{ "type": "Feature", "properties": { "OBJECTID": 120, "featurecla": "Admin-0 country", "LEVEL": 2, "TYPE": "Sovereign country", "FORMAL_EN": "Kingdom of eSwatini", "FORMAL_FR": null, "POP_EST": 1467152, "POP_RANK": 12, "GDP_MD_EST": 11060.0, "POP_YEAR": 2017, "LASTCENSUS": 2007, "GDP_YEAR": 2016, "ECONOMY": "6. Developing region", "INCOME_GRP": "4. Lower middle income", "FIPS_10_": "WZ", "ISO_A2": "SZ", "ISO_A3": "SWZ", "ISO_A3_EH": "SWZ", "ISO_N3": "748", "UN_A3": "748", "WB_A2": "SZ", "WB_A3": "SWZ", "CONTINENT": "Africa", "REGION_UN": "Africa", "SUBREGION": "Southern Africa", "REGION_WB": "Sub-Saharan Africa", "NAME_AR": "سوازيلاند", "NAME_BN": "সোয়াজিল্যান্ড", "NAME_DE": "Swasiland", "NAME_EN": "eSwatini", "NAME_ES": "eSwatini", "NAME_FR": "Swaziland", "NAME_EL": "Σουαζιλάνδη", "NAME_HI": "स्वाज़ीलैण्ड", "NAME_HU": "Szváziföld", "NAME_ID": "Swaziland", "NAME_IT": "Swaziland", "NAME_JA": "スワジランド", "NAME_KO": "스와질란드", "NAME_NL": "Swaziland", "NAME_PL": "Suazi", "NAME_PT": "eSwatini", "NAME_RU": "Свазиленд", "NAME_SV": "Swaziland", "NAME_TR": "Svaziland", "NAME_VI": "Swaziland", "NAME_ZH": "斯威士兰", "WB_NAME": "eSwatini", "WB_RULES": "None", "WB_REGION": "AFR", "Shape_Leng": 5.0691857656500003, "Shape_Area": 1.5501092330299999 }, "geometry": { "type": "Polygon", "coordinates": [ [ [ 27.246625290086694, -25.063429487506337 ], [ 28.249821178072906, -23.302612526829737 ], [ 33.898435821471963, -22.08601336206377 ], [ 39.918038469293471, -24.7149726013558 ], [ 47.922905326286553, -41.669512716722913 ], [ 45.784548404496434, -45.23407898368913 ], [ 27.374811290248946, -25.39939090084556 ], [ 27.246625290086694, -25.063429487506337 ] ] ] } },
{ "type": "Feature", "properties": { "OBJECTID": 180, "featurecla": "Admin-0 country", "LEVEL": 2, "TYPE": "Dependency", "FORMAL_EN": "Territory of the French Southern and Antarctic Lands", "FORMAL_FR": null, "POP_EST": 140, "POP_RANK": 1, "GDP_MD_EST": 16.0, "POP_YEAR": 2017, "LASTCENSUS": -99, "GDP_YEAR": 2016, "ECONOMY": "6. Developing region", "INCOME_GRP": "2. High income: nonOECD", "FIPS_10_": "FS", "ISO_A2": "TF", "ISO_A3": "ATF", "ISO_A3_EH": "ATF", "ISO_N3": "260", "UN_A3": "-099", "WB_A2": "-99", "WB_A3": "ATF", "CONTINENT": "Seven seas (open ocean)", "REGION_UN": "Seven seas (open ocean)", "SUBREGION": "Seven seas (open ocean)", "REGION_WB": "Sub-Saharan Africa", "NAME_AR": "أراض فرنسية جنوبية وأنتارتيكية", "NAME_BN": null, "NAME_DE": "Französische Süd- und Antarktisgebiete", "NAME_EN": "French Southern and Antarctic Lands", "NAME_ES": "Tierras Australes y Antárticas Francesas", "NAME_FR": "Terres australes et antarctiques françaises", "NAME_EL": "Γαλλικά Νότια και Ανταρκτικά Εδάφη", "NAME_HI": "दक्षिण फ्रांसीसी और अंटार्कटिक लैंड", "NAME_HU": "Francia déli és antarktiszi területek", "NAME_ID": "Daratan Selatan dan Antarktika Perancis", "NAME_IT": "Terre australi e antartiche francesi", "NAME_JA": "フランス領南方・南極地域", "NAME_KO": "프랑스령 남방 및 남극", "NAME_NL": "Franse Zuidelijke en Antarctische Gebieden", "NAME_PL": "Francuskie Terytoria Południowe i Antarktyczne", "NAME_PT": "Terras Austrais e Antárticas Francesas", "NAME_RU": "Французские Южные и Антарктические территории", "NAME_SV": "Franska sydterritorierna", "NAME_TR": "Fransız Güney ve Antarktika Toprakları", "NAME_VI": "Vùng đất phía Nam và châu Nam Cực thuộc Pháp", "NAME_ZH": "法属南部领地", "WB_NAME": "French Southern and Antarctic Lands (Fr.)", "WB_RULES": "Name in italic", "WB_REGION": "Other", "Shape_Leng": 17.940159748599999, "Shape_Area": 0.89628637080999995 }, "geometry": { "type": "Polygon", "coordinates": [ [ [ 31.990373298160868, -74.091500619259619 ], [ 45.784548404496434, -45.23407898368913 ], [ 47.922905326286553, -41.669512716722913 ], [ 50.841767639647685, -39.47868027440844 ], [ 78.678999860777381, -28.738419408443264 ], [ 80.644117578172327, -28.893426322494761 ], [ 86.847417505742996, -33.580916359505316 ], [ 50.72991422226368, -74.091500619259619 ], [ 31.990373298160868, -74.091500619259619 ] ] ] } },
{ "type": "Feature", "properties": { "OBJECTID": 105, "featurecla": "Admin-0 country", "LEVEL": 2, "TYPE": "Sovereign country", "FORMAL_EN": "Republic of Zimbabwe", "FORMAL_FR": null, "POP_EST": 13805084, "POP_RANK": 14, "GDP_MD_EST": 28330.0, "POP_YEAR": 2017, "LASTCENSUS": 2002, "GDP_YEAR": 2016, "ECONOMY": "5. Emerging region: G20", "INCOME_GRP": "5. Low income", "FIPS_10_": "ZI", "ISO_A2": "ZW", "ISO_A3": "ZWE", "ISO_A3_EH": "ZWE", "ISO_N3": "716", "UN_A3": "716", "WB_A2": "ZW", "WB_A3": "ZWE", "CONTINENT": "Africa", "REGION_UN": "Africa", "SUBREGION": "Eastern Africa", "REGION_WB": "Sub-Saharan Africa", "NAME_AR": "زيمبابوي", "NAME_BN": "জিম্বাবুয়ে", "NAME_DE": "Simbabwe", "NAME_EN": "Zimbabwe", "NAME_ES": "Zimbabue", "NAME_FR": "Zimbabwe", "NAME_EL": "Ζιμπάμπουε", "NAME_HI": "ज़िम्बाब्वे", "NAME_HU": "Zimbabwe", "NAME_ID": "Zimbabwe", "NAME_IT": "Zimbabwe", "NAME_JA": "ジンバブエ", "NAME_KO": "짐바브웨", "NAME_NL": "Zimbabwe", "NAME_PL": "Zimbabwe", "NAME_PT": "Zimbábue", "NAME_RU": "Зимбабве", "NAME_SV": "Zimbabwe", "NAME_TR": "Zimbabve", "NAME_VI": "Zimbabwe", "NAME_ZH": "辛巴威", "WB_NAME": "Zimbabwe", "WB_RULES": "None", "WB_REGION": "AFR", "Shape_Leng": 26.908186164699998, "Shape_Area": 33.418583086300004 }, "geometry": { "type": "Polygon", "coordinates": [ [ [ 25.236169370618946, -17.572176929602321 ], [ 31.107822171882876, -15.371088674239989 ], [ 32.079614186111243, -16.116569012854917 ], [ 33.898435821471963, -22.08601336206377 ], [ 28.249821178072906, -23.302612526829737 ], [ 25.236169370618946, -17.572176929602321 ] ] ] } },
{ "type": "Feature", "properties": { "OBJECTID": 14, "featurecla": "Admin-0 country", "LEVEL": 2, "TYPE": "Sovereign country", "FORMAL_EN": "Republic of South Sudan", "FORMAL_FR": null, "POP_EST": 13026129, "POP_RANK": 14, "GDP_MD_EST": 20880.0, "POP_YEAR": 2017, "LASTCENSUS": 2008, "GDP_YEAR": 2016, "ECONOMY": "7. Least developed region", "INCOME_GRP": "5. Low income", "FIPS_10_": "-99", "ISO_A2": "SS", "ISO_A3": "SSD", "ISO_A3_EH": "SSD", "ISO_N3": "728", "UN_A3": "728", "WB_A2": "SS", "WB_A3": "SSD", "CONTINENT": "Africa", "REGION_UN": "Africa", "SUBREGION": "Eastern Africa", "REGION_WB": "Sub-Saharan Africa", "NAME_AR": "جنوب السودان", "NAME_BN": "দক্ষিণ সুদান", "NAME_DE": "Südsudan", "NAME_EN": "South Sudan", "NAME_ES": "Sudán del Sur", "NAME_FR": "Soudan du Sud", "NAME_EL": "Νότιο Σουδάν", "NAME_HI": "दक्षिण सूडान", "NAME_HU": "Dél-Szudán", "NAME_ID": "Sudan Selatan", "NAME_IT": "Sudan del Sud", "NAME_JA": "南スーダン", "NAME_KO": "남수단", "NAME_NL": "Zuid-Soedan", "NAME_PL": "Sudan Południowy", "NAME_PT": "Sudão do Sul", "NAME_RU": "Южный Судан", "NAME_SV": "Sydsudan", "NAME_TR": "Güney Sudan", "NAME_VI": "Nam Sudan", "NAME_ZH": "南苏丹", "WB_NAME": "South Sudan", "WB_RULES": "None", "WB_REGION": "AFR", "Shape_Leng": 43.017522960800001, "Shape_Area": 51.631298246999997 }, "geometry": { "type": "Polygon", "coordinates": [ [ [ 26.955115340318688, 2.778126353616802 ], [ 26.039141063650796, 2.818454557312483 ], [ 25.671103743743437, 3.060737737474061 ], [ 25.074082691706725, 11.427332006492325 ], [ 34.111481137779116, 11.818163293763316 ], [ 34.451134185942038, 11.460089843583246 ], [ 35.303211264349279, 5.619368925409225 ], [ 26.955115340318688, 2.778126353616802 ] ] ] } },
{ "type": "Feature", "properties": { "OBJECTID": 129, "featurecla": "Admin-0 country", "LEVEL": 2, "TYPE": "Sovereign country", "FORMAL_EN": "Republic of Uganda", "FORMAL_FR": null, "POP_EST": 39570125, "POP_RANK": 15, "GDP_MD_EST": 84930.0, "POP_YEAR": 2017, "LASTCENSUS": 2002, "GDP_YEAR": 2016, "ECONOMY": "7. Least developed region", "INCOME_GRP": "5. Low income", "FIPS_10_": "UG", "ISO_A2": "UG", "ISO_A3": "UGA", "ISO_A3_EH": "UGA", "ISO_N3": "800", "UN_A3": "800", "WB_A2": "UG", "WB_A3": "UGA", "CONTINENT": "Africa", "REGION_UN": "Africa", "SUBREGION": "Eastern Africa", "REGION_WB": "Sub-Saharan Africa", "NAME_AR": "أوغندا", "NAME_BN": "উগান্ডা", "NAME_DE": "Uganda", "NAME_EN": "Uganda", "NAME_ES": "Uganda", "NAME_FR": "Ouganda", "NAME_EL": "Ουγκάντα", "NAME_HI": "युगाण्डा", "NAME_HU": "Uganda", "NAME_ID": "Uganda", "NAME_IT": "Uganda", "NAME_JA": "ウガンダ", "NAME_KO": "우간다", "NAME_NL": "Oeganda", "NAME_PL": "Uganda", "NAME_PT": "Uganda", "NAME_RU": "Уганда", "NAME_SV": "Uganda", "NAME_TR": "Uganda", "NAME_VI": "Uganda", "NAME_ZH": "乌干达", "WB_NAME": "Uganda", "WB_RULES": "None", "WB_REGION": "AFR", "Shape_Leng": 21.954985122, "Shape_Area": 19.6587802347 }, "geometry": { "type": "Polygon", "coordinates": [ [ [ 35.303211264349279, 5.619368925409225 ], [ 35.695967093109111, 5.232693692895639 ], [ 34.685364228737498, -2.144893387778693 ], [ 33.877582624318045, -2.406624366793262 ], [ 26.955115340318688, 2.778126353616802 ], [ 35.303211264349279, 5.619368925409225 ] ] ] } },
{ "type": "Feature", "properties": { "OBJECTID": 121, "featurecla": "Admin-0 country", "LEVEL": 2, "TYPE": "Sovereign country", "FORMAL_EN": "Republic of Burundi", "FORMAL_FR": null, "POP_EST": 11466756, "POP_RANK": 14, "GDP_MD_EST": 7892.0, "POP_YEAR": 2017, "LASTCENSUS": 2008, "GDP_YEAR": 2016, "ECONOMY": "7. Least developed region", "INCOME_GRP": "5. Low income", "FIPS_10_": "BY", "ISO_A2": "BI", "ISO_A3": "BDI", "ISO_A3_EH": "BDI", "ISO_N3": "108", "UN_A3": "108", "WB_A2": "BI", "WB_A3": "BDI", "CONTINENT": "Africa", "REGION_UN": "Africa", "SUBREGION": "Eastern Africa", "REGION_WB": "Sub-Saharan Africa", "NAME_AR": "بوروندي", "NAME_BN": "বুরুন্ডি", "NAME_DE": "Burundi", "NAME_EN": "Burundi", "NAME_ES": "Burundi", "NAME_FR": "Burundi", "NAME_EL": "Μπουρούντι", "NAME_HI": "बुरुण्डी", "NAME_HU": "Burundi", "NAME_ID": "Burundi", "NAME_IT": "Burundi", "NAME_JA": "ブルンジ", "NAME_KO": "부룬디", "NAME_NL": "Burundi", "NAME_PL": "Burundi", "NAME_PT": "Burundi", "NAME_RU": "Бурунди", "NAME_SV": "Burundi", "NAME_TR": "Burundi", "NAME_VI": "Burundi", "NAME_ZH": "蒲隆地", "WB_NAME": "Burundi", "WB_RULES": "None", "WB_REGION": "AFR", "Shape_Leng": 8.0816132502899993, "Shape_Area": 2.20061379274 }, "geometry": { "type": "Polygon", "coordinates": [ [ [ 26.801748743854102, -2.575338055014429 ], [ 33.539983704030703, -2.792484413873107 ], [ 30.06900012543576, -8.667532906585748 ], [ 26.393286931779958, -7.903162133628864 ], [ 26.801748743854102, -2.575338055014429 ] ] ] } },
{ "type": "Feature", "properties": { "OBJECTID": 13, "featurecla": "Admin-0 country", "LEVEL": 2, "TYPE": "Sovereign country", "FORMAL_EN": "Federal Democratic Republic of Ethiopia", "FORMAL_FR": null, "POP_EST": 105350020, "POP_RANK": 17, "GDP_MD_EST": 174700.0, "POP_YEAR": 2017, "LASTCENSUS": 2007, "GDP_YEAR": 2016, "ECONOMY": "7. Least developed region", "INCOME_GRP": "5. Low income", "FIPS_10_": "ET", "ISO_A2": "ET", "ISO_A3": "ETH", "ISO_A3_EH": "ETH", "ISO_N3": "231", "UN_A3": "231", "WB_A2": "ET", "WB_A3": "ETH", "CONTINENT": "Africa", "REGION_UN": "Africa", "SUBREGION": "Eastern Africa", "REGION_WB": "Sub-Saharan Africa", "NAME_AR": "إثيوبيا", "NAME_BN": "ইথিওপিয়া", "NAME_DE": "Äthiopien", "NAME_EN": "Ethiopia", "NAME_ES": "Etiopía", "NAME_FR": "Éthiopie", "NAME_EL": "Αιθιοπία", "NAME_HI": "इथियोपिया", "NAME_HU": "Etiópia", "NAME_ID": "Ethiopia", "NAME_IT": "Etiopia", "NAME_JA": "エチオピア", "NAME_KO": "에티오피아", "NAME_NL": "Ethiopië", "NAME_PL": "Etiopia", "NAME_PT": "Etiópia", "NAME_RU": "Эфиопия", "NAME_SV": "Etiopien", "NAME_TR": "Etiyopya", "NAME_VI": "Ethiopia", "NAME_ZH": "埃塞俄比亚", "WB_NAME": "Ethiopia", "WB_RULES": "None", "WB_REGION": "AFR", "Shape_Leng": 47.375135511700002, "Shape_Area": 92.707781700300004 }, "geometry": { "type": "Polygon", "coordinates": [ [ [ 35.303211264349279, 5.619368925409225 ], [ 34.451134185942038, 11.460089843583246 ], [ 39.186446906953698, 11.985758921816535 ], [ 43.105160431345446, 8.269173057115596 ], [ 41.356605522132121, 4.000549117979969 ], [ 35.695967093109111, 5.232693692895639 ], [ 35.303211264349279, 5.619368925409225 ] ] ] } },
{ "type": "Feature", "properties": { "OBJECTID": 64, "featurecla": "Admin-0 country", "LEVEL": 2, "TYPE": "Sovereign country", "FORMAL_EN": "Republic of Turkey", "FORMAL_FR": null, "POP_EST": 80845215, "POP_RANK": 16, "GDP_MD_EST": 1670000.0, "POP_YEAR": 2017, "LASTCENSUS": 2000, "GDP_YEAR": 2016, "ECONOMY": "4. Emerging region: MIKT", "INCOME_GRP": "3. Upper middle income", "FIPS_10_": "TU", "ISO_A2": "TR", "ISO_A3": "TUR", "ISO_A3_EH": "TUR", "ISO_N3": "792", "UN_A3": "792", "WB_A2": "TR", "WB_A3": "TUR", "CONTINENT": "Asia", "REGION_UN": "Asia", "SUBREGION": "Western Asia", "REGION_WB": "Europe & Central Asia", "NAME_AR": "تركيا", "NAME_BN": "তুরস্ক", "NAME_DE": "Türkei", "NAME_EN": "Turkey", "NAME_ES": "Turquía", "NAME_FR": "Turquie", "NAME_EL": "Τουρκία", "NAME_HI": "तुर्की", "NAME_HU": "Törökország", "NAME_ID": "Turki", "NAME_IT": "Turchia", "NAME_JA": "トルコ", "NAME_KO": "터키", "NAME_NL": "Turkije", "NAME_PL": "Turcja", "NAME_PT": "Turquia", "NAME_RU": "Турция", "NAME_SV": "Turkiet", "NAME_TR": "Türkiye", "NAME_VI": "Thổ Nhĩ Kỳ", "NAME_ZH": "土耳其", "WB_NAME": "Turkey", "WB_RULES": "None", "WB_REGION": "ECA", "Shape_Leng": 87.588304985999997, "Shape_Area": 81.209447583499994 }, "geometry": { "type": "Polygon", "coordinates": [ [ [ 30.663590909963272, 42.179409431177028 ], [ 32.59086844140726, 43.768293861621487 ], [ 37.470434451401488, 45.625329225715262 ], [ 39.772175005380937, 39.448075263400341 ], [ 36.291771258962797, 36.597219044528053 ], [ 35.399127318634008, 36.473465047378617 ], [ 29.584866831460324, 39.284418770373449 ], [ 30.663590909963272, 42.179409431177028 ] ] ] } },
{ "type": "Feature", "properties": { "OBJECTID": 19, "featurecla": "Admin-0 country", "LEVEL": 2, "TYPE": "Sovereign country", "FORMAL_EN": "United Republic of Tanzania", "FORMAL_FR": null, "POP_EST": 53950935, "POP_RANK": 16, "GDP_MD_EST": 150600.0, "POP_YEAR": 2017, "LASTCENSUS": 2002, "GDP_YEAR": 2016, "ECONOMY": "7. Least developed region", "INCOME_GRP": "5. Low income", "FIPS_10_": "TZ", "ISO_A2": "TZ", "ISO_A3": "TZA", "ISO_A3_EH": "TZA", "ISO_N3": "834", "UN_A3": "834", "WB_A2": "TZ", "WB_A3": "TZA", "CONTINENT": "Africa", "REGION_UN": "Africa", "SUBREGION": "Eastern Africa", "REGION_WB": "Sub-Saharan Africa", "NAME_AR": "تنزانيا", "NAME_BN": "তানজানিয়া", "NAME_DE": "Tansania", "NAME_EN": "Tanzania", "NAME_ES": "Tanzania", "NAME_FR": "Tanzanie", "NAME_EL": "Τανζανία", "NAME_HI": "तंज़ानिया", "NAME_HU": "Tanzánia", "NAME_ID": "Tanzania", "NAME_IT": "Tanzania", "NAME_JA": "タンザニア", "NAME_KO": "탄자니아", "NAME_NL": "Tanzania", "NAME_PL": "Tanzania", "NAME_PT": "Tanzânia", "NAME_RU": "Танзания", "NAME_SV": "Tanzania", "NAME_TR": "Tanzanya", "NAME_VI": "Tanzania", "NAME_ZH": "坦桑尼亚", "WB_NAME": "Tanzania", "WB_RULES": "Don't use United Republic of Tanzania", "WB_REGION": "AFR", "Shape_Leng": 51.175097956199998, "Shape_Area": 77.018650054000005 }, "geometry": { "type": "Polygon", "coordinates": [ [ [ 30.06900012543576, -8.667532906585748 ], [ 33.539983704030703, -2.792484413873107 ], [ 33.877582624318045, -2.406624366793262 ], [ 34.685364228737498, -2.144893387778693 ], [ 41.669185120011612, -5.250606080287837 ], [ 38.630587715863562, -10.053848521768268 ], [ 30.887840204840163, -9.469775297322117 ], [ 30.06900012543576, -8.667532906585748 ] ] ] } },
{ "type": "Feature", "properties": { "OBJECTID": 18, "featurecla": "Admin-0 country", "LEVEL": 2, "TYPE": "Sovereign country", "FORMAL_EN": "Republic of Malawi", "FORMAL_FR": null, "POP_EST": 19196246, "POP_RANK": 14, "GDP_MD_EST": 21200.0, "POP_YEAR": 2017, "LASTCENSUS": 2008, "GDP_YEAR": 2016, "ECONOMY": "7. Least developed region", "INCOME_GRP": "5. Low income", "FIPS_10_": "MI", "ISO_A2": "MW", "ISO_A3": "MWI", "ISO_A3_EH": "MWI", "ISO_N3": "454", "UN_A3": "454", "WB_A2": "MW", "WB_A3": "MWI", "CONTINENT": "Africa", "REGION_UN": "Africa", "SUBREGION": "Eastern Africa", "REGION_WB": "Sub-Saharan Africa", "NAME_AR": "مالاوي", "NAME_BN": "মালাউই", "NAME_DE": "Malawi", "NAME_EN": "Malawi", "NAME_ES": "Malaui", "NAME_FR": "Malawi", "NAME_EL": "Μαλάουι", "NAME_HI": "मलावी", "NAME_HU": "Malawi", "NAME_ID": "Malawi", "NAME_IT": "Malawi", "NAME_JA": "マラウイ", "NAME_KO": "말라위", "NAME_NL": "Malawi", "NAME_PL": "Malawi", "NAME_PT": "Malawi", "NAME_RU": "Малави", "NAME_SV": "Malawi", "NAME_TR": "Malavi", "NAME_VI": "Malawi", "NAME_ZH": "马拉维", "WB_NAME": "Malawi", "WB_RULES": "None", "WB_REGION": "AFR", "Shape_Leng": 24.7421347262, "Shape_Area": 9.9623271640700004 }, "geometry": { "type": "Polygon", "coordinates": [ [ [ 30.887840204840163, -9.469775297322117 ], [ 38.630587715863562, -10.053848521768268 ], [ 39.180765142260377, -13.929519285472555 ], [ 32.079614186111243, -16.116569012854917 ], [ 31.107822171882876, -15.371088674239989 ], [ 30.887840204840163, -9.469775297322117 ] ] ] } },
{ "type": "Feature", "properties": { "OBJECTID": 10, "featurecla": "Admin-0 country", "LEVEL": 2, "TYPE": "Country", "FORMAL_EN": "State of Israel", "FORMAL_FR": null, "POP_EST": 8299706, "POP_RANK": 13, "GDP_MD_EST": 297000.0, "POP_YEAR": 2017, "LASTCENSUS": 2009, "GDP_YEAR": 2016, "ECONOMY": "2. Developed region: nonG7", "INCOME_GRP": "1. High income: OECD", "FIPS_10_": "-99", "ISO_A2": "IL", "ISO_A3": "ISR", "ISO_A3_EH": "ISR", "ISO_N3": "376", "UN_A3": "376", "WB_A2": "IL", "WB_A3": "ISR", "CONTINENT": "Asia", "REGION_UN": "Asia", "SUBREGION": "Western Asia", "REGION_WB": "Middle East & North Africa", "NAME_AR": "إسرائيل", "NAME_BN": "ইসরায়েল", "NAME_DE": "Israel", "NAME_EN": "Israel", "NAME_ES": "Israel", "NAME_FR": "Israël", "NAME_EL": "Ισραήλ", "NAME_HI": "इज़राइल", "NAME_HU": "Izrael", "NAME_ID": "Israel", "NAME_IT": "Israele", "NAME_JA": "イスラエル", "NAME_KO": "이스라엘", "NAME_NL": "Israël", "NAME_PL": "Izrael", "NAME_PT": "Israel", "NAME_RU": "Израиль", "NAME_SV": "Israel", "NAME_TR": "İsrail", "NAME_VI": "Israel", "NAME_ZH": "以色列", "WB_NAME": "Israel", "WB_RULES": "None", "WB_REGION": "Other", "Shape_Leng": 11.1306298005, "Shape_Area": 1.9543044510500001 }, "geometry": { "type": "Polygon", "coordinates": [ [ [ 30.097225964134768, 31.339754817186183 ], [ 32.822512904979817, 32.607473279973547 ], [ 35.860036213060191, 31.289130966746718 ], [ 35.551552023370938, 25.61915324675407 ], [ 30.097225964134768, 31.339754817186183 ] ] ] } },
{ "type": "Feature", "properties": { "OBJECTID": 168, "featurecla": "Admin-0 country", "LEVEL": 2, "TYPE": "Sovereign country", "FORMAL_EN": "Republic of Madagascar", "FORMAL_FR": null, "POP_EST": 25054161, "POP_RANK": 15, "GDP_MD_EST": 36860.0, "POP_YEAR": 2017, "LASTCENSUS": 1993, "GDP_YEAR": 2016, "ECONOMY": "7. Least developed region", "INCOME_GRP": "5. Low income", "FIPS_10_": "MA", "ISO_A2": "MG", "ISO_A3": "MDG", "ISO_A3_EH": "MDG", "ISO_N3": "450", "UN_A3": "450", "WB_A2": "MG", "WB_A3": "MDG", "CONTINENT": "Africa", "REGION_UN": "Africa", "SUBREGION": "Eastern Africa", "REGION_WB": "Sub-Saharan Africa", "NAME_AR": "مدغشقر", "NAME_BN": "মাদাগাস্কার", "NAME_DE": "Madagaskar", "NAME_EN": "Madagascar", "NAME_ES": "Madagascar", "NAME_FR": "Madagascar", "NAME_EL": "Μαδαγασκάρη", "NAME_HI": "मेडागास्कर", "NAME_HU": "Madagaszkár", "NAME_ID": "Madagaskar", "NAME_IT": "Madagascar", "NAME_JA": "マダガスカル", "NAME_KO": "마다가스카르", "NAME_NL": "Madagaskar", "NAME_PL": "Madagaskar", "NAME_PT": "Madagáscar", "NAME_RU": "Мадагаскар", "NAME_SV": "Madagaskar", "NAME_TR": "Madagaskar", "NAME_VI": "Madagascar", "NAME_ZH": "马达加斯加", "WB_NAME": "Madagascar", "WB_RULES": "None", "WB_REGION": "AFR", "Shape_Leng": 49.830432081399998, "Shape_Area": 51.069683443199999 }, "geometry": { "type": "Polygon", "coordinates": [ [ [ 47.922905326286553, -41.669512716722913 ], [ 39.918038469293471, -24.7149726013558 ], [ 41.335674938853657, -17.187237721209854 ], [ 50.608538009909076, -13.440631071991371 ], [ 52.677242521142077, -14.300713073035718 ], [ 50.841767639647685, -39.47868027440844 ], [ 47.922905326286553, -41.669512716722913 ] ] ] } },
{ "type": "Feature", "properties": { "OBJECTID": 139, "featurecla": "Admin-0 country", "LEVEL": 2, "TYPE": "Sovereign country", "FORMAL_EN": "Hashemite Kingdom of Jordan", "FORMAL_FR": null, "POP_EST": 10248069, "POP_RANK": 14, "GDP_MD_EST": 86190.0, "POP_YEAR": 2017, "LASTCENSUS": 2004, "GDP_YEAR": 2016, "ECONOMY": "6. Developing region", "INCOME_GRP": "3. Upper middle income", "FIPS_10_": "JO", "ISO_A2": "JO", "ISO_A3": "JOR", "ISO_A3_EH": "JOR", "ISO_N3": "400", "UN_A3": "400", "WB_A2": "JO", "WB_A3": "JOR", "CONTINENT": "Asia", "REGION_UN": "Asia", "SUBREGION": "Western Asia", "REGION_WB": "Middle East & North Africa", "NAME_AR": "الأردن", "NAME_BN": "জর্দান", "NAME_DE": "Jordanien", "NAME_EN": "Jordan", "NAME_ES": "Jordania", "NAME_FR": "Jordanie", "NAME_EL": "Ιορδανία", "NAME_HI": "जॉर्डन", "NAME_HU": "Jordánia", "NAME_ID": "Yordania", "NAME_IT": "Giordania", "NAME_JA": "ヨルダン", "NAME_KO": "요르단", "NAME_NL": "Jordanië", "NAME_PL": "Jordania", "NAME_PT": "Jordânia", "NAME_RU": "Иордания", "NAME_SV": "Jordanien", "NAME_TR": "Ürdün", "NAME_VI": "Jordan", "NAME_ZH": "约旦", "WB_NAME": "Jordan", "WB_RULES": "None", "WB_REGION": "MENA", "Shape_Leng": 16.529986686000001, "Shape_Area": 8.4150637751699993 }, "geometry": { "type": "Polygon", "coordinates": [ [ [ 35.551552023370938, 25.61915324675407 ], [ 35.860036213060191, 31.289130966746718 ], [ 36.425754306356495, 32.616385569329189 ], [ 37.768579693576463, 33.063687882713133 ], [ 40.320103646032386, 31.901099439210117 ], [ 41.240518789038617, 28.323504975672975 ], [ 36.926465410851932, 23.620216229666713 ], [ 35.551552023370938, 25.61915324675407 ] ] ] } },
{ "type": "Feature", "properties": { "OBJECTID": 204, "featurecla": "Admin-0 country", "LEVEL": 2, "TYPE": "Sovereign country", "FORMAL_EN": "Union of the Comoros", "FORMAL_FR": null, "POP_EST": 808080, "POP_RANK": 11, "GDP_MD_EST": 1259.0, "POP_YEAR": 2017, "LASTCENSUS": 2003, "GDP_YEAR": 2016, "ECONOMY": "7. Least developed region", "INCOME_GRP": "5. Low income", "FIPS_10_": "CN", "ISO_A2": "KM", "ISO_A3": "COM", "ISO_A3_EH": "COM", "ISO_N3": "174", "UN_A3": "174", "WB_A2": "KM", "WB_A3": "COM", "CONTINENT": "Africa", "REGION_UN": "Africa", "SUBREGION": "Eastern Africa", "REGION_WB": "Sub-Saharan Africa", "NAME_AR": "جزر القمر", "NAME_BN": "কোমোরোস", "NAME_DE": "Komoren", "NAME_EN": "Comoros", "NAME_ES": "Comoras", "NAME_FR": "Comores", "NAME_EL": "Κομόρες", "NAME_HI": "कोमोरोस", "NAME_HU": "Comore-szigetek", "NAME_ID": "Komoro", "NAME_IT": "Comore", "NAME_JA": "コモロ", "NAME_KO": "코모로", "NAME_NL": "Comoren", "NAME_PL": "Komory", "NAME_PT": "Comores", "NAME_RU": "Коморы", "NAME_SV": "Komorerna", "NAME_TR": "Komorlar", "NAME_VI": "Comoros", "NAME_ZH": "葛摩", "WB_NAME": "Comoros", "WB_RULES": "None", "WB_REGION": "AFR", "Shape_Leng": 3.1156506187000002, "Shape_Area": 0.13875207286 }, "geometry": { "type": "Polygon", "coordinates": [ [ [ 38.630587715863562, -10.053848521768268 ], [ 41.669185120011612, -5.250606080287837 ], [ 44.484945933561086, -3.925134401904498 ], [ 50.608538009909076, -13.440631071991371 ], [ 41.335674938853657, -17.187237721209854 ], [ 39.180765142260377, -13.929519285472555 ], [ 38.630587715863562, -10.053848521768268 ] ] ] } },
{ "type": "Feature", "properties": { "OBJECTID": 119, "featurecla": "Admin-0 country", "LEVEL": 2, "TYPE": "Sovereign country", "FORMAL_EN": "Republic of Mozambique", "FORMAL_FR": null, "POP_EST": 26573706, "POP_RANK": 15, "GDP_MD_EST": 35010.0, "POP_YEAR": 2017, "LASTCENSUS": 2007, "GDP_YEAR": 2016, "ECONOMY": "7. Least developed region", "INCOME_GRP": "5. Low income", "FIPS_10_": "MZ", "ISO_A2": "MZ", "ISO_A3": "MOZ", "ISO_A3_EH": "MOZ", "ISO_N3": "508", "UN_A3": "508", "WB_A2": "MZ", "WB_A3": "MOZ", "CONTINENT": "Africa", "REGION_UN": "Africa", "SUBREGION": "Eastern Africa", "REGION_WB": "Sub-Saharan Africa", "NAME_AR": "موزمبيق", "NAME_BN": "মোজাম্বিক", "NAME_DE": "Mosambik", "NAME_EN": "Mozambique", "NAME_ES": "Mozambique", "NAME_FR": "Mozambique", "NAME_EL": "Μοζαμβίκη", "NAME_HI": "मोज़ाम्बीक", "NAME_HU": "Mozambik", "NAME_ID": "Mozambik", "NAME_IT": "Mozambico", "NAME_JA": "モザンビーク", "NAME_KO": "모잠비크", "NAME_NL": "Mozambique", "NAME_PL": "Mozambik", "NAME_PT": "Moçambique", "NAME_RU": "Мозамбик", "NAME_SV": "Moçambique", "NAME_TR": "Mozambik", "NAME_VI": "Mozambique", "NAME_ZH": "莫桑比克", "WB_NAME": "Mozambique", "WB_RULES": "None", "WB_REGION": "AFR", "Shape_Leng": 75.827744143100006, "Shape_Area": 67.159736938600005 }, "geometry": { "type": "Polygon", "coordinates": [ [ [ 32.079614186111243, -16.116569012854917 ], [ 39.180765142260377, -13.929519285472555 ], [ 41.335674938853657, -17.187237721209854 ], [ 39.918038469293471, -24.7149726013558 ], [ 33.898435821471963, -22.08601336206377 ], [ 32.079614186111243, -16.116569012854917 ] ] ] } },
{ "type": "Feature", "properties": { "OBJECTID": 11, "featurecla": "Admin-0 country", "LEVEL": 2, "TYPE": "Disputed", "FORMAL_EN": "West Bank and Gaza", "FORMAL_FR": null, "POP_EST": 4543126, "POP_RANK": 12, "GDP_MD_EST": 21220.77, "POP_YEAR": 2017, "LASTCENSUS": 2007, "GDP_YEAR": 2016, "ECONOMY": "6. Developing region", "INCOME_GRP": "4. Lower middle income", "FIPS_10_": "-99", "ISO_A2": "PS", "ISO_A3": "PSE", "ISO_A3_EH": "PSE", "ISO_N3": "275", "UN_A3": "275", "WB_A2": "GZ", "WB_A3": "PSE", "CONTINENT": "Asia", "REGION_UN": "Asia", "SUBREGION": "Western Asia", "REGION_WB": "Middle East & North Africa", "NAME_AR": "فلسطين", "NAME_BN": "ফিলিস্তিন অঞ্চল", "NAME_DE": "Palästina", "NAME_EN": "Palestine", "NAME_ES": "Palestina", "NAME_FR": "Palestine", "NAME_EL": "Παλαιστίνη", "NAME_HI": "फ़िलिस्तीनी राज्यक्षेत्र", "NAME_HU": "Palesztina", "NAME_ID": "Palestina", "NAME_IT": "Palestina", "NAME_JA": "パレスチナ", "NAME_KO": "팔레스타인", "NAME_NL": "Palestina", "NAME_PL": "Palestyna", "NAME_PT": "Palestina", "NAME_RU": "Палестина", "NAME_SV": "Palestina", "NAME_TR": "Filistin", "NAME_VI": "Palestine", "NAME_ZH": "巴勒斯坦", "WB_NAME": "West Bank and Gaza", "WB_RULES": "Name in italic", "WB_REGION": "MENA", "Shape_Leng": 4.94599483949, "Shape_Area": 0.59872278986000005 }, "geometry": { "type": "Polygon", "coordinates": [ [ [ 35.860036213060191, 31.289130966746718 ], [ 32.822512904979817, 32.607473279973547 ], [ 34.096512016632659, 33.409107014615863 ], [ 36.425754306356495, 32.616385569329189 ], [ 35.860036213060191, 31.289130966746718 ] ] ] } },
{ "type": "Feature", "properties": { "OBJECTID": 86, "featurecla": "Admin-0 country", "LEVEL": 2, "TYPE": "Sovereign country", "FORMAL_EN": "State of Eritrea", "FORMAL_FR": null, "POP_EST": 5918919, "POP_RANK": 13, "GDP_MD_EST": 9169.0, "POP_YEAR": 2017, "LASTCENSUS": 1984, "GDP_YEAR": 2016, "ECONOMY": "7. Least developed region", "INCOME_GRP": "5. Low income", "FIPS_10_": "ER", "ISO_A2": "ER", "ISO_A3": "ERI", "ISO_A3_EH": "ERI", "ISO_N3": "232", "UN_A3": "232", "WB_A2": "ER", "WB_A3": "ERI", "CONTINENT": "Africa", "REGION_UN": "Africa", "SUBREGION": "Eastern Africa", "REGION_WB": "Sub-Saharan Africa", "NAME_AR": "إرتريا", "NAME_BN": "ইরিত্রিয়া", "NAME_DE": "Eritrea", "NAME_EN": "Eritrea", "NAME_ES": "Eritrea", "NAME_FR": "Érythrée", "NAME_EL": "Ερυθραία", "NAME_HI": "इरित्रिया", "NAME_HU": "Eritrea", "NAME_ID": "Eritrea", "NAME_IT": "Eritrea", "NAME_JA": "エリトリア", "NAME_KO": "에리트레아", "NAME_NL": "Eritrea", "NAME_PL": "Erytrea", "NAME_PT": "Eritreia", "NAME_RU": "Эритрея", "NAME_SV": "Eritrea", "NAME_TR": "Eritre", "NAME_VI": "Eritrea", "NAME_ZH": "厄立特里亚", "WB_NAME": "Eritrea", "WB_RULES": "None", "WB_REGION": "AFR", "Shape_Leng": 27.610927525800001, "Shape_Area": 10.3161626883 }, "geometry": { "type": "Polygon", "coordinates": [ [ [ 36.81124774097718, 22.906936858073575 ], [ 43.017947828248282, 18.881935909399587 ], [ 43.191828548126992, 16.109004298428157 ], [ 39.186446906953698, 11.985758921816535 ], [ 34.451134185942038, 11.460089843583246 ], [ 34.111481137779116, 11.818163293763316 ], [ 34.819543570689298, 21.298654435927698 ], [ 36.81124774097718, 22.906936858073575 ] ] ] } },
{ "type": "Feature", "properties": { "OBJECTID": 12, "featurecla": "Admin-0 country", "LEVEL": 2, "TYPE": "Sovereign country", "FORMAL_EN": "Lebanese Republic", "FORMAL_FR": null, "POP_EST": 6229794, "POP_RANK": 13, "GDP_MD_EST": 85160.0, "POP_YEAR": 2017, "LASTCENSUS": 1970, "GDP_YEAR": 2016, "ECONOMY": "6. Developing region", "INCOME_GRP": "3. Upper middle income", "FIPS_10_": "LE", "ISO_A2": "LB", "ISO_A3": "LBN", "ISO_A3_EH": "LBN", "ISO_N3": "422", "UN_A3": "422", "WB_A2": "LB", "WB_A3": "LBN", "CONTINENT": "Asia", "REGION_UN": "Asia", "SUBREGION": "Western Asia", "REGION_WB": "Middle East & North Africa", "NAME_AR": "لبنان", "NAME_BN": "লেবানন", "NAME_DE": "Libanon", "NAME_EN": "Lebanon", "NAME_ES": "Líbano", "NAME_FR": "Liban", "NAME_EL": "Λίβανος", "NAME_HI": "लेबनान", "NAME_HU": "Libanon", "NAME_ID": "Lebanon", "NAME_IT": "Libano", "NAME_JA": "レバノン", "NAME_KO": "레바논", "NAME_NL": "Libanon", "NAME_PL": "Liban", "NAME_PT": "Líbano", "NAME_RU": "Ливан", "NAME_SV": "Libanon", "NAME_TR": "Lübnan", "NAME_VI": "Liban", "NAME_ZH": "黎巴嫩", "WB_NAME": "Lebanon", "WB_RULES": "None", "WB_REGION": "MENA", "Shape_Leng": 6.0838223146499999, "Shape_Area": 0.97497198293999998 }, "geometry": { "type": "Polygon", "coordinates": [ [ [ 34.096512016632659, 33.409107014615863 ], [ 35.399127318634008, 36.473465047378617 ], [ 36.291771258962797, 36.597219044528053 ], [ 37.768579693576463, 33.063687882713133 ], [ 36.425754306356495, 32.616385569329189 ], [ 34.096512016632659, 33.409107014615863 ] ] ] } },
{ "type": "Feature", "properties": { "OBJECTID": 20, "featurecla": "Admin-0 country", "LEVEL": 2, "TYPE": "Sovereign country", "FORMAL_EN": "Syrian Arab Republic", "FORMAL_FR": null, "POP_EST": 18028549, "POP_RANK": 14, "GDP_MD_EST": 50280.0, "POP_YEAR": 2017, "LASTCENSUS": 2004, "GDP_YEAR": 2015, "ECONOMY": "6. Developing region", "INCOME_GRP": "4. Lower middle income", "FIPS_10_": "SY", "ISO_A2": "SY", "ISO_A3": "SYR", "ISO_A3_EH": "SYR", "ISO_N3": "760", "UN_A3": "760", "WB_A2": "SY", "WB_A3": "SYR", "CONTINENT": "Asia", "REGION_UN": "Asia", "SUBREGION": "Western Asia", "REGION_WB": "Middle East & North Africa", "NAME_AR": "سوريا", "NAME_BN": "সিরিয়া", "NAME_DE": "Syrien", "NAME_EN": "Syria", "NAME_ES": "Siria", "NAME_FR": "Syrie", "NAME_EL": "Συρία", "NAME_HI": "सीरिया", "NAME_HU": "Szíria", "NAME_ID": "Suriah", "NAME_IT": "Siria", "NAME_JA": "シリア", "NAME_KO": "시리아", "NAME_NL": "Syrië", "NAME_PL": "Syria", "NAME_PT": "Síria", "NAME_RU": "Сирия", "NAME_SV": "Syrien", "NAME_TR": "Suriye", "NAME_VI": "Syria", "NAME_ZH": "叙利亚", "WB_NAME": "Syrian Arab Republic", "WB_RULES": "Always \"Syrian Arab Republic\" not just \"Syria\"", "WB_REGION": "MENA", "Shape_Leng": 23.462212014599999, "Shape_Area": 18.4925178602 }, "geometry": { "type": "Polygon", "coordinates": [ [ [ 36.291771258962797, 36.597219044528053 ], [ 39.772175005380937, 39.448075263400341 ], [ 40.861395593876445, 38.684086498514482 ], [ 42.233158695884612, 37.008860511791539 ], [ 40.320103646032386, 31.901099439210117 ], [ 37.768579693576463, 33.063687882713133 ], [ 36.291771258962797, 36.597219044528053 ] ] ] } },
{ "type": "Feature", "properties": { "OBJECTID": 16, "featurecla": "Admin-0 country", "LEVEL": 2, "TYPE": "Sovereign country", "FORMAL_EN": "Republic of Kenya", "FORMAL_FR": null, "POP_EST": 47615739, "POP_RANK": 15, "GDP_MD_EST": 152700.0, "POP_YEAR": 2017, "LASTCENSUS": 2009, "GDP_YEAR": 2016, "ECONOMY": "5. Emerging region: G20", "INCOME_GRP": "5. Low income", "FIPS_10_": "KE", "ISO_A2": "KE", "ISO_A3": "KEN", "ISO_A3_EH": "KEN", "ISO_N3": "404", "UN_A3": "404", "WB_A2": "KE", "WB_A3": "KEN", "CONTINENT": "Africa", "REGION_UN": "Africa", "SUBREGION": "Eastern Africa", "REGION_WB": "Sub-Saharan Africa", "NAME_AR": "كينيا", "NAME_BN": "কেনিয়া", "NAME_DE": "Kenia", "NAME_EN": "Kenya", "NAME_ES": "Kenia", "NAME_FR": "Kenya", "NAME_EL": "Κένυα", "NAME_HI": "कीनिया", "NAME_HU": "Kenya", "NAME_ID": "Kenya", "NAME_IT": "Kenya", "NAME_JA": "ケニア", "NAME_KO": "케냐", "NAME_NL": "Kenia", "NAME_PL": "Kenia", "NAME_PT": "Quénia", "NAME_RU": "Кения", "NAME_SV": "Kenya", "NAME_TR": "Kenya", "NAME_VI": "Kenya", "NAME_ZH": "肯尼亚", "WB_NAME": "Kenya", "WB_RULES": "None", "WB_REGION": "AFR", "Shape_Leng": 36.4214752886, "Shape_Area": 47.343799941299999 }, "geometry": { "type": "Polygon", "coordinates": [ [ [ 35.695967093109111, 5.232693692895639 ], [ 41.356605522132121, 4.000549117979969 ], [ 45.462940133120128, -1.942428372798577 ], [ 44.484945933561086, -3.925134401904498 ], [ 41.669185120011612, -5.250606080287837 ], [ 34.685364228737498, -2.144893387778693 ], [ 35.695967093109111, 5.232693692895639 ] ] ] } },
{ "type": "Feature", "properties": { "OBJECTID": 103, "featurecla": "Admin-0 country", "LEVEL": 2, "TYPE": "Sovereign country", "FORMAL_EN": "Kingdom of Saudi Arabia", "FORMAL_FR": null, "POP_EST": 28571770, "POP_RANK": 15, "GDP_MD_EST": 1731000.0, "POP_YEAR": 2017, "LASTCENSUS": 2010, "GDP_YEAR": 2016, "ECONOMY": "2. Developed region: nonG7", "INCOME_GRP": "2. High income: nonOECD", "FIPS_10_": "SA", "ISO_A2": "SA", "ISO_A3": "SAU", "ISO_A3_EH": "SAU", "ISO_N3": "682", "UN_A3": "682", "WB_A2": "SA", "WB_A3": "SAU", "CONTINENT": "Asia", "REGION_UN": "Asia", "SUBREGION": "Western Asia", "REGION_WB": "Middle East & North Africa", "NAME_AR": "المملكة العربية السعودية", "NAME_BN": "সৌদি আরব", "NAME_DE": "Saudi-Arabien", "NAME_EN": "Saudi Arabia", "NAME_ES": "Arabia Saudita", "NAME_FR": "Arabie saoudite", "NAME_EL": "Σαουδική Αραβία", "NAME_HI": "सउदी अरब", "NAME_HU": "Szaúd-Arábia", "NAME_ID": "Arab Saudi", "NAME_IT": "Arabia Saudita", "NAME_JA": "サウジアラビア", "NAME_KO": "사우디아라비아", "NAME_NL": "Saoedi-Arabië", "NAME_PL": "Arabia Saudyjska", "NAME_PT": "Arábia Saudita", "NAME_RU": "Саудовская Аравия", "NAME_SV": "Saudiarabien", "NAME_TR": "Suudi Arabistan", "NAME_VI": "Ả Rập Saudi", "NAME_ZH": "沙特阿拉伯", "WB_NAME": "Saudi Arabia", "WB_RULES": "None", "WB_REGION": "MENA", "Shape_Leng": 77.736441941799995, "Shape_Area": 171.01575711199999 }, "geometry": { "type": "Polygon", "coordinates": [ [ [ 36.926465410851932, 23.620216229666713 ], [ 41.240518789038617, 28.323504975672975 ], [ 43.071225579413543, 28.486074762478246 ], [ 47.233623028319521, 26.04676720096451 ], [ 48.115400535056366, 23.301683133640424 ], [ 48.539373136439977, 20.933923376733922 ], [ 43.017947828248282, 18.881935909399587 ], [ 36.81124774097718, 22.906936858073575 ], [ 36.926465410851932, 23.620216229666713 ] ] ] } },
{ "type": "Feature", "properties": { "OBJECTID": 15, "featurecla": "Admin-0 country", "LEVEL": 2, "TYPE": "Sovereign country", "FORMAL_EN": "Federal Republic of Somalia", "FORMAL_FR": null, "POP_EST": 7531386, "POP_RANK": 13, "GDP_MD_EST": 4719.0, "POP_YEAR": 2017, "LASTCENSUS": 1987, "GDP_YEAR": 2016, "ECONOMY": "7. Least developed region", "INCOME_GRP": "5. Low income", "FIPS_10_": "SO", "ISO_A2": "SO", "ISO_A3": "SOM", "ISO_A3_EH": "SOM", "ISO_N3": "706", "UN_A3": "706", "WB_A2": "SO", "WB_A3": "SOM", "CONTINENT": "Africa", "REGION_UN": "Africa", "SUBREGION": "Eastern Africa", "REGION_WB": "Sub-Saharan Africa", "NAME_AR": "الصومال", "NAME_BN": "সোমালিয়া", "NAME_DE": "Somalia", "NAME_EN": "Somalia", "NAME_ES": "Somalia", "NAME_FR": "Somalie", "NAME_EL": "Σομαλία", "NAME_HI": "सोमालिया", "NAME_HU": "Szomália", "NAME_ID": "Somalia", "NAME_IT": "Somalia", "NAME_JA": "ソマリア", "NAME_KO": "소말리아", "NAME_NL": "Somalië", "NAME_PL": "Somalia", "NAME_PT": "Somália", "NAME_RU": "Сомали", "NAME_SV": "Somalia", "NAME_TR": "Somali", "NAME_VI": "Somalia", "NAME_ZH": "索马里", "WB_NAME": "Somalia", "WB_RULES": "None", "WB_REGION": "AFR", "Shape_Leng": 50.353287479700001, "Shape_Area": 52.311810779200002 }, "geometry": { "type": "Polygon", "coordinates": [ [ [ 43.105160431345446, 8.269173057115596 ], [ 47.552001283671537, 10.837101738404002 ], [ 56.845797196318671, 9.194365776421987 ], [ 59.755610519620006, 7.144604218559421 ], [ 59.584718010943519, 5.045492105751186 ], [ 45.462940133120128, -1.942428372798577 ], [ 41.356605522132121, 4.000549117979969 ], [ 43.105160431345446, 8.269173057115596 ] ] ] } },
{ "type": "Feature", "properties": { "OBJECTID": 88, "featurecla": "Admin-0 country", "LEVEL": 2, "TYPE": "Sovereign country", "FORMAL_EN": "Republic of Iraq", "FORMAL_FR": null, "POP_EST": 39192111, "POP_RANK": 15, "GDP_MD_EST": 596700.0, "POP_YEAR": 2017, "LASTCENSUS": 1997, "GDP_YEAR": 2016, "ECONOMY": "6. Developing region", "INCOME_GRP": "4. Lower middle income", "FIPS_10_": "IZ", "ISO_A2": "IQ", "ISO_A3": "IRQ", "ISO_A3_EH": "IRQ", "ISO_N3": "368", "UN_A3": "368", "WB_A2": "IQ", "WB_A3": "IRQ", "CONTINENT": "Asia", "REGION_UN": "Asia", "SUBREGION": "Western Asia", "REGION_WB": "Middle East & North Africa", "NAME_AR": "العراق", "NAME_BN": "ইরাক", "NAME_DE": "Irak", "NAME_EN": "Iraq", "NAME_ES": "Irak", "NAME_FR": "Irak", "NAME_EL": "Ιράκ", "NAME_HI": "इराक़", "NAME_HU": "Irak", "NAME_ID": "Irak", "NAME_IT": "Iraq", "NAME_JA": "イラク", "NAME_KO": "이라크", "NAME_NL": "Irak", "NAME_PL": "Irak", "NAME_PT": "Iraque", "NAME_RU": "Ирак", "NAME_SV": "Irak", "NAME_TR": "Irak", "NAME_VI": "Iraq", "NAME_ZH": "伊拉克", "WB_NAME": "Iraq", "WB_RULES": "None", "WB_REGION": "MENA", "Shape_Leng": 34.676012529399998, "Shape_Area": 42.243983471999996 }, "geometry": { "type": "Polygon", "coordinates": [ [ [ 42.233158695884612, 37.008860511791539 ], [ 46.238691556508748, 36.352727876926998 ], [ 49.102169022994858, 34.852860935083925 ], [ 49.097894462115143, 34.756896132615161 ], [ 43.071225579413543, 28.486074762478246 ], [ 41.240518789038617, 28.323504975672975 ], [ 40.320103646032386, 31.901099439210117 ], [ 42.233158695884612, 37.008860511791539 ] ] ] } },
{ "type": "Feature", "properties": { "OBJECTID": 85, "featurecla": "Admin-0 country", "LEVEL": 2, "TYPE": "Sovereign country", "FORMAL_EN": "Republic of Djibouti", "FORMAL_FR": null, "POP_EST": 865267, "POP_RANK": 11, "GDP_MD_EST": 3345.0, "POP_YEAR": 2017, "LASTCENSUS": 2009, "GDP_YEAR": 2016, "ECONOMY": "7. Least developed region", "INCOME_GRP": "4. Lower middle income", "FIPS_10_": "DJ", "ISO_A2": "DJ", "ISO_A3": "DJI", "ISO_A3_EH": "DJI", "ISO_N3": "262", "UN_A3": "262", "WB_A2": "DJ", "WB_A3": "DJI", "CONTINENT": "Africa", "REGION_UN": "Africa", "SUBREGION": "Eastern Africa", "REGION_WB": "Middle East & North Africa", "NAME_AR": "جيبوتي", "NAME_BN": "জিবুতি", "NAME_DE": "Dschibuti", "NAME_EN": "Djibouti", "NAME_ES": "Yibuti", "NAME_FR": "Djibouti", "NAME_EL": "Τζιμπουτί", "NAME_HI": "जिबूती", "NAME_HU": "Dzsibuti", "NAME_ID": "Djibouti", "NAME_IT": "Gibuti", "NAME_JA": "ジブチ", "NAME_KO": "지부티", "NAME_NL": "Djibouti", "NAME_PL": "Dżibuti", "NAME_PT": "Djibouti", "NAME_RU": "Джибути", "NAME_SV": "Djibouti", "NAME_TR": "Cibuti", "NAME_VI": "Djibouti", "NAME_ZH": "吉布提", "WB_NAME": "Djibouti", "WB_RULES": "None", "WB_REGION": "MENA", "Shape_Leng": 7.4933976510500004, "Shape_Area": 1.81197544431 }, "geometry": { "type": "Polygon", "coordinates": [ [ [ 43.191828548126992, 16.109004298428157 ], [ 47.552001283671537, 10.837101738404002 ], [ 43.105160431345446, 8.269173057115596 ], [ 39.186446906953698, 11.985758921816535 ], [ 43.191828548126992, 16.109004298428157 ] ] ] } },
{ "type": "Feature", "properties": { "OBJECTID": 62, "featurecla": "Admin-0 country", "LEVEL": 2, "TYPE": "Sovereign country", "FORMAL_EN": "Republic of Azerbaijan", "FORMAL_FR": null, "POP_EST": 9961396, "POP_RANK": 13, "GDP_MD_EST": 167900.0, "POP_YEAR": 2017, "LASTCENSUS": 2009, "GDP_YEAR": 2016, "ECONOMY": "6. Developing region", "INCOME_GRP": "3. Upper middle income", "FIPS_10_": "AJ", "ISO_A2": "AZ", "ISO_A3": "AZE", "ISO_A3_EH": "AZE", "ISO_N3": "031", "UN_A3": "031", "WB_A2": "AZ", "WB_A3": "AZE", "CONTINENT": "Asia", "REGION_UN": "Asia", "SUBREGION": "Western Asia", "REGION_WB": "Europe & Central Asia", "NAME_AR": "أذربيجان", "NAME_BN": "আজারবাইজান", "NAME_DE": "Aserbaidschan", "NAME_EN": "Azerbaijan", "NAME_ES": "Azerbaiyán", "NAME_FR": "Azerbaïdjan", "NAME_EL": "Αζερμπαϊτζάν", "NAME_HI": "अज़रबैजान", "NAME_HU": "Azerbajdzsán", "NAME_ID": "Azerbaijan", "NAME_IT": "Azerbaigian", "NAME_JA": "アゼルバイジャン", "NAME_KO": "아제르바이잔", "NAME_NL": "Azerbeidzjan", "NAME_PL": "Azerbejdżan", "NAME_PT": "Azerbaijão", "NAME_RU": "Азербайджан", "NAME_SV": "Azerbajdzjan", "NAME_TR": "Azerbaycan", "NAME_VI": "Azerbaijan", "NAME_ZH": "阿塞拜疆", "WB_NAME": "Azerbaijan", "WB_RULES": "None", "WB_REGION": "ECA", "Shape_Leng": 27.689708519500002, "Shape_Area": 9.1354498466800003 }, "geometry": { "type": "Polygon", "coordinates": [ [ [ 54.488533248426734, 50.087004752929708 ], [ 53.345298597667423, 38.555264065591885 ], [ 49.102169022994858, 34.852860935083925 ], [ 46.238691556508748, 36.352727876926998 ], [ 46.236275083073785, 42.756043336056962 ], [ 52.576717898692102, 56.365291352963027 ], [ 54.306378304278105, 52.023867090806185 ], [ 54.488533248426734, 50.087004752929708 ] ] ] } },
{ "type": "Feature", "properties": { "OBJECTID": 39, "featurecla": "Admin-0 country", "LEVEL": 2, "TYPE": "Sovereign country", "FORMAL_EN": "Republic of Uzbekistan", "FORMAL_FR": null, "POP_EST": 29748859, "POP_RANK": 15, "GDP_MD_EST": 202300.0, "POP_YEAR": 2017, "LASTCENSUS": 1989, "GDP_YEAR": 2016, "ECONOMY": "6. Developing region", "INCOME_GRP": "4. Lower middle income", "FIPS_10_": "UZ", "ISO_A2": "UZ", "ISO_A3": "UZB", "ISO_A3_EH": "UZB", "ISO_N3": "860", "UN_A3": "860", "WB_A2": "UZ", "WB_A3": "UZB", "CONTINENT": "Asia", "REGION_UN": "Asia", "SUBREGION": "Central Asia", "REGION_WB": "Europe & Central Asia", "NAME_AR": "أوزبكستان", "NAME_BN": "উজবেকিস্তান", "NAME_DE": "Usbekistan", "NAME_EN": "Uzbekistan", "NAME_ES": "Uzbekistán", "NAME_FR": "Ouzbékistan", "NAME_EL": "Ουζμπεκιστάν", "NAME_HI": "उज़्बेकिस्तान", "NAME_HU": "Üzbegisztán", "NAME_ID": "Uzbekistan", "NAME_IT": "Uzbekistan", "NAME_JA": "ウズベキスタン", "NAME_KO": "우즈베키스탄", "NAME_NL": "Oezbekistan", "NAME_PL": "Uzbekistan", "NAME_PT": "Usbequistão", "NAME_RU": "Узбекистан", "NAME_SV": "Uzbekistan", "NAME_TR": "Özbekistan", "NAME_VI": "Uzbekistan", "NAME_ZH": "乌兹别克斯坦", "WB_NAME": "Uzbekistan", "WB_RULES": "None", "WB_REGION": "ECA", "Shape_Leng": 64.676589060799998, "Shape_Area": 48.5065842829 }, "geometry": { "type": "Polygon", "coordinates": [ [ [ 54.306378304278105, 52.023867090806185 ], [ 68.244705743769387, 42.991525846783567 ], [ 66.38526992853393, 38.452128528015237 ], [ 63.40627274166313, 37.373136296728447 ], [ 54.488533248426734, 50.087004752929708 ], [ 54.306378304278105, 52.023867090806185 ] ] ] } },
{ "type": "Feature", "properties": { "OBJECTID": 181, "featurecla": "Admin-0 country", "LEVEL": 2, "TYPE": "Sovereign country", "FORMAL_EN": "Republic of Seychelles", "FORMAL_FR": null, "POP_EST": 93920, "POP_RANK": 8, "GDP_MD_EST": 2608.0, "POP_YEAR": 2017, "LASTCENSUS": 2010, "GDP_YEAR": 2016, "ECONOMY": "6. Developing region", "INCOME_GRP": "3. Upper middle income", "FIPS_10_": "SE", "ISO_A2": "SC", "ISO_A3": "SYC", "ISO_A3_EH": "SYC", "ISO_N3": "690", "UN_A3": "690", "WB_A2": "SC", "WB_A3": "SYC", "CONTINENT": "Seven seas (open ocean)", "REGION_UN": "Africa", "SUBREGION": "Eastern Africa", "REGION_WB": "Sub-Saharan Africa", "NAME_AR": "سيشل", "NAME_BN": "সেশেল", "NAME_DE": "Seychellen", "NAME_EN": "Seychelles", "NAME_ES": "Seychelles", "NAME_FR": "Seychelles", "NAME_EL": "Σεϋχέλλες", "NAME_HI": "सेशेल्स", "NAME_HU": "Seychelle-szigetek", "NAME_ID": "Seychelles", "NAME_IT": "Seychelles", "NAME_JA": "セーシェル", "NAME_KO": "세이셸", "NAME_NL": "Seychellen", "NAME_PL": "Seszele", "NAME_PT": "Seychelles", "NAME_RU": "Сейшельские Острова", "NAME_SV": "Seychellerna", "NAME_TR": "Seyşeller", "NAME_VI": "Seychelles", "NAME_ZH": "塞舌尔", "WB_NAME": "Seychelles", "WB_RULES": "None", "WB_REGION": "AFR", "Shape_Leng": 3.5336525964700001, "Shape_Area": 0.03564479451 }, "geometry": { "type": "Polygon", "coordinates": [ [ [ 44.484945933561086, -3.925134401904498 ], [ 45.462940133120128, -1.942428372798577 ], [ 59.584718010943519, 5.045492105751186 ], [ 62.378184948064529, -0.705091114573284 ], [ 62.066873740180718, -10.332882939832006 ], [ 52.677242521142077, -14.300713073035718 ], [ 50.608538009909076, -13.440631071991371 ], [ 44.484945933561086, -3.925134401904498 ] ] ] } },
{ "type": "Feature", "properties": { "OBJECTID": 68, "featurecla": "Admin-0 country", "LEVEL": 2, "TYPE": "Sovereign country", "FORMAL_EN": "Republic of Armenia", "FORMAL_FR": null, "POP_EST": 3045191, "POP_RANK": 12, "GDP_MD_EST": 26300.0, "POP_YEAR": 2017, "LASTCENSUS": 2001, "GDP_YEAR": 2016, "ECONOMY": "6. Developing region", "INCOME_GRP": "4. Lower middle income", "FIPS_10_": "AM", "ISO_A2": "AM", "ISO_A3": "ARM", "ISO_A3_EH": "ARM", "ISO_N3": "051", "UN_A3": "051", "WB_A2": "AM", "WB_A3": "ARM", "CONTINENT": "Asia", "REGION_UN": "Asia", "SUBREGION": "Western Asia", "REGION_WB": "Europe & Central Asia", "NAME_AR": "أرمينيا", "NAME_BN": "আর্মেনিয়া", "NAME_DE": "Armenien", "NAME_EN": "Armenia", "NAME_ES": "Armenia", "NAME_FR": "Arménie", "NAME_EL": "Αρμενία", "NAME_HI": "आर्मीनिया", "NAME_HU": "Örményország", "NAME_ID": "Armenia", "NAME_IT": "Armenia", "NAME_JA": "アルメニア", "NAME_KO": "아르메니아", "NAME_NL": "Armenië", "NAME_PL": "Armenia", "NAME_PT": "Arménia", "NAME_RU": "Армения", "NAME_SV": "Armenien", "NAME_TR": "Ermenistan", "NAME_VI": "Armenia", "NAME_ZH": "亞美尼亞", "WB_NAME": "Armenia", "WB_RULES": "None", "WB_REGION": "ECA", "Shape_Leng": 12.8064712368, "Shape_Area": 3.1337778951700002 }, "geometry": { "type": "Polygon", "coordinates": [ [ [ 42.233158695884612, 37.008860511791539 ], [ 40.861395593876445, 38.684086498514482 ], [ 46.236275083073785, 42.756043336056962 ], [ 46.238691556508748, 36.352727876926998 ], [ 42.233158695884612, 37.008860511791539 ] ] ] } },
{ "type": "Feature", "properties": { "OBJECTID": 158, "featurecla": "Admin-0 country", "LEVEL": 2, "TYPE": "Sovereign country", "FORMAL_EN": "Republic of Yemen", "FORMAL_FR": null, "POP_EST": 28036829, "POP_RANK": 15, "GDP_MD_EST": 73450.0, "POP_YEAR": 2017, "LASTCENSUS": 2004, "GDP_YEAR": 2016, "ECONOMY": "7. Least developed region", "INCOME_GRP": "4. Lower middle income", "FIPS_10_": "YM", "ISO_A2": "YE", "ISO_A3": "YEM", "ISO_A3_EH": "YEM", "ISO_N3": "887", "UN_A3": "887", "WB_A2": "RY", "WB_A3": "YEM", "CONTINENT": "Asia", "REGION_UN": "Asia", "SUBREGION": "Western Asia", "REGION_WB": "Middle East & North Africa", "NAME_AR": "اليمن", "NAME_BN": "ইয়েমেন", "NAME_DE": "Jemen", "NAME_EN": "Yemen", "NAME_ES": "Yemen", "NAME_FR": "Yémen", "NAME_EL": "Υεμένη", "NAME_HI": "यमन", "NAME_HU": "Jemen", "NAME_ID": "Yaman", "NAME_IT": "Yemen", "NAME_JA": "イエメン", "NAME_KO": "예멘", "NAME_NL": "Jemen", "NAME_PL": "Jemen", "NAME_PT": "Iémen", "NAME_RU": "Йемен", "NAME_SV": "Jemen", "NAME_TR": "Yemen", "NAME_VI": "Yemen", "NAME_ZH": "也门", "WB_NAME": "Yemen, Republic of", "WB_RULES": "Always have \"Republic of\" before \"Yemen\"", "WB_REGION": "MENA", "Shape_Leng": 37.305421664000001, "Shape_Area": 38.246701637900003 }, "geometry": { "type": "Polygon", "coordinates": [ [ [ 43.017947828248282, 18.881935909399587 ], [ 48.539373136439977, 20.933923376733922 ], [ 50.708084267460578, 20.104898072723497 ], [ 50.914771021668344, 19.931542393364367 ], [ 56.845797196318671, 9.194365776421987 ], [ 47.552001283671537, 10.837101738404002 ], [ 43.191828548126992, 16.109004298428157 ], [ 43.017947828248282, 18.881935909399587 ] ] ] } },
{ "type": "Feature", "properties": { "OBJECTID": 112, "featurecla": "Admin-0 country", "LEVEL": 2, "TYPE": "Sovereign country", "FORMAL_EN": "State of Kuwait", "FORMAL_FR": null, "POP_EST": 2875422, "POP_RANK": 12, "GDP_MD_EST": 301100.0, "POP_YEAR": 2017, "LASTCENSUS": 2010, "GDP_YEAR": 2016, "ECONOMY": "6. Developing region", "INCOME_GRP": "2. High income: nonOECD", "FIPS_10_": "KU", "ISO_A2": "KW", "ISO_A3": "KWT", "ISO_A3_EH": "KWT", "ISO_N3": "414", "UN_A3": "414", "WB_A2": "KW", "WB_A3": "KWT", "CONTINENT": "Asia", "REGION_UN": "Asia", "SUBREGION": "Western Asia", "REGION_WB": "Middle East & North Africa", "NAME_AR": "الكويت", "NAME_BN": "কুয়েত", "NAME_DE": "Kuwait", "NAME_EN": "Kuwait", "NAME_ES": "Kuwait", "NAME_FR": "Koweït", "NAME_EL": "Κουβέιτ", "NAME_HI": "कुवैत", "NAME_HU": "Kuvait", "NAME_ID": "Kuwait", "NAME_IT": "Kuwait", "NAME_JA": "クウェート", "NAME_KO": "쿠웨이트", "NAME_NL": "Koeweit", "NAME_PL": "Kuwejt", "NAME_PT": "Kuwait", "NAME_RU": "Кувейт", "NAME_SV": "Kuwait", "NAME_TR": "Kuveyt", "NAME_VI": "Kuwait", "NAME_ZH": "科威特", "WB_NAME": "Kuwait", "WB_RULES": "None", "WB_REGION": "MENA", "Shape_Leng": 8.7998033322999998, "Shape_Area": 1.62327676539 }, "geometry": { "type": "Polygon", "coordinates": [ [ [ 49.097894462115143, 34.756896132615161 ], [ 51.469762150382387, 29.850869549184434 ], [ 47.233623028319521, 26.04676720096451 ], [ 43.071225579413543, 28.486074762478246 ], [ 49.097894462115143, 34.756896132615161 ] ] ] } },
{ "type": "Feature", "properties": { "OBJECTID": 40, "featurecla": "Admin-0 country", "LEVEL": 2, "TYPE": "Sovereign country", "FORMAL_EN": "Republic of Kazakhstan", "FORMAL_FR": null, "POP_EST": 18556698, "POP_RANK": 14, "GDP_MD_EST": 460700.0, "POP_YEAR": 2017, "LASTCENSUS": 2009, "GDP_YEAR": 2016, "ECONOMY": "6. Developing region", "INCOME_GRP": "3. Upper middle income", "FIPS_10_": "KZ", "ISO_A2": "KZ", "ISO_A3": "KAZ", "ISO_A3_EH": "KAZ", "ISO_N3": "398", "UN_A3": "398", "WB_A2": "KZ", "WB_A3": "KAZ", "CONTINENT": "Asia", "REGION_UN": "Asia", "SUBREGION": "Central Asia", "REGION_WB": "Europe & Central Asia", "NAME_AR": "كازاخستان", "NAME_BN": "কাজাখস্তান", "NAME_DE": "Kasachstan", "NAME_EN": "Kazakhstan", "NAME_ES": "Kazajistán", "NAME_FR": "Kazakhstan", "NAME_EL": "Καζακστάν", "NAME_HI": "कज़ाख़िस्तान", "NAME_HU": "Kazahsztán", "NAME_ID": "Kazakhstan", "NAME_IT": "Kazakistan", "NAME_JA": "カザフスタン", "NAME_KO": "카자흐스탄", "NAME_NL": "Kazachstan", "NAME_PL": "Kazachstan", "NAME_PT": "Cazaquistão", "NAME_RU": "Казахстан", "NAME_SV": "Kazakstan", "NAME_TR": "Kazakistan", "NAME_VI": "Kazakhstan", "NAME_ZH": "哈萨克斯坦", "WB_NAME": "Kazakhstan", "WB_RULES": "None", "WB_REGION": "ECA", "Shape_Leng": 158.820119761, "Shape_Area": 329.36757305700002 }, "geometry": { "type": "Polygon", "coordinates": [ [ [ 63.598886397337999, 94.148272087766884 ], [ 81.444578121280088, 56.221468108991694 ], [ 69.789874215596654, 43.590094184155113 ], [ 68.244705743769387, 42.991525846783567 ], [ 54.306378304278105, 52.023867090806185 ], [ 52.576717898692102, 56.365291352963027 ], [ 50.334123843114043, 65.272764574211635 ], [ 61.825653831024589, 94.148272087766884 ], [ 63.598886397337999, 94.148272087766884 ] ] ] } },
{ "type": "Feature", "properties": { "OBJECTID": 138, "featurecla": "Admin-0 country", "LEVEL": 2, "TYPE": "Sovereign country", "FORMAL_EN": "Turkmenistan", "FORMAL_FR": null, "POP_EST": 5351277, "POP_RANK": 13, "GDP_MD_EST": 94720.0, "POP_YEAR": 2017, "LASTCENSUS": 1995, "GDP_YEAR": 2016, "ECONOMY": "6. Developing region", "INCOME_GRP": "3. Upper middle income", "FIPS_10_": "TX", "ISO_A2": "TM", "ISO_A3": "TKM", "ISO_A3_EH": "TKM", "ISO_N3": "795", "UN_A3": "795", "WB_A2": "TM", "WB_A3": "TKM", "CONTINENT": "Asia", "REGION_UN": "Asia", "SUBREGION": "Central Asia", "REGION_WB": "Europe & Central Asia", "NAME_AR": "تركمانستان", "NAME_BN": "তুর্কমেনিস্তান", "NAME_DE": "Turkmenistan", "NAME_EN": "Turkmenistan", "NAME_ES": "Turkmenistán", "NAME_FR": "Turkménistan", "NAME_EL": "Τουρκμενιστάν", "NAME_HI": "तुर्कमेनिस्तान", "NAME_HU": "Türkmenisztán", "NAME_ID": "Turkmenistan", "NAME_IT": "Turkmenistan", "NAME_JA": "トルクメニスタン", "NAME_KO": "투르크메니스탄", "NAME_NL": "Turkmenistan", "NAME_PL": "Turkmenistan", "NAME_PT": "Turquemenistão", "NAME_RU": "Туркмения", "NAME_SV": "Turkmenistan", "NAME_TR": "Türkmenistan", "NAME_VI": "Turkmenistan", "NAME_ZH": "土库曼斯坦", "WB_NAME": "Turkmenistan", "WB_RULES": "None", "WB_REGION": "ECA", "Shape_Leng": 57.705832020099997, "Shape_Area": 49.059293142900003 }, "geometry": { "type": "Polygon", "coordinates": [ [ [ 54.488533248426734, 50.087004752929708 ], [ 63.40627274166313, 37.373136296728447 ], [ 60.136060646466959, 33.264990887748098 ], [ 53.345298597667423, 38.555264065591885 ], [ 54.488533248426734, 50.087004752929708 ] ] ] } },
{ "type": "Feature", "properties": { "OBJECTID": 38, "featurecla": "Admin-0 country", "LEVEL": 2, "TYPE": "Sovereign country", "FORMAL_EN": "Sultanate of Oman", "FORMAL_FR": null, "POP_EST": 3424386, "POP_RANK": 12, "GDP_MD_EST": 173100.0, "POP_YEAR": 2017, "LASTCENSUS": 2010, "GDP_YEAR": 2016, "ECONOMY": "6. Developing region", "INCOME_GRP": "2. High income: nonOECD", "FIPS_10_": "MU", "ISO_A2": "OM", "ISO_A3": "OMN", "ISO_A3_EH": "OMN", "ISO_N3": "512", "UN_A3": "512", "WB_A2": "OM", "WB_A3": "OMN", "CONTINENT": "Asia", "REGION_UN": "Asia", "SUBREGION": "Western Asia", "REGION_WB": "Middle East & North Africa", "NAME_AR": "سلطنة عمان", "NAME_BN": "ওমান", "NAME_DE": "Oman", "NAME_EN": "Oman", "NAME_ES": "Omán", "NAME_FR": "Oman", "NAME_EL": "Ομάν", "NAME_HI": "ओमान", "NAME_HU": "Omán", "NAME_ID": "Oman", "NAME_IT": "Oman", "NAME_JA": "オマーン", "NAME_KO": "오만", "NAME_NL": "Oman", "NAME_PL": "Oman", "NAME_PT": "Omã", "NAME_RU": "Оман", "NAME_SV": "Oman", "NAME_TR": "Umman", "NAME_VI": "Oman", "NAME_ZH": "阿曼", "WB_NAME": "Oman", "WB_RULES": "None", "WB_REGION": "MENA", "Shape_Leng": 35.410696940800001, "Shape_Area": 26.9830005546 }, "geometry": { "type": "Polygon", "coordinates": [ [ [ 56.845797196318671, 9.194365776421987 ], [ 50.914771021668344, 19.931542393364367 ], [ 62.177586236823032, 26.039755677592684 ], [ 68.051970252154447, 17.712972312226668 ], [ 68.22746813098496, 15.836462514265397 ], [ 59.755610519620006, 7.144604218559421 ], [ 56.845797196318671, 9.194365776421987 ] ] ] } },
{ "type": "Feature", "properties": { "OBJECTID": 102, "featurecla": "Admin-0 country", "LEVEL": 2, "TYPE": "Sovereign country", "FORMAL_EN": "State of Qatar", "FORMAL_FR": null, "POP_EST": 2314307, "POP_RANK": 12, "GDP_MD_EST": 334500.0, "POP_YEAR": 2017, "LASTCENSUS": 2010, "GDP_YEAR": 2016, "ECONOMY": "6. Developing region", "INCOME_GRP": "2. High income: nonOECD", "FIPS_10_": "QA", "ISO_A2": "QA", "ISO_A3": "QAT", "ISO_A3_EH": "QAT", "ISO_N3": "634", "UN_A3": "634", "WB_A2": "QA", "WB_A3": "QAT", "CONTINENT": "Asia", "REGION_UN": "Asia", "SUBREGION": "Western Asia", "REGION_WB": "Middle East & North Africa", "NAME_AR": "قطر", "NAME_BN": "কাতার", "NAME_DE": "Katar", "NAME_EN": "Qatar", "NAME_ES": "Catar", "NAME_FR": "Qatar", "NAME_EL": "Κατάρ", "NAME_HI": "क़तर", "NAME_HU": "Katar", "NAME_ID": "Qatar", "NAME_IT": "Qatar", "NAME_JA": "カタール", "NAME_KO": "카타르", "NAME_NL": "Qatar", "NAME_PL": "Katar", "NAME_PT": "Catar", "NAME_RU": "Катар", "NAME_SV": "Qatar", "NAME_TR": "Katar", "NAME_VI": "Qatar", "NAME_ZH": "卡塔尔", "WB_NAME": "Qatar", "WB_RULES": "None", "WB_REGION": "MENA", "Shape_Leng": 5.5611661402200001, "Shape_Area": 0.99963223473999996 }, "geometry": { "type": "Polygon", "coordinates": [ [ [ 48.539373136439977, 20.933923376733922 ], [ 48.115400535056366, 23.301683133640424 ], [ 54.005571994473861, 28.399572387077516 ], [ 54.38389329667087, 28.238492151428783 ], [ 50.708084267460578, 20.104898072723497 ], [ 48.539373136439977, 20.933923376733922 ] ] ] } },
{ "type": "Feature", "properties": { "OBJECTID": 91, "featurecla": "Admin-0 country", "LEVEL": 2, "TYPE": "Sovereign country", "FORMAL_EN": "Islamic Republic of Iran", "FORMAL_FR": null, "POP_EST": 82021564, "POP_RANK": 16, "GDP_MD_EST": 1459000.0, "POP_YEAR": 2017, "LASTCENSUS": 2006, "GDP_YEAR": 2016, "ECONOMY": "5. Emerging region: G20", "INCOME_GRP": "3. Upper middle income", "FIPS_10_": "IR", "ISO_A2": "IR", "ISO_A3": "IRN", "ISO_A3_EH": "IRN", "ISO_N3": "364", "UN_A3": "364", "WB_A2": "IR", "WB_A3": "IRN", "CONTINENT": "Asia", "REGION_UN": "Asia", "SUBREGION": "Southern Asia", "REGION_WB": "Middle East & North Africa", "NAME_AR": "إيران", "NAME_BN": "ইরান", "NAME_DE": "Iran", "NAME_EN": "Iran", "NAME_ES": "Irán", "NAME_FR": "Iran", "NAME_EL": "Ιράν", "NAME_HI": "ईरान", "NAME_HU": "Irán", "NAME_ID": "Iran", "NAME_IT": "Iran", "NAME_JA": "イラン", "NAME_KO": "이란", "NAME_NL": "Iran", "NAME_PL": "Iran", "NAME_PT": "Irão", "NAME_RU": "Иран", "NAME_SV": "Iran", "NAME_TR": "İran", "NAME_VI": "Iran", "NAME_ZH": "伊朗", "WB_NAME": "Iran, Islamic Republic of", "WB_RULES": "Always have \"Islamic Republic of\" before \"Iran\"", "WB_REGION": "MENA", "Shape_Leng": 83.5335291297, "Shape_Area": 156.08798258799999 }, "geometry": { "type": "Polygon", "coordinates": [ [ [ 49.097894462115143, 34.756896132615161 ], [ 49.102169022994858, 34.852860935083925 ], [ 53.345298597667423, 38.555264065591885 ], [ 60.136060646466959, 33.264990887748098 ], [ 60.67644860035513, 28.25581150211033 ], [ 54.38389329667087, 28.238492151428783 ], [ 54.005571994473861, 28.399572387077516 ], [ 51.469762150382387, 29.850869549184434 ], [ 49.097894462115143, 34.756896132615161 ] ] ] } },
{ "type": "Feature", "properties": { "OBJECTID": 232, "featurecla": "Admin-0 country", "LEVEL": 2, "TYPE": "Sovereign country", "FORMAL_EN": "Kingdom of Bahrain", "FORMAL_FR": null, "POP_EST": 1410942, "POP_RANK": 12, "GDP_MD_EST": 66370.0, "POP_YEAR": 2017, "LASTCENSUS": 2010, "GDP_YEAR": 2016, "ECONOMY": "6. Developing region", "INCOME_GRP": "2. High income: nonOECD", "FIPS_10_": "BA", "ISO_A2": "BH", "ISO_A3": "BHR", "ISO_A3_EH": "BHR", "ISO_N3": "048", "UN_A3": "048", "WB_A2": "BH", "WB_A3": "BHR", "CONTINENT": "Asia", "REGION_UN": "Asia", "SUBREGION": "Western Asia", "REGION_WB": "Middle East & North Africa", "NAME_AR": "البحرين", "NAME_BN": "বাহরাইন", "NAME_DE": "Bahrain", "NAME_EN": "Bahrain", "NAME_ES": "Baréin", "NAME_FR": "Bahreïn", "NAME_EL": "Μπαχρέιν", "NAME_HI": "बहरीन", "NAME_HU": "Bahrein", "NAME_ID": "Bahrain", "NAME_IT": "Bahrein", "NAME_JA": "バーレーン", "NAME_KO": "바레인", "NAME_NL": "Bahrein", "NAME_PL": "Bahrajn", "NAME_PT": "Bahrein", "NAME_RU": "Бахрейн", "NAME_SV": "Bahrain", "NAME_TR": "Bahreyn", "NAME_VI": "Bahrain", "NAME_ZH": "巴林", "WB_NAME": "Bahrain", "WB_RULES": "None", "WB_REGION": "MENA", "Shape_Leng": 1.2637127772800001, "Shape_Area": 0.05275977067 }, "geometry": { "type": "Polygon", "coordinates": [ [ [ 47.233623028319521, 26.04676720096451 ], [ 51.469762150382387, 29.850869549184434 ], [ 54.005571994473861, 28.399572387077516 ], [ 48.115400535056366, 23.301683133640424 ], [ 47.233623028319521, 26.04676720096451 ] ] ] } },
{ "type": "Feature", "properties": { "OBJECTID": 57, "featurecla": "Admin-0 country", "LEVEL": 2, "TYPE": "Sovereign country", "FORMAL_EN": "United Arab Emirates", "FORMAL_FR": null, "POP_EST": 6072475, "POP_RANK": 13, "GDP_MD_EST": 667200.0, "POP_YEAR": 2017, "LASTCENSUS": 2010, "GDP_YEAR": 2016, "ECONOMY": "6. Developing region", "INCOME_GRP": "2. High income: nonOECD", "FIPS_10_": "AE", "ISO_A2": "AE", "ISO_A3": "ARE", "ISO_A3_EH": "ARE", "ISO_N3": "784", "UN_A3": "784", "WB_A2": "AE", "WB_A3": "ARE", "CONTINENT": "Asia", "REGION_UN": "Asia", "SUBREGION": "Western Asia", "REGION_WB": "Middle East & North Africa", "NAME_AR": "الإمارات العربية المتحدة", "NAME_BN": "সংযুক্ত আরব আমিরাত", "NAME_DE": "Vereinigte Arabische Emirate", "NAME_EN": "United Arab Emirates", "NAME_ES": "Emiratos Árabes Unidos", "NAME_FR": "Émirats arabes unis", "NAME_EL": "Ηνωμένα Αραβικά Εμιράτα", "NAME_HI": "संयुक्त अरब अमीरात", "NAME_HU": "Egyesült Arab Emírségek", "NAME_ID": "Uni Emirat Arab", "NAME_IT": "Emirati Arabi Uniti", "NAME_JA": "アラブ首長国連邦", "NAME_KO": "아랍에미리트", "NAME_NL": "Verenigde Arabische Emiraten", "NAME_PL": "Zjednoczone Emiraty Arabskie", "NAME_PT": "Emirados Árabes Unidos", "NAME_RU": "Объединённые Арабские Эмираты", "NAME_SV": "Förenade Arabemiraten", "NAME_TR": "Birleşik Arap Emirlikleri", "NAME_VI": "Các Tiểu vương quốc Ả Rập Thống nhất", "NAME_ZH": "阿拉伯联合酋长国", "WB_NAME": "United Arab Emirates", "WB_RULES": "None", "WB_REGION": "MENA", "Shape_Leng": 21.4662899263, "Shape_Area": 6.3035595291100002 }, "geometry": { "type": "Polygon", "coordinates": [ [ [ 54.38389329667087, 28.238492151428783 ], [ 60.67644860035513, 28.25581150211033 ], [ 61.836939802279559, 26.887637784041502 ], [ 62.177586236823032, 26.039755677592684 ], [ 50.914771021668344, 19.931542393364367 ], [ 50.708084267460578, 20.104898072723497 ], [ 54.38389329667087, 28.238492151428783 ] ] ] } },
{ "type": "Feature", "properties": { "OBJECTID": 221, "featurecla": "Admin-0 country", "LEVEL": 2, "TYPE": "Sovereign country", "FORMAL_EN": "Republic of Maldives", "FORMAL_FR": null, "POP_EST": 392709, "POP_RANK": 10, "GDP_MD_EST": 5407.0, "POP_YEAR": 2017, "LASTCENSUS": 2011, "GDP_YEAR": 2016, "ECONOMY": "6. Developing region", "INCOME_GRP": "3. Upper middle income", "FIPS_10_": "MV", "ISO_A2": "MV", "ISO_A3": "MDV", "ISO_A3_EH": "MDV", "ISO_N3": "462", "UN_A3": "462", "WB_A2": "MV", "WB_A3": "MDV", "CONTINENT": "Seven seas (open ocean)", "REGION_UN": "Asia", "SUBREGION": "Southern Asia", "REGION_WB": "South Asia", "NAME_AR": "جزر المالديف", "NAME_BN": "মালদ্বীপ", "NAME_DE": "Malediven", "NAME_EN": "Maldives", "NAME_ES": "Maldivas", "NAME_FR": "Maldives", "NAME_EL": "Μαλδίβες", "NAME_HI": "मालदीव", "NAME_HU": "Maldív-szigetek", "NAME_ID": "Maladewa", "NAME_IT": "Maldive", "NAME_JA": "モルディブ", "NAME_KO": "몰디브", "NAME_NL": "Maldiven", "NAME_PL": "Malediwy", "NAME_PT": "Maldivas", "NAME_RU": "Мальдивы", "NAME_SV": "Maldiverna", "NAME_TR": "Maldivler", "NAME_VI": "Maldives", "NAME_ZH": "马尔代夫", "WB_NAME": "Maldives", "WB_RULES": "None", "WB_REGION": "SOA", "Shape_Leng": 4.6785346832299997, "Shape_Area": 0.00886021446 }, "geometry": { "type": "Polygon", "coordinates": [ [ [ 59.584718010943519, 5.045492105751186 ], [ 59.755610519620006, 7.144604218559421 ], [ 68.22746813098496, 15.836462514265397 ], [ 72.51712646983745, 14.485360230945972 ], [ 81.172112332200655, -2.423903383575216 ], [ 62.378184948064529, -0.705091114573284 ], [ 59.584718010943519, 5.045492105751186 ] ] ] } },
{ "type": "Feature", "properties": { "OBJECTID": 126, "featurecla": "Admin-0 country", "LEVEL": 2, "TYPE": "Sovereign country", "FORMAL_EN": "Islamic State of Afghanistan", "FORMAL_FR": null, "POP_EST": 34124811, "POP_RANK": 15, "GDP_MD_EST": 64080.0, "POP_YEAR": 2017, "LASTCENSUS": 1979, "GDP_YEAR": 2016, "ECONOMY": "7. Least developed region", "INCOME_GRP": "5. Low income", "FIPS_10_": "AF", "ISO_A2": "AF", "ISO_A3": "AFG", "ISO_A3_EH": "AFG", "ISO_N3": "004", "UN_A3": "004", "WB_A2": "AF", "WB_A3": "AFG", "CONTINENT": "Asia", "REGION_UN": "Asia", "SUBREGION": "Southern Asia", "REGION_WB": "South Asia", "NAME_AR": "أفغانستان", "NAME_BN": "আফগানিস্তান", "NAME_DE": "Afghanistan", "NAME_EN": "Afghanistan", "NAME_ES": "Afganistán", "NAME_FR": "Afghanistan", "NAME_EL": "Αφγανιστάν", "NAME_HI": "अफ़्गानिस्तान", "NAME_HU": "Afganisztán", "NAME_ID": "Afganistan", "NAME_IT": "Afghanistan", "NAME_JA": "アフガニスタン", "NAME_KO": "아프가니스탄", "NAME_NL": "Afghanistan", "NAME_PL": "Afganistan", "NAME_PT": "Afeganistão", "NAME_RU": "Афганистан", "NAME_SV": "Afghanistan", "NAME_TR": "Afganistan", "NAME_VI": "Afghanistan", "NAME_ZH": "阿富汗", "WB_NAME": "Afghanistan", "WB_RULES": "None", "WB_REGION": "SOA", "Shape_Leng": 52.765827068699998, "Shape_Area": 62.591664165899999 }, "geometry": { "type": "Polygon", "coordinates": [ [ [ 60.136060646466959, 33.264990887748098 ], [ 63.40627274166313, 37.373136296728447 ], [ 66.38526992853393, 38.452128528015237 ], [ 70.369057696146058, 34.202024910698583 ], [ 61.836939802279559, 26.887637784041502 ], [ 60.67644860035513, 28.25581150211033 ], [ 60.136060646466959, 33.264990887748098 ] ] ] } },
{ "type": "Feature", "properties": { "OBJECTID": 212, "featurecla": "Admin-0 country", "LEVEL": 2, "TYPE": "Dependency", "FORMAL_EN": null, "FORMAL_FR": null, "POP_EST": 4000, "POP_RANK": 4, "GDP_MD_EST": 160.0, "POP_YEAR": 2013, "LASTCENSUS": -99, "GDP_YEAR": 2013, "ECONOMY": "2. Developed region: nonG7", "INCOME_GRP": "2. High income: nonOECD", "FIPS_10_": "IO", "ISO_A2": "IO", "ISO_A3": "IOT", "ISO_A3_EH": "IOT", "ISO_N3": "086", "UN_A3": "-099", "WB_A2": "-99", "WB_A3": "IOT", "CONTINENT": "Seven seas (open ocean)", "REGION_UN": "Seven seas (open ocean)", "SUBREGION": "Seven seas (open ocean)", "REGION_WB": "Sub-Saharan Africa", "NAME_AR": "إقليم المحيط الهندي البريطاني", "NAME_BN": "ব্রিটিশ ভারত মহাসাগরীয় এলাকা", "NAME_DE": "Britisches Territorium im Indischen Ozean", "NAME_EN": "British Indian Ocean Territory", "NAME_ES": "Territorio Británico del Océano Índico", "NAME_FR": "Territoire britannique de l'océan Indien", "NAME_EL": "Βρετανικό Έδαφος Ινδικού Ωκεανού", "NAME_HI": "ब्रिटिश हिंद महासागर क्षेत्र", "NAME_HU": "Brit Indiai-óceáni Terület", "NAME_ID": "Wilayah Samudra Hindia Britania", "NAME_IT": "Territorio britannico dell'oceano Indiano", "NAME_JA": "イギリス領インド洋地域", "NAME_KO": "영국령 인도양 지역", "NAME_NL": "Brits Indische Oceaanterritorium", "NAME_PL": "Brytyjskie Terytorium Oceanu Indyjskiego", "NAME_PT": "Território Britânico do Oceano Índico", "NAME_RU": "Британская территория в Индийском океане", "NAME_SV": "Brittiska territoriet i Indiska oceanen", "NAME_TR": "Britanya Hint Okyanusu Toprakları", "NAME_VI": "Lãnh thổ Ấn Độ Dương thuộc Anh", "NAME_ZH": "英屬印度洋領地", "WB_NAME": "British Indian Ocean Territory (UK)", "WB_RULES": "Name in italic", "WB_REGION": "Other", "Shape_Leng": 1.1719564862, "Shape_Area": 0.00401627683 }, "geometry": { "type": "Polygon", "coordinates": [ [ [ 62.378184948064529, -0.705091114573284 ], [ 81.172112332200655, -2.423903383575216 ], [ 85.55403949320096, -4.918932440163593 ], [ 80.644117578172327, -28.893426322494761 ], [ 78.678999860777381, -28.738419408443264 ], [ 62.066873740180718, -10.332882939832006 ], [ 62.378184948064529, -0.705091114573284 ] ] ] } },
{ "type": "Feature", "properties": { "OBJECTID": 203, "featurecla": "Admin-0 country", "LEVEL": 2, "TYPE": "Sovereign country", "FORMAL_EN": "Republic of Mauritius", "FORMAL_FR": null, "POP_EST": 1356388, "POP_RANK": 12, "GDP_MD_EST": 25850.0, "POP_YEAR": 2017, "LASTCENSUS": 2011, "GDP_YEAR": 2016, "ECONOMY": "6. Developing region", "INCOME_GRP": "3. Upper middle income", "FIPS_10_": "MP", "ISO_A2": "MU", "ISO_A3": "MUS", "ISO_A3_EH": "MUS", "ISO_N3": "480", "UN_A3": "480", "WB_A2": "MU", "WB_A3": "MUS", "CONTINENT": "Seven seas (open ocean)", "REGION_UN": "Africa", "SUBREGION": "Eastern Africa", "REGION_WB": "Sub-Saharan Africa", "NAME_AR": "موريشيوس", "NAME_BN": "মরিশাস", "NAME_DE": "Mauritius", "NAME_EN": "Mauritius", "NAME_ES": "Mauricio", "NAME_FR": "Maurice", "NAME_EL": "Μαυρίκιος", "NAME_HI": "मॉरिशस", "NAME_HU": "Mauritius", "NAME_ID": "Mauritius", "NAME_IT": "Mauritius", "NAME_JA": "モーリシャス", "NAME_KO": "모리셔스", "NAME_NL": "Mauritius", "NAME_PL": "Mauritius", "NAME_PT": "Maurícia", "NAME_RU": "Маврикий", "NAME_SV": "Mauritius", "NAME_TR": "Mauritius", "NAME_VI": "Mauritius", "NAME_ZH": "毛里求斯", "WB_NAME": "Mauritius", "WB_RULES": "None", "WB_REGION": "AFR", "Shape_Leng": 2.31775937935, "Shape_Area": 0.17410360791000001 }, "geometry": { "type": "Polygon", "coordinates": [ [ [ 62.066873740180718, -10.332882939832006 ], [ 78.678999860777381, -28.738419408443264 ], [ 50.841767639647685, -39.47868027440844 ], [ 52.677242521142077, -14.300713073035718 ], [ 62.066873740180718, -10.332882939832006 ] ] ] } },
{ "type": "Feature", "properties": { "OBJECTID": 17, "featurecla": "Admin-0 country", "LEVEL": 2, "TYPE": "Sovereign country", "FORMAL_EN": "Islamic Republic of Pakistan", "FORMAL_FR": null, "POP_EST": 204924861, "POP_RANK": 17, "GDP_MD_EST": 988200.0, "POP_YEAR": 2017, "LASTCENSUS": 1998, "GDP_YEAR": 2016, "ECONOMY": "5. Emerging region: G20", "INCOME_GRP": "4. Lower middle income", "FIPS_10_": "PK", "ISO_A2": "PK", "ISO_A3": "PAK", "ISO_A3_EH": "PAK", "ISO_N3": "586", "UN_A3": "586", "WB_A2": "PK", "WB_A3": "PAK", "CONTINENT": "Asia", "REGION_UN": "Asia", "SUBREGION": "Southern Asia", "REGION_WB": "South Asia", "NAME_AR": "باكستان", "NAME_BN": "পাকিস্তান", "NAME_DE": "Pakistan", "NAME_EN": "Pakistan", "NAME_ES": "Pakistán", "NAME_FR": "Pakistan", "NAME_EL": "Πακιστάν", "NAME_HI": "पाकिस्तान", "NAME_HU": "Pakisztán", "NAME_ID": "Pakistan", "NAME_IT": "Pakistan", "NAME_JA": "パキスタン", "NAME_KO": "파키스탄", "NAME_NL": "Pakistan", "NAME_PL": "Pakistan", "NAME_PT": "Paquistão", "NAME_RU": "Пакистан", "NAME_SV": "Pakistan", "NAME_TR": "Pakistan", "NAME_VI": "Pakistan", "NAME_ZH": "巴基斯坦", "WB_NAME": "Pakistan", "WB_RULES": "Stops North of Kashmir Line of Control with India", "WB_REGION": "SOA", "Shape_Leng": 74.361469574799997, "Shape_Area": 81.710436153200007 }, "geometry": { "type": "Polygon", "coordinates": [ [ [ 61.836939802279559, 26.887637784041502 ], [ 70.369057696146058, 34.202024910698583 ], [ 77.071700070765189, 32.894134609274253 ], [ 76.694762114183987, 29.663557845310589 ], [ 68.051970252154447, 17.712972312226668 ], [ 62.177586236823032, 26.039755677592684 ], [ 61.836939802279559, 26.887637784041502 ] ] ] } },
{ "type": "Feature", "properties": { "OBJECTID": 41, "featurecla": "Admin-0 country", "LEVEL": 2, "TYPE": "Sovereign country", "FORMAL_EN": "Republic of Tajikistan", "FORMAL_FR": null, "POP_EST": 8468555, "POP_RANK": 13, "GDP_MD_EST": 25810.0, "POP_YEAR": 2017, "LASTCENSUS": 2010, "GDP_YEAR": 2016, "ECONOMY": "6. Developing region", "INCOME_GRP": "5. Low income", "FIPS_10_": "TI", "ISO_A2": "TJ", "ISO_A3": "TJK", "ISO_A3_EH": "TJK", "ISO_N3": "762", "UN_A3": "762", "WB_A2": "TJ", "WB_A3": "TJK", "CONTINENT": "Asia", "REGION_UN": "Asia", "SUBREGION": "Central Asia", "REGION_WB": "Europe & Central Asia", "NAME_AR": "طاجيكستان", "NAME_BN": "তাজিকিস্তান", "NAME_DE": "Tadschikistan", "NAME_EN": "Tajikistan", "NAME_ES": "Tayikistán", "NAME_FR": "Tadjikistan", "NAME_EL": "Τατζικιστάν", "NAME_HI": "ताजिकिस्तान", "NAME_HU": "Tádzsikisztán", "NAME_ID": "Tajikistan", "NAME_IT": "Tagikistan", "NAME_JA": "タジキスタン", "NAME_KO": "타지키스탄", "NAME_NL": "Tadzjikistan", "NAME_PL": "Tadżykistan", "NAME_PT": "Tajiquistão", "NAME_RU": "Таджикистан", "NAME_SV": "Tadzjikistan", "NAME_TR": "Tacikistan", "NAME_VI": "Tajikistan", "NAME_ZH": "塔吉克斯坦", "WB_NAME": "Tajikistan", "WB_RULES": "None", "WB_REGION": "ECA", "Shape_Leng": 36.692706236200003, "Shape_Area": 14.696673022800001 }, "geometry": { "type": "Polygon", "coordinates": [ [ [ 68.244705743769387, 42.991525846783567 ], [ 69.789874215596654, 43.590094184155113 ], [ 77.860977082207597, 33.884412813954043 ], [ 77.071700070765189, 32.894134609274253 ], [ 70.369057696146058, 34.202024910698583 ], [ 66.38526992853393, 38.452128528015237 ], [ 68.244705743769387, 42.991525846783567 ] ] ] } },
{ "type": "Feature", "properties": { "OBJECTID": 67, "featurecla": "Admin-0 country", "LEVEL": 2, "TYPE": "Sovereign country", "FORMAL_EN": "Kyrgyz Republic", "FORMAL_FR": null, "POP_EST": 5789122, "POP_RANK": 13, "GDP_MD_EST": 21010.0, "POP_YEAR": 2017, "LASTCENSUS": 2009, "GDP_YEAR": 2016, "ECONOMY": "6. Developing region", "INCOME_GRP": "5. Low income", "FIPS_10_": "KG", "ISO_A2": "KG", "ISO_A3": "KGZ", "ISO_A3_EH": "KGZ", "ISO_N3": "417", "UN_A3": "417", "WB_A2": "KG", "WB_A3": "KGZ", "CONTINENT": "Asia", "REGION_UN": "Asia", "SUBREGION": "Central Asia", "REGION_WB": "Europe & Central Asia", "NAME_AR": "قيرغيزستان", "NAME_BN": "কির্গিজস্তান", "NAME_DE": "Kirgisistan", "NAME_EN": "Kyrgyzstan", "NAME_ES": "Kirguistán", "NAME_FR": "Kirghizistan", "NAME_EL": "Κιργιζία", "NAME_HI": "किर्गिज़स्तान", "NAME_HU": "Kirgizisztán", "NAME_ID": "Kirgizstan", "NAME_IT": "Kirghizistan", "NAME_JA": "キルギス", "NAME_KO": "키르기스스탄", "NAME_NL": "Kirgizië", "NAME_PL": "Kirgistan", "NAME_PT": "Quirguistão", "NAME_RU": "Киргизия", "NAME_SV": "Kirgizistan", "NAME_TR": "Kırgızistan", "NAME_VI": "Kyrgyzstan", "NAME_ZH": "吉尔吉斯斯坦", "WB_NAME": "Kyrgyz Republic", "WB_RULES": "Don't use Kyrgyzstan", "WB_REGION": "ECA", "Shape_Leng": 40.582566536400002, "Shape_Area": 21.448826455599999 }, "geometry": { "type": "Polygon", "coordinates": [ [ [ 81.444578121280088, 56.221468108991694 ], [ 87.820987554758972, 49.342894674292019 ], [ 89.195343184121569, 42.036770999174074 ], [ 88.93065919050845, 41.737726957300652 ], [ 77.860977082207597, 33.884412813954043 ], [ 69.789874215596654, 43.590094184155113 ], [ 81.444578121280088, 56.221468108991694 ] ] ] } },
{ "type": "Feature", "properties": { "OBJECTID": 201, "featurecla": "Admin-0 country", "LEVEL": 2, "TYPE": "Dependency", "FORMAL_EN": "Territory of Heard Island and McDonald Islands", "FORMAL_FR": null, "POP_EST": 0, "POP_RANK": 1, "GDP_MD_EST": 0.0, "POP_YEAR": 2017, "LASTCENSUS": -99, "GDP_YEAR": 2016, "ECONOMY": "7. Least developed region", "INCOME_GRP": "5. Low income", "FIPS_10_": "HM", "ISO_A2": "HM", "ISO_A3": "HMD", "ISO_A3_EH": "HMD", "ISO_N3": "334", "UN_A3": "-099", "WB_A2": "-99", "WB_A3": "HMD", "CONTINENT": "Seven seas (open ocean)", "REGION_UN": "Seven seas (open ocean)", "SUBREGION": "Seven seas (open ocean)", "REGION_WB": "Sub-Saharan Africa", "NAME_AR": "جزيرة هيرد وجزر ماكدونالد", "NAME_BN": "হার্ড দ্বীপ এবং ম্যাকডোনাল্ড দ্বীপপুঞ্জ", "NAME_DE": "Heard und McDonaldinseln", "NAME_EN": "Heard Island and McDonald Islands", "NAME_ES": "Islas Heard y McDonald", "NAME_FR": "îles Heard-et-MacDonald", "NAME_EL": "Νήσοι Χερντ και Μακντόναλντ", "NAME_HI": "हर्ड द्वीप और मैकडोनाल्ड द्वीप", "NAME_HU": "Heard-sziget és McDonald-szigetek", "NAME_ID": "Pulau Heard dan Kepulauan McDonald", "NAME_IT": "Isole Heard e McDonald", "NAME_JA": "ハード島とマクドナルド諸島", "NAME_KO": "허드 맥도널드 제도", "NAME_NL": "Heard en McDonaldeilanden", "NAME_PL": "Wyspy Heard i McDonalda", "NAME_PT": "Ilha Heard e Ilhas McDonald", "NAME_RU": "Остров Херд и острова Макдональд", "NAME_SV": "Heard- och McDonaldöarna", "NAME_TR": "Heard Adası ve McDonald Adaları", "NAME_VI": "Đảo Heard và quần đảo McDonald", "NAME_ZH": "赫德島和麥克唐納群島", "WB_NAME": "Heard Island and McDonald Islands (Aus.)", "WB_RULES": "Name in italic", "WB_REGION": "Other", "Shape_Leng": 1.4122821888099999, "Shape_Area": 0.05295397851 }, "geometry": { "type": "Polygon", "coordinates": [ [ [ 50.72991422226368, -74.091500619259619 ], [ 86.847417505742996, -33.580916359505316 ], [ 106.388450840449394, -44.739233971555464 ], [ 119.555027563248743, -74.091500619259619 ], [ 50.72991422226368, -74.091500619259619 ] ] ] } },
{ "type": "Feature", "properties": { "OBJECTID": 8, "featurecla": "Admin-0 country", "LEVEL": 2, "TYPE": "Sovereign country", "FORMAL_EN": "Republic of India", "FORMAL_FR": null, "POP_EST": 1281935911, "POP_RANK": 18, "GDP_MD_EST": 8721000.0, "POP_YEAR": 2017, "LASTCENSUS": 2011, "GDP_YEAR": 2016, "ECONOMY": "3. Emerging region: BRIC", "INCOME_GRP": "4. Lower middle income", "FIPS_10_": "IN", "ISO_A2": "IN", "ISO_A3": "IND", "ISO_A3_EH": "IND", "ISO_N3": "356", "UN_A3": "356", "WB_A2": "IN", "WB_A3": "IND", "CONTINENT": "Asia", "REGION_UN": "Asia", "SUBREGION": "Southern Asia", "REGION_WB": "South Asia", "NAME_AR": "الهند", "NAME_BN": "ভারত", "NAME_DE": "Indien", "NAME_EN": "India", "NAME_ES": "India", "NAME_FR": "Inde", "NAME_EL": "Ινδία", "NAME_HI": "भारत", "NAME_HU": "India", "NAME_ID": "India", "NAME_IT": "India", "NAME_JA": "インド", "NAME_KO": "인도", "NAME_NL": "India", "NAME_PL": "Indie", "NAME_PT": "Índia", "NAME_RU": "Индия", "NAME_SV": "Indien", "NAME_TR": "Hindistan", "NAME_VI": "Ấn Độ", "NAME_ZH": "印度", "WB_NAME": "India", "WB_RULES": "Stops South of Kashmir Line of Control with Pakistan", "WB_REGION": "SOA", "Shape_Leng": 199.04702445000001, "Shape_Area": 272.304351424 }, "geometry": { "type": "Polygon", "coordinates": [ [ [ 76.694762114183987, 29.663557845310589 ], [ 84.806708036756177, 22.781478256473996 ], [ 85.499878303148222, 15.71475230526892 ], [ 72.51712646983745, 14.485360230945972 ], [ 68.22746813098496, 15.836462514265397 ], [ 68.051970252154447, 17.712972312226668 ], [ 76.694762114183987, 29.663557845310589 ] ] ] } },
{ "type": "Feature", "properties": { "OBJECTID": 239, "featurecla": "Admin-0 country", "LEVEL": 2, "TYPE": "Dependency", "FORMAL_EN": null, "FORMAL_FR": null, "POP_EST": 2801, "POP_RANK": 4, "GDP_MD_EST": 42.02, "POP_YEAR": 2017, "LASTCENSUS": -99, "GDP_YEAR": 2016, "ECONOMY": "2. Developed region: nonG7", "INCOME_GRP": "2. High income: nonOECD", "FIPS_10_": "-99", "ISO_A2": "-99", "ISO_A3": "-99", "ISO_A3_EH": "-99", "ISO_N3": "-99", "UN_A3": "-099", "WB_A2": "-99", "WB_A3": "CCK", "CONTINENT": "Asia", "REGION_UN": "Seven seas (open ocean)", "SUBREGION": "Seven seas (open ocean)", "REGION_WB": "East Asia & Pacific", "NAME_AR": "أقاليم المحيط الهندي الأسترالية", "NAME_BN": "অস্ট্রেলিয়ান ভারত মহাসাগর অঞ্চল", "NAME_DE": "Australische Territorien im Indischen Ozean", "NAME_EN": "Australian Indian Ocean Territories", "NAME_ES": "Territorios Australianos del Océano Índico", "NAME_FR": "Territoires extérieurs australiens de l'Océan Indien", "NAME_EL": "Αυστραλέζικο Έδαφος Ινδικού Ωκεανού", "NAME_HI": "हिंद महासागर के ऑस्ट्रेलियाई क्षेत्र", "NAME_HU": "Ausztrál Indiai-óceáni Terület", "NAME_ID": "Wilayah Samudra Hindia Australia", "NAME_IT": "Australian Indian Ocean Territories", "NAME_JA": "オーストラリア領インド洋地域", "NAME_KO": "호주령 인도양 지역", "NAME_NL": "Cocoseilanden", "NAME_PL": "Australijskie Terytorium Oceanu Indyjskiego", "NAME_PT": "Territórios australianos do Oceano Índico", "NAME_RU": "Австралийские территории в Индийском океане", "NAME_SV": "Australienska indiska oceanens havsområde", "NAME_TR": "Australian Indian Ocean Territories", "NAME_VI": "Vùng lãnh thổ Ấn Độ Dương thuộc Úc", "NAME_ZH": "澳屬印度洋領地", "WB_NAME": "Cocos (Keeling) Islands (Aus.)", "WB_RULES": "Name in italic", "WB_REGION": "Other", "Shape_Leng": 0.31873779757999998, "Shape_Area": 0.00109705996 }, "geometry": { "type": "Polygon", "coordinates": [ [ [ 80.644117578172327, -28.893426322494761 ], [ 85.55403949320096, -4.918932440163593 ], [ 90.891900138682715, -0.559458740648843 ], [ 100.107911394699428, -5.289183988382209 ], [ 107.217914985213554, -42.437177725060337 ], [ 106.388450840449394, -44.739233971555464 ], [ 86.847417505742996, -33.580916359505316 ], [ 80.644117578172327, -28.893426322494761 ] ] ] } },
{ "type": "Feature", "properties": { "OBJECTID": 140, "featurecla": "Admin-0 country", "LEVEL": 2, "TYPE": "Sovereign country", "FORMAL_EN": "Nepal", "FORMAL_FR": null, "POP_EST": 29384297, "POP_RANK": 15, "GDP_MD_EST": 71520.0, "POP_YEAR": 2017, "LASTCENSUS": 2001, "GDP_YEAR": 2016, "ECONOMY": "7. Least developed region", "INCOME_GRP": "5. Low income", "FIPS_10_": "NP", "ISO_A2": "NP", "ISO_A3": "NPL", "ISO_A3_EH": "NPL", "ISO_N3": "524", "UN_A3": "524", "WB_A2": "NP", "WB_A3": "NPL", "CONTINENT": "Asia", "REGION_UN": "Asia", "SUBREGION": "Southern Asia", "REGION_WB": "South Asia", "NAME_AR": "نيبال", "NAME_BN": "নেপাল", "NAME_DE": "Nepal", "NAME_EN": "Nepal", "NAME_ES": "Nepal", "NAME_FR": "Népal", "NAME_EL": "Νεπάλ", "NAME_HI": "नेपाल", "NAME_HU": "Nepál", "NAME_ID": "Nepal", "NAME_IT": "Nepal", "NAME_JA": "ネパール", "NAME_KO": "네팔", "NAME_NL": "Nepal", "NAME_PL": "Nepal", "NAME_PT": "Nepal", "NAME_RU": "Непал", "NAME_SV": "Nepal", "NAME_TR": "Nepal", "NAME_VI": "Nepal", "NAME_ZH": "尼泊尔", "WB_NAME": "Nepal", "WB_RULES": "None", "WB_REGION": "SOA", "Shape_Leng": 25.112498487100002, "Shape_Area": 13.5278467961 }, "geometry": { "type": "Polygon", "coordinates": [ [ [ 77.071700070765189, 32.894134609274253 ], [ 77.860977082207597, 33.884412813954043 ], [ 88.93065919050845, 41.737726957300652 ], [ 86.899883450955926, 25.789238545120565 ], [ 84.806708036756177, 22.781478256473996 ], [ 76.694762114183987, 29.663557845310589 ], [ 77.071700070765189, 32.894134609274253 ] ] ] } },
{ "type": "Feature", "properties": { "OBJECTID": 170, "featurecla": "Admin-0 country", "LEVEL": 2, "TYPE": "Sovereign country", "FORMAL_EN": "Democratic Socialist Republic of Sri Lanka", "FORMAL_FR": null, "POP_EST": 22409381, "POP_RANK": 15, "GDP_MD_EST": 236700.0, "POP_YEAR": 2017, "LASTCENSUS": 2001, "GDP_YEAR": 2016, "ECONOMY": "6. Developing region", "INCOME_GRP": "4. Lower middle income", "FIPS_10_": "CE", "ISO_A2": "LK", "ISO_A3": "LKA", "ISO_A3_EH": "LKA", "ISO_N3": "144", "UN_A3": "144", "WB_A2": "LK", "WB_A3": "LKA", "CONTINENT": "Asia", "REGION_UN": "Asia", "SUBREGION": "Southern Asia", "REGION_WB": "South Asia", "NAME_AR": "سريلانكا", "NAME_BN": "শ্রীলঙ্কা", "NAME_DE": "Sri Lanka", "NAME_EN": "Sri Lanka", "NAME_ES": "Sri Lanka", "NAME_FR": "Sri Lanka", "NAME_EL": "Σρι Λάνκα", "NAME_HI": "श्रीलंका", "NAME_HU": "Srí Lanka", "NAME_ID": "Sri Lanka", "NAME_IT": "Sri Lanka", "NAME_JA": "スリランカ", "NAME_KO": "스리랑카", "NAME_NL": "Sri Lanka", "NAME_PL": "Sri Lanka", "NAME_PT": "Sri Lanka", "NAME_RU": "Шри-Ланка", "NAME_SV": "Sri Lanka", "NAME_TR": "Sri Lanka", "NAME_VI": "Sri Lanka", "NAME_ZH": "斯里蘭卡", "WB_NAME": "Sri Lanka", "WB_RULES": "None", "WB_REGION": "SOA", "Shape_Leng": 17.956902878000001, "Shape_Area": 5.4328732005199996 }, "geometry": { "type": "Polygon", "coordinates": [ [ [ 72.51712646983745, 14.485360230945972 ], [ 85.499878303148222, 15.71475230526892 ], [ 89.457159567587041, 13.388910519215884 ], [ 90.595537466160124, 12.062840463301512 ], [ 92.738554312929608, 6.261188282181978 ], [ 90.891900138682715, -0.559458740648843 ], [ 85.55403949320096, -4.918932440163593 ], [ 81.172112332200655, -2.423903383575216 ], [ 72.51712646983745, 14.485360230945972 ] ] ] } },
{ "type": "Feature", "properties": { "OBJECTID": 31, "featurecla": "Admin-0 country", "LEVEL": 2, "TYPE": "Sovereign country", "FORMAL_EN": "Kingdom of Bhutan", "FORMAL_FR": null, "POP_EST": 758288, "POP_RANK": 11, "GDP_MD_EST": 6432.0, "POP_YEAR": 2017, "LASTCENSUS": 2005, "GDP_YEAR": 2016, "ECONOMY": "7. Least developed region", "INCOME_GRP": "4. Lower middle income", "FIPS_10_": "BT", "ISO_A2": "BT", "ISO_A3": "BTN", "ISO_A3_EH": "BTN", "ISO_N3": "064", "UN_A3": "064", "WB_A2": "BT", "WB_A3": "BTN", "CONTINENT": "Asia", "REGION_UN": "Asia", "SUBREGION": "Southern Asia", "REGION_WB": "South Asia", "NAME_AR": "بوتان", "NAME_BN": "ভূটান", "NAME_DE": "Bhutan", "NAME_EN": "Bhutan", "NAME_ES": "Bután", "NAME_FR": "Bhoutan", "NAME_EL": "Μπουτάν", "NAME_HI": "भूटान", "NAME_HU": "Bhután", "NAME_ID": "Bhutan", "NAME_IT": "Bhutan", "NAME_JA": "ブータン", "NAME_KO": "부탄", "NAME_NL": "Bhutan", "NAME_PL": "Bhutan", "NAME_PT": "Butão", "NAME_RU": "Бутан", "NAME_SV": "Bhutan", "NAME_TR": "Bhutan", "NAME_VI": "Bhutan", "NAME_ZH": "不丹", "WB_NAME": "Bhutan", "WB_RULES": "None", "WB_REGION": "SOA", "Shape_Leng": 9.8898453664300003, "Shape_Area": 3.6840268424299998 }, "geometry": { "type": "Polygon", "coordinates": [ [ [ 88.93065919050845, 41.737726957300652 ], [ 89.195343184121569, 42.036770999174074 ], [ 91.393315414748216, 40.603649360128564 ], [ 98.825336823543111, 29.527615213435642 ], [ 94.622382719584891, 25.438407767724861 ], [ 86.899883450955926, 25.789238545120565 ], [ 88.93065919050845, 41.737726957300652 ] ] ] } },
{ "type": "Feature", "properties": { "OBJECTID": 124, "featurecla": "Admin-0 country", "LEVEL": 2, "TYPE": "Sovereign country", "FORMAL_EN": "People's Republic of Bangladesh", "FORMAL_FR": null, "POP_EST": 157826578, "POP_RANK": 17, "GDP_MD_EST": 628400.0, "POP_YEAR": 2017, "LASTCENSUS": 2011, "GDP_YEAR": 2016, "ECONOMY": "7. Least developed region", "INCOME_GRP": "5. Low income", "FIPS_10_": "BG", "ISO_A2": "BD", "ISO_A3": "BGD", "ISO_A3_EH": "BGD", "ISO_N3": "050", "UN_A3": "050", "WB_A2": "BD", "WB_A3": "BGD", "CONTINENT": "Asia", "REGION_UN": "Asia", "SUBREGION": "Southern Asia", "REGION_WB": "South Asia", "NAME_AR": "بنغلاديش", "NAME_BN": "বাংলাদেশ", "NAME_DE": "Bangladesch", "NAME_EN": "Bangladesh", "NAME_ES": "Bangladés", "NAME_FR": "Bangladesh", "NAME_EL": "Μπανγκλαντές", "NAME_HI": "बांग्लादेश", "NAME_HU": "Banglades", "NAME_ID": "Bangladesh", "NAME_IT": "Bangladesh", "NAME_JA": "バングラデシュ", "NAME_KO": "방글라데시", "NAME_NL": "Bangladesh", "NAME_PL": "Bangladesz", "NAME_PT": "Bangladesh", "NAME_RU": "Бангладеш", "NAME_SV": "Bangladesh", "NAME_TR": "Bangladeş", "NAME_VI": "Bangladesh", "NAME_ZH": "孟加拉国", "WB_NAME": "Bangladesh", "WB_RULES": "None", "WB_REGION": "SOA", "Shape_Leng": 53.187135259000001, "Shape_Area": 12.1362447814 }, "geometry": { "type": "Polygon", "coordinates": [ [ [ 84.806708036756177, 22.781478256473996 ], [ 86.899883450955926, 25.789238545120565 ], [ 94.622382719584891, 25.438407767724861 ], [ 89.457159567587041, 13.388910519215884 ], [ 85.499878303148222, 15.71475230526892 ], [ 84.806708036756177, 22.781478256473996 ] ] ] } },
{ "type": "Feature", "properties": { "OBJECTID": 123, "featurecla": "Admin-0 country", "LEVEL": 2, "TYPE": "Sovereign country", "FORMAL_EN": "Republic of the Union of Myanmar", "FORMAL_FR": null, "POP_EST": 55123814, "POP_RANK": 16, "GDP_MD_EST": 311100.0, "POP_YEAR": 2017, "LASTCENSUS": 1983, "GDP_YEAR": 2016, "ECONOMY": "7. Least developed region", "INCOME_GRP": "5. Low income", "FIPS_10_": "BM", "ISO_A2": "MM", "ISO_A3": "MMR", "ISO_A3_EH": "MMR", "ISO_N3": "104", "UN_A3": "104", "WB_A2": "MM", "WB_A3": "MMR", "CONTINENT": "Asia", "REGION_UN": "Asia", "SUBREGION": "South-Eastern Asia", "REGION_WB": "East Asia & Pacific", "NAME_AR": "ميانمار", "NAME_BN": "মায়ানমার", "NAME_DE": "Myanmar", "NAME_EN": "Myanmar", "NAME_ES": "Birmania", "NAME_FR": "Birmanie", "NAME_EL": "Μιανμάρ", "NAME_HI": "म्यान्मार", "NAME_HU": "Mianmar", "NAME_ID": "Myanmar", "NAME_IT": "Birmania", "NAME_JA": "ミャンマー", "NAME_KO": "미얀마", "NAME_NL": "Myanmar", "NAME_PL": "Mjanma", "NAME_PT": "Mianmar", "NAME_RU": "Мьянма", "NAME_SV": "Burma", "NAME_TR": "Myanmar", "NAME_VI": "Myanma", "NAME_ZH": "缅甸", "WB_NAME": "Myanmar", "WB_RULES": "Don't use Burma", "WB_REGION": "EAP", "Shape_Leng": 106.244596583, "Shape_Area": 57.784528848000001 }, "geometry": { "type": "Polygon", "coordinates": [ [ [ 89.457159567587041, 13.388910519215884 ], [ 94.622382719584891, 25.438407767724861 ], [ 98.825336823543111, 29.527615213435642 ], [ 102.940733343104242, 27.523547337581203 ], [ 99.771933753995924, 18.905861974483354 ], [ 90.595537466160124, 12.062840463301512 ], [ 89.457159567587041, 13.388910519215884 ] ] ] } },
{ "type": "Feature", "properties": { "OBJECTID": 45, "featurecla": "Admin-0 country", "LEVEL": 2, "TYPE": "Sovereign country", "FORMAL_EN": "Mongolia", "FORMAL_FR": null, "POP_EST": 3068243, "POP_RANK": 12, "GDP_MD_EST": 37000.0, "POP_YEAR": 2017, "LASTCENSUS": 2010, "GDP_YEAR": 2016, "ECONOMY": "6. Developing region", "INCOME_GRP": "4. Lower middle income", "FIPS_10_": "MG", "ISO_A2": "MN", "ISO_A3": "MNG", "ISO_A3_EH": "MNG", "ISO_N3": "496", "UN_A3": "496", "WB_A2": "MN", "WB_A3": "MNG", "CONTINENT": "Asia", "REGION_UN": "Asia", "SUBREGION": "Eastern Asia", "REGION_WB": "East Asia & Pacific", "NAME_AR": "منغوليا", "NAME_BN": "মঙ্গোলিয়া", "NAME_DE": "Mongolei", "NAME_EN": "Mongolia", "NAME_ES": "Mongolia", "NAME_FR": "Mongolie", "NAME_EL": "Μογγολία", "NAME_HI": "मंगोलिया", "NAME_HU": "Mongólia", "NAME_ID": "Mongolia", "NAME_IT": "Mongolia", "NAME_JA": "モンゴル国", "NAME_KO": "몽골", "NAME_NL": "Mongolië", "NAME_PL": "Mongolia", "NAME_PT": "Mongólia", "NAME_RU": "Монголия", "NAME_SV": "Mongoliet", "NAME_TR": "Moğolistan", "NAME_VI": "Mông Cổ", "NAME_ZH": "蒙古国", "WB_NAME": "Mongolia", "WB_RULES": "None", "WB_REGION": "EAP", "Shape_Leng": 85.724071989199999, "Shape_Area": 184.602987128 }, "geometry": { "type": "Polygon", "coordinates": [ [ [ 87.820987554758972, 49.342894674292019 ], [ 120.544689258837735, 63.095739338463567 ], [ 114.896184838901803, 42.679124245301495 ], [ 91.393315414748216, 40.603649360128564 ], [ 89.195343184121569, 42.036770999174074 ], [ 87.820987554758972, 49.342894674292019 ] ] ] } },
{ "type": "Feature", "properties": { "OBJECTID": 107, "featurecla": "Admin-0 country", "LEVEL": 2, "TYPE": "Sovereign country", "FORMAL_EN": "Kingdom of Thailand", "FORMAL_FR": null, "POP_EST": 68414135, "POP_RANK": 16, "GDP_MD_EST": 1161000.0, "POP_YEAR": 2017, "LASTCENSUS": 2010, "GDP_YEAR": 2016, "ECONOMY": "5. Emerging region: G20", "INCOME_GRP": "3. Upper middle income", "FIPS_10_": "TH", "ISO_A2": "TH", "ISO_A3": "THA", "ISO_A3_EH": "THA", "ISO_N3": "764", "UN_A3": "764", "WB_A2": "TH", "WB_A3": "THA", "CONTINENT": "Asia", "REGION_UN": "Asia", "SUBREGION": "South-Eastern Asia", "REGION_WB": "East Asia & Pacific", "NAME_AR": "تايلاند", "NAME_BN": "থাইল্যান্ড", "NAME_DE": "Thailand", "NAME_EN": "Thailand", "NAME_ES": "Tailandia", "NAME_FR": "Thaïlande", "NAME_EL": "Ταϊλάνδη", "NAME_HI": "थाईलैण्ड", "NAME_HU": "Thaiföld", "NAME_ID": "Thailand", "NAME_IT": "Thailandia", "NAME_JA": "タイ王国", "NAME_KO": "태국", "NAME_NL": "Thailand", "NAME_PL": "Tajlandia", "NAME_PT": "Tailândia", "NAME_RU": "Таиланд", "NAME_SV": "Thailand", "NAME_TR": "Tayland", "NAME_VI": "Thái Lan", "NAME_ZH": "泰国", "WB_NAME": "Thailand", "WB_RULES": "None", "WB_REGION": "EAP", "Shape_Leng": 76.749023319499997, "Shape_Area": 43.323901900099997 }, "geometry": { "type": "Polygon", "coordinates": [ [ [ 99.771933753995924, 18.905861974483354 ], [ 103.691349501757955, 15.742312271223197 ], [ 103.814498309480527, 15.315292580441447 ], [ 99.036128183324905, 7.547732250312817 ], [ 92.738554312929608, 6.261188282181978 ], [ 90.595537466160124, 12.062840463301512 ], [ 99.771933753995924, 18.905861974483354 ] ] ] } },
{ "type": "Feature", "properties": { "OBJECTID": 9, "featurecla": "Admin-0 country", "LEVEL": 2, "TYPE": "Country", "FORMAL_EN": "People's Republic of China", "FORMAL_FR": null, "POP_EST": 1379302771, "POP_RANK": 18, "GDP_MD_EST": 21140000.0, "POP_YEAR": 2017, "LASTCENSUS": 2010, "GDP_YEAR": 2016, "ECONOMY": "3. Emerging region: BRIC", "INCOME_GRP": "3. Upper middle income", "FIPS_10_": "CH", "ISO_A2": "CN", "ISO_A3": "CHN", "ISO_A3_EH": "CHN", "ISO_N3": "156", "UN_A3": "156", "WB_A2": "CN", "WB_A3": "CHN", "CONTINENT": "Asia", "REGION_UN": "Asia", "SUBREGION": "Eastern Asia", "REGION_WB": "East Asia & Pacific", "NAME_AR": "جمهورية الصين الشعبية", "NAME_BN": "গণপ্রজাতন্ত্রী চীন", "NAME_DE": "Volksrepublik China", "NAME_EN": "People's Republic of China", "NAME_ES": "República Popular China", "NAME_FR": "République populaire de Chine", "NAME_EL": "Λαϊκή Δημοκρατία της Κίνας", "NAME_HI": "चीनी जनवादी गणराज्य", "NAME_HU": "Kína", "NAME_ID": "Republik Rakyat Tiongkok", "NAME_IT": "Cina", "NAME_JA": "中華人民共和国", "NAME_KO": "중화인민공화국", "NAME_NL": "Volksrepubliek China", "NAME_PL": "Chińska Republika Ludowa", "NAME_PT": "China", "NAME_RU": "Китайская Народная Республика", "NAME_SV": "Kina", "NAME_TR": "Çin Halk Cumhuriyeti", "NAME_VI": "Cộng hòa Nhân dân Trung Hoa", "NAME_ZH": "中华人民共和国", "WB_NAME": "China", "WB_RULES": "None", "WB_REGION": "EAP", "Shape_Leng": 376.66709473100002, "Shape_Area": 951.36484990400004 }, "geometry": { "type": "Polygon", "coordinates": [ [ [ 115.891794882174679, 36.309329851633997 ], [ 115.87970225540586, 34.364894965997543 ], [ 110.601969823153127, 30.569949225228566 ], [ 105.978507185990239, 27.485052546228431 ], [ 102.940733343104242, 27.523547337581203 ], [ 98.825336823543111, 29.527615213435642 ], [ 91.393315414748216, 40.603649360128564 ], [ 114.896184838901803, 42.679124245301495 ], [ 115.891794882174679, 36.309329851633997 ] ] ] } },
{ "type": "Feature", "properties": { "OBJECTID": 25, "featurecla": "Admin-0 country", "LEVEL": 2, "TYPE": "Sovereign country", "FORMAL_EN": "Democratic People's Republic of Korea", "FORMAL_FR": null, "POP_EST": 25248140, "POP_RANK": 15, "GDP_MD_EST": 40000.0, "POP_YEAR": 2013, "LASTCENSUS": 2009, "GDP_YEAR": 2016, "ECONOMY": "7. Least developed region", "INCOME_GRP": "5. Low income", "FIPS_10_": "KN", "ISO_A2": "KP", "ISO_A3": "PRK", "ISO_A3_EH": "PRK", "ISO_N3": "408", "UN_A3": "408", "WB_A2": "KP", "WB_A3": "PRK", "CONTINENT": "Asia", "REGION_UN": "Asia", "SUBREGION": "Eastern Asia", "REGION_WB": "East Asia & Pacific", "NAME_AR": "كوريا الشمالية", "NAME_BN": "উত্তর কোরিয়া", "NAME_DE": "Nordkorea", "NAME_EN": "North Korea", "NAME_ES": "Corea del Norte", "NAME_FR": "Corée du Nord", "NAME_EL": "Βόρεια Κορέα", "NAME_HI": "उत्तर कोरिया", "NAME_HU": "Észak-Korea", "NAME_ID": "Korea Utara", "NAME_IT": "Corea del Nord", "NAME_JA": "朝鮮民主主義人民共和国", "NAME_KO": "조선민주주의인민공화국", "NAME_NL": "Noord-Korea", "NAME_PL": "Korea Północna", "NAME_PT": "Coreia do Norte", "NAME_RU": "Корейская Народно-Демократическая Республика", "NAME_SV": "Nordkorea", "NAME_TR": "Kuzey Kore", "NAME_VI": "Cộng hòa Dân chủ Nhân dân Triều Tiên", "NAME_ZH": "朝鲜民主主义人民共和国", "WB_NAME": "Korea, Democratic People's Republic of", "WB_RULES": "Always have \"Democratic People's Republic of\" before \"Korea\"", "WB_REGION": "Other", "Shape_Leng": 35.332276977100001, "Shape_Area": 12.9380459346 }, "geometry": { "type": "Polygon", "coordinates": [ [ [ 145.897348458128675, 94.148272087766884 ], [ 132.64768452888103, 39.12756466787603 ], [ 115.891794882174679, 36.309329851633997 ], [ 114.896184838901803, 42.679124245301495 ], [ 120.544689258837735, 63.095739338463567 ], [ 142.777747303645469, 94.148272087766884 ], [ 145.897348458128675, 94.148272087766884 ] ] ] } },
{ "type": "Feature", "properties": { "OBJECTID": 164, "featurecla": "Admin-0 country", "LEVEL": 2, "TYPE": "Country", "FORMAL_EN": "Commonwealth of Australia", "FORMAL_FR": null, "POP_EST": 23232413, "POP_RANK": 15, "GDP_MD_EST": 1189000.0, "POP_YEAR": 2017, "LASTCENSUS": 2006, "GDP_YEAR": 2016, "ECONOMY": "2. Developed region: nonG7", "INCOME_GRP": "1. High income: OECD", "FIPS_10_": "AS", "ISO_A2": "AU", "ISO_A3": "AUS", "ISO_A3_EH": "AUS", "ISO_N3": "036", "UN_A3": "036", "WB_A2": "AU", "WB_A3": "AUS", "CONTINENT": "Oceania", "REGION_UN": "Oceania", "SUBREGION": "Australia and New Zealand", "REGION_WB": "East Asia & Pacific", "NAME_AR": "أستراليا", "NAME_BN": "অস্ট্রেলিয়া", "NAME_DE": "Australien", "NAME_EN": "Australia", "NAME_ES": "Australia", "NAME_FR": "Australie", "NAME_EL": "Αυστραλία", "NAME_HI": "ऑस्ट्रेलिया", "NAME_HU": "Ausztrália", "NAME_ID": "Australia", "NAME_IT": "Australia", "NAME_JA": "オーストラリア", "NAME_KO": "오스트레일리아", "NAME_NL": "Australië", "NAME_PL": "Australia", "NAME_PT": "Austrália", "NAME_RU": "Австралия", "NAME_SV": "Australien", "NAME_TR": "Avustralya", "NAME_VI": "Úc", "NAME_ZH": "澳大利亚", "WB_NAME": "Australia", "WB_RULES": "None", "WB_REGION": "Other", "Shape_Leng": 322.96728447200002, "Shape_Area": 695.90931827899999 }, "geometry": { "type": "Polygon", "coordinates": [ [ [ 119.555027563248743, -74.091500619259619 ], [ 106.388450840449394, -44.739233971555464 ], [ 107.217914985213554, -42.437177725060337 ], [ 116.945265252254458, -24.036271356112408 ], [ 136.328818746264119, -14.131525202405619 ], [ 148.805846100186812, -21.088594899052548 ], [ 150.680427599762595, -27.63155741090651 ], [ 150.986058979692586, -29.785870621607259 ], [ 149.89058053767647, -40.885726922009717 ], [ 135.437351705328894, -74.091500619259619 ], [ 119.555027563248743, -74.091500619259619 ] ] ] } },
{ "type": "Feature", "properties": { "OBJECTID": 213, "featurecla": "Admin-0 country", "LEVEL": 2, "TYPE": "Sovereign country", "FORMAL_EN": "Republic of Singapore", "FORMAL_FR": null, "POP_EST": 5888926, "POP_RANK": 13, "GDP_MD_EST": 487900.0, "POP_YEAR": 2017, "LASTCENSUS": 2010, "GDP_YEAR": 2016, "ECONOMY": "6. Developing region", "INCOME_GRP": "2. High income: nonOECD", "FIPS_10_": "SN", "ISO_A2": "SG", "ISO_A3": "SGP", "ISO_A3_EH": "SGP", "ISO_N3": "702", "UN_A3": "702", "WB_A2": "SG", "WB_A3": "SGP", "CONTINENT": "Asia", "REGION_UN": "Asia", "SUBREGION": "South-Eastern Asia", "REGION_WB": "East Asia & Pacific", "NAME_AR": "سنغافورة", "NAME_BN": "সিঙ্গাপুর", "NAME_DE": "Singapur", "NAME_EN": "Singapore", "NAME_ES": "Singapur", "NAME_FR": "Singapour", "NAME_EL": "Σιγκαπούρη", "NAME_HI": "सिंगापुर", "NAME_HU": "Szingapúr", "NAME_ID": "Singapura", "NAME_IT": "Singapore", "NAME_JA": "シンガポール", "NAME_KO": "싱가포르", "NAME_NL": "Singapore", "NAME_PL": "Singapur", "NAME_PT": "Singapura", "NAME_RU": "Сингапур", "NAME_SV": "Singapore", "NAME_TR": "Singapur", "NAME_VI": "Singapore", "NAME_ZH": "新加坡", "WB_NAME": "Singapore", "WB_RULES": "None", "WB_REGION": "Other", "Shape_Leng": 0.87298778175000002, "Shape_Area": 0.04148507618 }, "geometry": { "type": "Polygon", "coordinates": [ [ [ 99.036128183324905, 7.547732250312817 ], [ 104.934259489674588, 6.981979595759634 ], [ 109.40813116203401, -3.83816942614809 ], [ 100.107911394699428, -5.289183988382209 ], [ 90.891900138682715, -0.559458740648843 ], [ 92.738554312929608, 6.261188282181978 ], [ 99.036128183324905, 7.547732250312817 ] ] ] } },
{ "type": "Feature", "properties": { "OBJECTID": 24, "featurecla": "Admin-0 country", "LEVEL": 2, "TYPE": "Sovereign country", "FORMAL_EN": "Republic of Korea", "FORMAL_FR": null, "POP_EST": 51181299, "POP_RANK": 16, "GDP_MD_EST": 1929000.0, "POP_YEAR": 2017, "LASTCENSUS": 2010, "GDP_YEAR": 2016, "ECONOMY": "4. Emerging region: MIKT", "INCOME_GRP": "1. High income: OECD", "FIPS_10_": "KS", "ISO_A2": "KR", "ISO_A3": "KOR", "ISO_A3_EH": "KOR", "ISO_N3": "410", "UN_A3": "410", "WB_A2": "KR", "WB_A3": "KOR", "CONTINENT": "Asia", "REGION_UN": "Asia", "SUBREGION": "Eastern Asia", "REGION_WB": "East Asia & Pacific", "NAME_AR": "كوريا الجنوبية", "NAME_BN": "দক্ষিণ কোরিয়া", "NAME_DE": "Südkorea", "NAME_EN": "South Korea", "NAME_ES": "Corea del Sur", "NAME_FR": "Corée du Sud", "NAME_EL": "Νότια Κορέα", "NAME_HI": "दक्षिण कोरिया", "NAME_HU": "Dél-Korea", "NAME_ID": "Korea Selatan", "NAME_IT": "Corea del Sud", "NAME_JA": "大韓民国", "NAME_KO": "대한민국", "NAME_NL": "Zuid-Korea", "NAME_PL": "Korea Południowa", "NAME_PT": "Coreia do Sul", "NAME_RU": "Республика Корея", "NAME_SV": "Sydkorea", "NAME_TR": "Güney Kore", "NAME_VI": "Hàn Quốc", "NAME_ZH": "大韩民国", "WB_NAME": "Korea, Republic of", "WB_RULES": "Always have \"Republic of\" before \"Korea\"", "WB_REGION": "EAP", "Shape_Leng": 50.667601502499998, "Shape_Area": 9.8980482194199997 }, "geometry": { "type": "Polygon", "coordinates": [ [ [ 115.891794882174679, 36.309329851633997 ], [ 132.64768452888103, 39.12756466787603 ], [ 134.372839280307829, 24.247338966780301 ], [ 132.535544912875281, 22.623848549245388 ], [ 126.675786415067662, 23.801167534717759 ], [ 115.87970225540586, 34.364894965997543 ], [ 115.891794882174679, 36.309329851633997 ] ] ] } },
{ "type": "Feature", "properties": { "OBJECTID": 66, "featurecla": "Admin-0 country", "LEVEL": 2, "TYPE": "Sovereign country", "FORMAL_EN": "Lao People's Democratic Republic", "FORMAL_FR": null, "POP_EST": 7126706, "POP_RANK": 13, "GDP_MD_EST": 40960.0, "POP_YEAR": 2017, "LASTCENSUS": 2005, "GDP_YEAR": 2016, "ECONOMY": "7. Least developed region", "INCOME_GRP": "4. Lower middle income", "FIPS_10_": "LA", "ISO_A2": "LA", "ISO_A3": "LAO", "ISO_A3_EH": "LAO", "ISO_N3": "418", "UN_A3": "418", "WB_A2": "LA", "WB_A3": "LAO", "CONTINENT": "Asia", "REGION_UN": "Asia", "SUBREGION": "South-Eastern Asia", "REGION_WB": "East Asia & Pacific", "NAME_AR": "لاوس", "NAME_BN": "লাওস", "NAME_DE": "Laos", "NAME_EN": "Laos", "NAME_ES": "Laos", "NAME_FR": "Laos", "NAME_EL": "Λάος", "NAME_HI": "लाओस", "NAME_HU": "Laosz", "NAME_ID": "Laos", "NAME_IT": "Laos", "NAME_JA": "ラオス", "NAME_KO": "라오스", "NAME_NL": "Laos", "NAME_PL": "Laos", "NAME_PT": "Laos", "NAME_RU": "Лаос", "NAME_SV": "Laos", "NAME_TR": "Laos", "NAME_VI": "Lào", "NAME_ZH": "老挝", "WB_NAME": "Lao People's Democratic Republic", "WB_RULES": "Always have \"People's Democratic Republic\" after \"Lao\"", "WB_REGION": "EAP", "Shape_Leng": 40.585999880899998, "Shape_Area": 19.528700295899998 }, "geometry": { "type": "Polygon", "coordinates": [ [ [ 102.940733343104242, 27.523547337581203 ], [ 105.978507185990239, 27.485052546228431 ], [ 108.093446073344154, 21.807974335793823 ], [ 103.691349501757955, 15.742312271223197 ], [ 99.771933753995924, 18.905861974483354 ], [ 102.940733343104242, 27.523547337581203 ] ] ] } },
{ "type": "Feature", "properties": { "OBJECTID": 54, "featurecla": "Admin-0 country", "LEVEL": 2, "TYPE": "Sovereign country", "FORMAL_EN": "Socialist Republic of Vietnam", "FORMAL_FR": null, "POP_EST": 96160163, "POP_RANK": 16, "GDP_MD_EST": 594900.0, "POP_YEAR": 2017, "LASTCENSUS": 2009, "GDP_YEAR": 2016, "ECONOMY": "5. Emerging region: G20", "INCOME_GRP": "4. Lower middle income", "FIPS_10_": "VM", "ISO_A2": "VN", "ISO_A3": "VNM", "ISO_A3_EH": "VNM", "ISO_N3": "704", "UN_A3": "704", "WB_A2": "VN", "WB_A3": "VNM", "CONTINENT": "Asia", "REGION_UN": "Asia", "SUBREGION": "South-Eastern Asia", "REGION_WB": "East Asia & Pacific", "NAME_AR": "فيتنام", "NAME_BN": "ভিয়েতনাম", "NAME_DE": "Vietnam", "NAME_EN": "Vietnam", "NAME_ES": "Vietnam", "NAME_FR": "Viêt Nam", "NAME_EL": "Βιετνάμ", "NAME_HI": "वियतनाम", "NAME_HU": "Vietnám", "NAME_ID": "Vietnam", "NAME_IT": "Vietnam", "NAME_JA": "ベトナム", "NAME_KO": "베트남", "NAME_NL": "Vietnam", "NAME_PL": "Wietnam", "NAME_PT": "Vietname", "NAME_RU": "Вьетнам", "NAME_SV": "Vietnam", "NAME_TR": "Vietnam", "NAME_VI": "Việt Nam", "NAME_ZH": "越南", "WB_NAME": "Vietnam", "WB_RULES": "Name in one word", "WB_REGION": "EAP", "Shape_Leng": 87.719844068900002, "Shape_Area": 27.945060756499998 }, "geometry": { "type": "Polygon", "coordinates": [ [ [ 103.691349501757955, 15.742312271223197 ], [ 108.093446073344154, 21.807974335793823 ], [ 114.390270492297105, 13.531937612438899 ], [ 114.294417739567407, 13.206345141663459 ], [ 112.750540881979774, 12.133482994179268 ], [ 103.814498309480527, 15.315292580441447 ], [ 103.691349501757955, 15.742312271223197 ] ] ] } },
{ "type": "Feature", "properties": { "OBJECTID": 2, "featurecla": "Admin-0 country", "LEVEL": 2, "TYPE": "Sovereign country", "FORMAL_EN": "Malaysia", "FORMAL_FR": null, "POP_EST": 31381992, "POP_RANK": 15, "GDP_MD_EST": 863000.0, "POP_YEAR": 2017, "LASTCENSUS": 2010, "GDP_YEAR": 2016, "ECONOMY": "6. Developing region", "INCOME_GRP": "3. Upper middle income", "FIPS_10_": "MY", "ISO_A2": "MY", "ISO_A3": "MYS", "ISO_A3_EH": "MYS", "ISO_N3": "458", "UN_A3": "458", "WB_A2": "MY", "WB_A3": "MYS", "CONTINENT": "Asia", "REGION_UN": "Asia", "SUBREGION": "South-Eastern Asia", "REGION_WB": "East Asia & Pacific", "NAME_AR": "ماليزيا", "NAME_BN": "মালয়েশিয়া", "NAME_DE": "Malaysia", "NAME_EN": "Malaysia", "NAME_ES": "Malasia", "NAME_FR": "Malaisie", "NAME_EL": "Μαλαισία", "NAME_HI": "मलेशिया", "NAME_HU": "Malajzia", "NAME_ID": "Malaysia", "NAME_IT": "Malesia", "NAME_JA": "マレーシア", "NAME_KO": "말레이시아", "NAME_NL": "Maleisië", "NAME_PL": "Malezja", "NAME_PT": "Malásia", "NAME_RU": "Малайзия", "NAME_SV": "Malaysia", "NAME_TR": "Malezya", "NAME_VI": "Malaysia", "NAME_ZH": "马来西亚", "WB_NAME": "Malaysia", "WB_RULES": "None", "WB_REGION": "EAP", "Shape_Leng": 68.456912617, "Shape_Area": 26.703172158000001 }, "geometry": { "type": "Polygon", "coordinates": [ [ [ 111.312225816411427, 10.410036825214524 ], [ 112.818972657320614, -0.053177584019231 ], [ 109.737896632554936, -3.931347953048516 ], [ 109.40813116203401, -3.83816942614809 ], [ 104.934259489674588, 6.981979595759634 ], [ 111.312225816411427, 10.410036825214524 ] ] ] } },
{ "type": "Feature", "properties": { "OBJECTID": 55, "featurecla": "Admin-0 country", "LEVEL": 2, "TYPE": "Sovereign country", "FORMAL_EN": "Kingdom of Cambodia", "FORMAL_FR": null, "POP_EST": 16204486, "POP_RANK": 14, "GDP_MD_EST": 58940.0, "POP_YEAR": 2017, "LASTCENSUS": 2008, "GDP_YEAR": 2016, "ECONOMY": "7. Least developed region", "INCOME_GRP": "5. Low income", "FIPS_10_": "CB", "ISO_A2": "KH", "ISO_A3": "KHM", "ISO_A3_EH": "KHM", "ISO_N3": "116", "UN_A3": "116", "WB_A2": "KH", "WB_A3": "KHM", "CONTINENT": "Asia", "REGION_UN": "Asia", "SUBREGION": "South-Eastern Asia", "REGION_WB": "East Asia & Pacific", "NAME_AR": "كمبوديا", "NAME_BN": "কম্বোডিয়া", "NAME_DE": "Kambodscha", "NAME_EN": "Cambodia", "NAME_ES": "Camboya", "NAME_FR": "Cambodge", "NAME_EL": "Καμπότζη", "NAME_HI": "कम्बोडिया", "NAME_HU": "Kambodzsa", "NAME_ID": "Kamboja", "NAME_IT": "Cambogia", "NAME_JA": "カンボジア", "NAME_KO": "캄보디아", "NAME_NL": "Cambodja", "NAME_PL": "Kambodża", "NAME_PT": "Camboja", "NAME_RU": "Камбоджа", "NAME_SV": "Kambodja", "NAME_TR": "Kamboçya", "NAME_VI": "Campuchia", "NAME_ZH": "柬埔寨", "WB_NAME": "Cambodia", "WB_RULES": "None", "WB_REGION": "EAP", "Shape_Leng": 26.0326129245, "Shape_Area": 15.0716947 }, "geometry": { "type": "Polygon", "coordinates": [ [ [ 104.934259489674588, 6.981979595759634 ], [ 99.036128183324905, 7.547732250312817 ], [ 103.814498309480527, 15.315292580441447 ], [ 112.750540881979774, 12.133482994179268 ], [ 111.312225816411427, 10.410036825214524 ], [ 104.934259489674588, 6.981979595759634 ] ] ] } },
{ "type": "Feature", "properties": { "OBJECTID": 234, "featurecla": "Admin-0 country", "LEVEL": 2, "TYPE": "Country", "FORMAL_EN": "Macao Special Administrative Region, PRC", "FORMAL_FR": null, "POP_EST": 601969, "POP_RANK": 11, "GDP_MD_EST": 63220.0, "POP_YEAR": 2017, "LASTCENSUS": 2011, "GDP_YEAR": 2016, "ECONOMY": "6. Developing region", "INCOME_GRP": "2. High income: nonOECD", "FIPS_10_": "MC", "ISO_A2": "MO", "ISO_A3": "MAC", "ISO_A3_EH": "MAC", "ISO_N3": "446", "UN_A3": "446", "WB_A2": "MO", "WB_A3": "MAC", "CONTINENT": "Asia", "REGION_UN": "Asia", "SUBREGION": "Eastern Asia", "REGION_WB": "East Asia & Pacific", "NAME_AR": "ماكاو", "NAME_BN": "মাকাও", "NAME_DE": "Macau", "NAME_EN": "Macau", "NAME_ES": "Macao", "NAME_FR": "Macao", "NAME_EL": "Μακάου", "NAME_HI": "मकाउ", "NAME_HU": "Makaó", "NAME_ID": "Makau", "NAME_IT": "Macao", "NAME_JA": "マカオ", "NAME_KO": "마카오", "NAME_NL": "Macau", "NAME_PL": "Makau", "NAME_PT": "Macau", "NAME_RU": "Макао", "NAME_SV": "Macao", "NAME_TR": "Makao", "NAME_VI": "Ma Cao", "NAME_ZH": "澳門", "WB_NAME": "Macau (SAR, China)", "WB_RULES": "Name it as a regular Chinese province", "WB_REGION": "EAP", "Shape_Leng": 0.42364627151000001, "Shape_Area": 0.00263327858 }, "geometry": { "type": "Polygon", "coordinates": [ [ [ 108.093446073344154, 21.807974335793823 ], [ 105.978507185990239, 27.485052546228431 ], [ 110.601969823153127, 30.569949225228566 ], [ 116.509637682757443, 15.433046391430027 ], [ 114.390270492297105, 13.531937612438899 ], [ 108.093446073344154, 21.807974335793823 ] ] ] } },
{ "type": "Feature", "properties": { "OBJECTID": 240, "featurecla": "Admin-0 country", "LEVEL": 2, "TYPE": "Dependency", "FORMAL_EN": null, "FORMAL_FR": null, "POP_EST": 2801, "POP_RANK": 4, "GDP_MD_EST": 42.02, "POP_YEAR": 2017, "LASTCENSUS": -99, "GDP_YEAR": 2016, "ECONOMY": "2. Developed region: nonG7", "INCOME_GRP": "2. High income: nonOECD", "FIPS_10_": "-99", "ISO_A2": "-99", "ISO_A3": "-99", "ISO_A3_EH": "-99", "ISO_N3": "-99", "UN_A3": "-099", "WB_A2": "-99", "WB_A3": "CXR", "CONTINENT": "Asia", "REGION_UN": "Seven seas (open ocean)", "SUBREGION": "Seven seas (open ocean)", "REGION_WB": "East Asia & Pacific", "NAME_AR": "أقاليم المحيط الهندي الأسترالية", "NAME_BN": "অস্ট্রেলিয়ান ভারত মহাসাগর অঞ্চল", "NAME_DE": "Australische Territorien im Indischen Ozean", "NAME_EN": "Australian Indian Ocean Territories", "NAME_ES": "Territorios Australianos del Océano Índico", "NAME_FR": "Territoires extérieurs australiens de l'Océan Indien", "NAME_EL": "Αυστραλέζικο Έδαφος Ινδικού Ωκεανού", "NAME_HI": "हिंद महासागर के ऑस्ट्रेलियाई क्षेत्र", "NAME_HU": "Ausztrál Indiai-óceáni Terület", "NAME_ID": "Wilayah Samudra Hindia Australia", "NAME_IT": "Australian Indian Ocean Territories", "NAME_JA": "オーストラリア領インド洋地域", "NAME_KO": "호주령 인도양 지역", "NAME_NL": "Cocoseilanden", "NAME_PL": "Australijskie Terytorium Oceanu Indyjskiego", "NAME_PT": "Territórios australianos do Oceano Índico", "NAME_RU": "Австралийские территории в Индийском океане", "NAME_SV": "Australienska indiska oceanens havsområde", "NAME_TR": "Australian Indian Ocean Territories", "NAME_VI": "Vùng lãnh thổ Ấn Độ Dương thuộc Úc", "NAME_ZH": "澳屬印度洋領地", "WB_NAME": "Christmas Island (Aus.)", "WB_RULES": "Name in italic", "WB_REGION": "Other", "Shape_Leng": 0.48992766105000002, "Shape_Area": 0.00815292199 }, "geometry": { "type": "Polygon", "coordinates": [ [ [ 116.945265252254458, -24.036271356112408 ], [ 107.217914985213554, -42.437177725060337 ], [ 100.107911394699428, -5.289183988382209 ], [ 109.40813116203401, -3.83816942614809 ], [ 109.737896632554936, -3.931347953048516 ], [ 116.011314343028232, -12.737288222423203 ], [ 116.945265252254458, -24.036271356112408 ] ] ] } },
{ "type": "Feature", "properties": { "OBJECTID": 115, "featurecla": "Admin-0 country", "LEVEL": 2, "TYPE": "Sovereign country", "FORMAL_EN": "Democratic Republic of Timor-Leste", "FORMAL_FR": null, "POP_EST": 1291358, "POP_RANK": 12, "GDP_MD_EST": 4975.0, "POP_YEAR": 2017, "LASTCENSUS": 2010, "GDP_YEAR": 2016, "ECONOMY": "7. Least developed region", "INCOME_GRP": "4. Lower middle income", "FIPS_10_": "TT", "ISO_A2": "TL", "ISO_A3": "TLS", "ISO_A3_EH": "TLS", "ISO_N3": "626", "UN_A3": "626", "WB_A2": "TP", "WB_A3": "TMP", "CONTINENT": "Asia", "REGION_UN": "Asia", "SUBREGION": "South-Eastern Asia", "REGION_WB": "East Asia & Pacific", "NAME_AR": "تيمور الشرقية", "NAME_BN": "পূর্ব তিমুর", "NAME_DE": "Osttimor", "NAME_EN": "East Timor", "NAME_ES": "Timor Oriental", "NAME_FR": "Timor oriental", "NAME_EL": "Ανατολικό Τιμόρ", "NAME_HI": "पूर्वी तिमोर", "NAME_HU": "Kelet-Timor", "NAME_ID": "Timor Leste", "NAME_IT": "Timor Est", "NAME_JA": "東ティモール", "NAME_KO": "동티모르", "NAME_NL": "Oost-Timor", "NAME_PL": "Timor Wschodni", "NAME_PT": "Timor-Leste", "NAME_RU": "Восточный Тимор", "NAME_SV": "Östtimor", "NAME_TR": "Doğu Timor", "NAME_VI": "Đông Timor", "NAME_ZH": "东帝汶", "WB_NAME": "Timor-Leste", "WB_RULES": "Don't use East Timor", "WB_REGION": "EAP", "Shape_Leng": 8.2535052232399995, "Shape_Area": 1.2395866417700001 }, "geometry": { "type": "Polygon", "coordinates": [ [ [ 116.011314343028232, -12.737288222423203 ], [ 126.608517439832994, 1.038400204422493 ], [ 135.028846973096591, -3.427321814400333 ], [ 136.328818746264119, -14.131525202405619 ], [ 116.945265252254458, -24.036271356112408 ], [ 116.011314343028232, -12.737288222423203 ] ] ] } },
{ "type": "Feature", "properties": { "OBJECTID": 1, "featurecla": "Admin-0 country", "LEVEL": 2, "TYPE": "Sovereign country", "FORMAL_EN": "Republic of Indonesia", "FORMAL_FR": null, "POP_EST": 260580739, "POP_RANK": 17, "GDP_MD_EST": 3028000.0, "POP_YEAR": 2017, "LASTCENSUS": 2010, "GDP_YEAR": 2016, "ECONOMY": "4. Emerging region: MIKT", "INCOME_GRP": "4. Lower middle income", "FIPS_10_": "ID", "ISO_A2": "ID", "ISO_A3": "IDN", "ISO_A3_EH": "IDN", "ISO_N3": "360", "UN_A3": "360", "WB_A2": "ID", "WB_A3": "IDN", "CONTINENT": "Asia", "REGION_UN": "Asia", "SUBREGION": "South-Eastern Asia", "REGION_WB": "East Asia & Pacific", "NAME_AR": "إندونيسيا", "NAME_BN": "ইন্দোনেশিয়া", "NAME_DE": "Indonesien", "NAME_EN": "Indonesia", "NAME_ES": "Indonesia", "NAME_FR": "Indonésie", "NAME_EL": "Ινδονησία", "NAME_HI": "इंडोनेशिया", "NAME_HU": "Indonézia", "NAME_ID": "Indonesia", "NAME_IT": "Indonesia", "NAME_JA": "インドネシア", "NAME_KO": "인도네시아", "NAME_NL": "Indonesië", "NAME_PL": "Indonezja", "NAME_PT": "Indonésia", "NAME_RU": "Индонезия", "NAME_SV": "Indonesien", "NAME_TR": "Endonezya", "NAME_VI": "Indonesia", "NAME_ZH": "印度尼西亚", "WB_NAME": "Indonesia", "WB_RULES": "None", "WB_REGION": "EAP", "Shape_Leng": 495.02991816500003, "Shape_Area": 153.07860773 }, "geometry": { "type": "Polygon", "coordinates": [ [ [ 112.818972657320614, -0.053177584019231 ], [ 122.753584727228855, 3.695724726493697 ], [ 125.820551792656147, 2.466819461690125 ], [ 126.608517439832994, 1.038400204422493 ], [ 116.011314343028232, -12.737288222423203 ], [ 109.737896632554936, -3.931347953048516 ], [ 112.818972657320614, -0.053177584019231 ] ] ] } },
{ "type": "Feature", "properties": { "OBJECTID": 116, "featurecla": "Admin-0 country", "LEVEL": 2, "TYPE": "Sovereign country", "FORMAL_EN": "Negara Brunei Darussalam", "FORMAL_FR": null, "POP_EST": 443593, "POP_RANK": 10, "GDP_MD_EST": 33730.0, "POP_YEAR": 2017, "LASTCENSUS": 2001, "GDP_YEAR": 2016, "ECONOMY": "6. Developing region", "INCOME_GRP": "2. High income: nonOECD", "FIPS_10_": "BX", "ISO_A2": "BN", "ISO_A3": "BRN", "ISO_A3_EH": "BRN", "ISO_N3": "096", "UN_A3": "096", "WB_A2": "BN", "WB_A3": "BRN", "CONTINENT": "Asia", "REGION_UN": "Asia", "SUBREGION": "South-Eastern Asia", "REGION_WB": "East Asia & Pacific", "NAME_AR": "بروناي", "NAME_BN": "ব্রুনাই", "NAME_DE": "Brunei", "NAME_EN": "Brunei", "NAME_ES": "Brunéi", "NAME_FR": "Brunei", "NAME_EL": "Μπρουνέι", "NAME_HI": "ब्रुनेई", "NAME_HU": "Brunei", "NAME_ID": "Brunei Darussalam", "NAME_IT": "Brunei", "NAME_JA": "ブルネイ", "NAME_KO": "브루나이", "NAME_NL": "Brunei", "NAME_PL": "Brunei", "NAME_PT": "Brunei", "NAME_RU": "Бруней", "NAME_SV": "Brunei", "NAME_TR": "Brunei", "NAME_VI": "Brunei", "NAME_ZH": "文莱", "WB_NAME": "Brunei Darussalam", "WB_RULES": "None", "WB_REGION": "Other", "Shape_Leng": 5.2706027030399998, "Shape_Area": 0.46583653575 }, "geometry": { "type": "Polygon", "coordinates": [ [ [ 112.750540881979774, 12.133482994179268 ], [ 114.294417739567407, 13.206345141663459 ], [ 122.753584727228855, 3.695724726493697 ], [ 112.818972657320614, -0.053177584019231 ], [ 111.312225816411427, 10.410036825214524 ], [ 112.750540881979774, 12.133482994179268 ] ] ] } },
{ "type": "Feature", "properties": { "OBJECTID": 169, "featurecla": "Admin-0 country", "LEVEL": 2, "TYPE": "Sovereign country", "FORMAL_EN": "Republic of the Philippines", "FORMAL_FR": null, "POP_EST": 104256076, "POP_RANK": 17, "GDP_MD_EST": 801900.0, "POP_YEAR": 2017, "LASTCENSUS": 2010, "GDP_YEAR": 2016, "ECONOMY": "5. Emerging region: G20", "INCOME_GRP": "4. Lower middle income", "FIPS_10_": "RP", "ISO_A2": "PH", "ISO_A3": "PHL", "ISO_A3_EH": "PHL", "ISO_N3": "608", "UN_A3": "608", "WB_A2": "PH", "WB_A3": "PHL", "CONTINENT": "Asia", "REGION_UN": "Asia", "SUBREGION": "South-Eastern Asia", "REGION_WB": "East Asia & Pacific", "NAME_AR": "الفلبين", "NAME_BN": "ফিলিপাইন", "NAME_DE": "Philippinen", "NAME_EN": "Philippines", "NAME_ES": "Filipinas", "NAME_FR": "Philippines", "NAME_EL": "Φιλιππίνες", "NAME_HI": "फ़िलीपीन्स", "NAME_HU": "Fülöp-szigetek", "NAME_ID": "Filipina", "NAME_IT": "Filippine", "NAME_JA": "フィリピン", "NAME_KO": "필리핀", "NAME_NL": "Filipijnen", "NAME_PL": "Filipiny", "NAME_PT": "Filipinas", "NAME_RU": "Филиппины", "NAME_SV": "Filippinerna", "NAME_TR": "Filipinler", "NAME_VI": "Philippines", "NAME_ZH": "菲律宾", "WB_NAME": "Philippines", "WB_RULES": "None", "WB_REGION": "EAP", "Shape_Leng": 157.22290659199999, "Shape_Area": 24.371221235499998 }, "geometry": { "type": "Polygon", "coordinates": [ [ [ 114.390270492297105, 13.531937612438899 ], [ 116.509637682757443, 15.433046391430027 ], [ 126.675786415067662, 23.801167534717759 ], [ 132.535544912875281, 22.623848549245388 ], [ 132.968588187426036, 20.431011473391692 ], [ 125.820551792656147, 2.466819461690125 ], [ 122.753584727228855, 3.695724726493697 ], [ 114.294417739567407, 13.206345141663459 ], [ 114.390270492297105, 13.531937612438899 ] ] ] } },
{ "type": "Feature", "properties": { "OBJECTID": 162, "featurecla": "Admin-0 country", "LEVEL": 2, "TYPE": "Country", "FORMAL_EN": "Hong Kong Special Administrative Region, PRC", "FORMAL_FR": null, "POP_EST": 7191503, "POP_RANK": 13, "GDP_MD_EST": 427400.0, "POP_YEAR": 2017, "LASTCENSUS": 2006, "GDP_YEAR": 2016, "ECONOMY": "6. Developing region", "INCOME_GRP": "2. High income: nonOECD", "FIPS_10_": "HK", "ISO_A2": "HK", "ISO_A3": "HKG", "ISO_A3_EH": "HKG", "ISO_N3": "344", "UN_A3": "344", "WB_A2": "HK", "WB_A3": "HKG", "CONTINENT": "Asia", "REGION_UN": "Asia", "SUBREGION": "Eastern Asia", "REGION_WB": "East Asia & Pacific", "NAME_AR": "هونغ كونغ", "NAME_BN": "হংকং", "NAME_DE": "Hongkong", "NAME_EN": "Hong Kong", "NAME_ES": "Hong Kong", "NAME_FR": "Hong Kong", "NAME_EL": "Χονγκ Κονγκ", "NAME_HI": "हांगकांग", "NAME_HU": "Hongkong", "NAME_ID": "Hong Kong", "NAME_IT": "Hong Kong", "NAME_JA": "香港", "NAME_KO": "홍콩", "NAME_NL": "Hongkong", "NAME_PL": "Hongkong", "NAME_PT": "Hong Kong", "NAME_RU": "Гонконг", "NAME_SV": "Hongkong", "NAME_TR": "Hong Kong", "NAME_VI": "Hồng Kông", "NAME_ZH": "香港", "WB_NAME": "Hong Kong (SAR, China)", "WB_RULES": "Name it as a regular Chinese province", "WB_REGION": "EAP", "Shape_Leng": 4.2549733715700002, "Shape_Area": 0.09086578181 }, "geometry": { "type": "Polygon", "coordinates": [ [ [ 115.87970225540586, 34.364894965997543 ], [ 126.675786415067662, 23.801167534717759 ], [ 116.509637682757443, 15.433046391430027 ], [ 110.601969823153127, 30.569949225228566 ], [ 115.87970225540586, 34.364894965997543 ] ] ] } },
{ "type": "Feature", "properties": { "OBJECTID": 156, "featurecla": "Admin-0 country", "LEVEL": 2, "TYPE": "Sovereign country", "FORMAL_EN": "Independent State of Papua New Guinea", "FORMAL_FR": null, "POP_EST": 6909701, "POP_RANK": 13, "GDP_MD_EST": 28020.0, "POP_YEAR": 2017, "LASTCENSUS": 2000, "GDP_YEAR": 2016, "ECONOMY": "6. Developing region", "INCOME_GRP": "4. Lower middle income", "FIPS_10_": "PP", "ISO_A2": "PG", "ISO_A3": "PNG", "ISO_A3_EH": "PNG", "ISO_N3": "598", "UN_A3": "598", "WB_A2": "PG", "WB_A3": "PNG", "CONTINENT": "Oceania", "REGION_UN": "Oceania", "SUBREGION": "Melanesia", "REGION_WB": "East Asia & Pacific", "NAME_AR": "بابوا غينيا الجديدة", "NAME_BN": "পাপুয়া নিউগিনি", "NAME_DE": "Papua-Neuguinea", "NAME_EN": "Papua New Guinea", "NAME_ES": "Papúa Nueva Guinea", "NAME_FR": "Papouasie-Nouvelle-Guinée", "NAME_EL": "Παπούα Νέα Γουινέα", "NAME_HI": "पापुआ न्यू गिनी", "NAME_HU": "Pápua Új-Guinea", "NAME_ID": "Papua Nugini", "NAME_IT": "Papua Nuova Guinea", "NAME_JA": "パプアニューギニア", "NAME_KO": "파푸아뉴기니", "NAME_NL": "Papoea-Nieuw-Guinea", "NAME_PL": "Papua-Nowa Gwinea", "NAME_PT": "Papua-Nova Guiné", "NAME_RU": "Папуа-Новая Гвинея", "NAME_SV": "Papua Nya Guinea", "NAME_TR": "Papua Yeni Gine", "NAME_VI": "Papua New Guinea", "NAME_ZH": "巴布亚新几内亚", "WB_NAME": "Papua New Guinea", "WB_RULES": "None", "WB_REGION": "EAP", "Shape_Leng": 108.308260261, "Shape_Area": 38.043667654499998 }, "geometry": { "type": "Polygon", "coordinates": [ [ [ 135.028846973096591, -3.427321814400333 ], [ 143.673316867406044, 3.456178313661354 ], [ 145.880171259351926, 3.507109340734308 ], [ 153.382623946020658, -2.092404942586368 ], [ 150.695934263523952, -17.959008139723316 ], [ 148.805846100186812, -21.088594899052548 ], [ 136.328818746264119, -14.131525202405619 ], [ 135.028846973096591, -3.427321814400333 ] ] ] } },
{ "type": "Feature", "properties": { "OBJECTID": 229, "featurecla": "Admin-0 country", "LEVEL": 2, "TYPE": "Sovereign country", "FORMAL_EN": "Republic of Palau", "FORMAL_FR": null, "POP_EST": 21431, "POP_RANK": 7, "GDP_MD_EST": 276.0, "POP_YEAR": 2017, "LASTCENSUS": 2010, "GDP_YEAR": 2016, "ECONOMY": "6. Developing region", "INCOME_GRP": "3. Upper middle income", "FIPS_10_": "PS", "ISO_A2": "PW", "ISO_A3": "PLW", "ISO_A3_EH": "PLW", "ISO_N3": "585", "UN_A3": "585", "WB_A2": "PW", "WB_A3": "PLW", "CONTINENT": "Oceania", "REGION_UN": "Oceania", "SUBREGION": "Micronesia", "REGION_WB": "East Asia & Pacific", "NAME_AR": "بالاو", "NAME_BN": "পালাউ", "NAME_DE": "Palau", "NAME_EN": "Palau", "NAME_ES": "Palaos", "NAME_FR": "Palaos", "NAME_EL": "Παλάου", "NAME_HI": "पलाउ", "NAME_HU": "Palau", "NAME_ID": "Palau", "NAME_IT": "Palau", "NAME_JA": "パラオ", "NAME_KO": "팔라우", "NAME_NL": "Palau", "NAME_PL": "Palau", "NAME_PT": "Palau", "NAME_RU": "Палау", "NAME_SV": "Palau", "NAME_TR": "Palau", "NAME_VI": "Palau", "NAME_ZH": "帛琉", "WB_NAME": "Palau", "WB_RULES": "None", "WB_REGION": "EAP", "Shape_Leng": 2.4839248891199999, "Shape_Area": 0.04028052265 }, "geometry": { "type": "Polygon", "coordinates": [ [ [ 125.820551792656147, 2.466819461690125 ], [ 132.968588187426036, 20.431011473391692 ], [ 135.057298656801919, 17.835029407803873 ], [ 143.673316867406044, 3.456178313661354 ], [ 135.028846973096591, -3.427321814400333 ], [ 126.608517439832994, 1.038400204422493 ], [ 125.820551792656147, 2.466819461690125 ] ] ] } },
{ "type": "Feature", "properties": { "OBJECTID": 175, "featurecla": "Admin-0 country", "LEVEL": 2, "TYPE": "Sovereign country", "FORMAL_EN": "Japan", "FORMAL_FR": null, "POP_EST": 126451398, "POP_RANK": 17, "GDP_MD_EST": 4932000.0, "POP_YEAR": 2017, "LASTCENSUS": 2010, "GDP_YEAR": 2016, "ECONOMY": "1. Developed region: G7", "INCOME_GRP": "1. High income: OECD", "FIPS_10_": "JA", "ISO_A2": "JP", "ISO_A3": "JPN", "ISO_A3_EH": "JPN", "ISO_N3": "392", "UN_A3": "392", "WB_A2": "JP", "WB_A3": "JPN", "CONTINENT": "Asia", "REGION_UN": "Asia", "SUBREGION": "Eastern Asia", "REGION_WB": "East Asia & Pacific", "NAME_AR": "اليابان", "NAME_BN": "জাপান", "NAME_DE": "Japan", "NAME_EN": "Japan", "NAME_ES": "Japón", "NAME_FR": "Japon", "NAME_EL": "Ιαπωνία", "NAME_HI": "जापान", "NAME_HU": "Japán", "NAME_ID": "Jepang", "NAME_IT": "Giappone", "NAME_JA": "日本", "NAME_KO": "일본", "NAME_NL": "Japan", "NAME_PL": "Japonia", "NAME_PT": "Japão", "NAME_RU": "Япония", "NAME_SV": "Japan", "NAME_TR": "Japonya", "NAME_VI": "Nhật Bản", "NAME_ZH": "日本", "WB_NAME": "Japan", "WB_RULES": "None", "WB_REGION": "Other", "Shape_Leng": 155.113996542, "Shape_Area": 38.171382640399997 }, "geometry": { "type": "Polygon", "coordinates": [ [ [ 194.19215362805835, 94.148272087766884 ], [ 154.164048597516683, 31.328962345063932 ], [ 134.372839280307829, 24.247338966780301 ], [ 132.64768452888103, 39.12756466787603 ], [ 145.897348458128675, 94.148272087766884 ], [ 194.19215362805835, 94.148272087766884 ] ] ] } },
{ "type": "Feature", "properties": { "OBJECTID": 231, "featurecla": "Admin-0 country", "LEVEL": 2, "TYPE": "Dependency", "FORMAL_EN": "Commonwealth of the Northern Mariana Islands", "FORMAL_FR": null, "POP_EST": 52263, "POP_RANK": 8, "GDP_MD_EST": 682.0, "POP_YEAR": 2017, "LASTCENSUS": 2010, "GDP_YEAR": 2013, "ECONOMY": "6. Developing region", "INCOME_GRP": "2. High income: nonOECD", "FIPS_10_": "CQ", "ISO_A2": "MP", "ISO_A3": "MNP", "ISO_A3_EH": "MNP", "ISO_N3": "580", "UN_A3": "580", "WB_A2": "MP", "WB_A3": "MNP", "CONTINENT": "Oceania", "REGION_UN": "Oceania", "SUBREGION": "Micronesia", "REGION_WB": "East Asia & Pacific", "NAME_AR": "جزر ماريانا الشمالية", "NAME_BN": "উত্তর মারিয়ানা দ্বীপপুঞ্জ", "NAME_DE": "Nördliche Marianen", "NAME_EN": "Northern Mariana Islands", "NAME_ES": "Islas Marianas del Norte", "NAME_FR": "îles Mariannes du Nord", "NAME_EL": "Βόρειες Μαριάνες Νήσοι", "NAME_HI": "उत्तरी मारियाना द्वीप", "NAME_HU": "Északi-Mariana-szigetek", "NAME_ID": "Kepulauan Mariana Utara", "NAME_IT": "Isole Marianne Settentrionali", "NAME_JA": "北マリアナ諸島", "NAME_KO": "북마리아나 제도", "NAME_NL": "Noordelijke Marianen", "NAME_PL": "Mariany Północne", "NAME_PT": "Marianas Setentrionais", "NAME_RU": "Северные Марианские острова", "NAME_SV": "Nordmarianerna", "NAME_TR": "Kuzey Mariana Adaları", "NAME_VI": "Quần đảo Bắc Mariana", "NAME_ZH": "北马里亚纳群岛", "WB_NAME": "Northern Mariana Islands (US)", "WB_RULES": "Name in italic", "WB_REGION": "Other", "Shape_Leng": 2.90500459672, "Shape_Area": 0.04899514457 }, "geometry": { "type": "Polygon", "coordinates": [ [ [ 132.535544912875281, 22.623848549245388 ], [ 134.372839280307829, 24.247338966780301 ], [ 154.164048597516683, 31.328962345063932 ], [ 156.150649009891907, 17.5617865132653 ], [ 151.696622270779585, 12.926836785043939 ], [ 135.057298656801919, 17.835029407803873 ], [ 132.968588187426036, 20.431011473391692 ], [ 132.535544912875281, 22.623848549245388 ] ] ] } },
{ "type": "Feature", "properties": { "OBJECTID": 230, "featurecla": "Admin-0 country", "LEVEL": 2, "TYPE": "Dependency", "FORMAL_EN": "Territory of Guam", "FORMAL_FR": null, "POP_EST": 167358, "POP_RANK": 9, "GDP_MD_EST": 4882.0, "POP_YEAR": 2017, "LASTCENSUS": 2010, "GDP_YEAR": 2013, "ECONOMY": "6. Developing region", "INCOME_GRP": "2. High income: nonOECD", "FIPS_10_": "GQ", "ISO_A2": "GU", "ISO_A3": "GUM", "ISO_A3_EH": "GUM", "ISO_N3": "316", "UN_A3": "316", "WB_A2": "GU", "WB_A3": "GUM", "CONTINENT": "Oceania", "REGION_UN": "Oceania", "SUBREGION": "Micronesia", "REGION_WB": "East Asia & Pacific", "NAME_AR": "غوام", "NAME_BN": "গুয়াম", "NAME_DE": "Guam", "NAME_EN": "Guam", "NAME_ES": "Guam", "NAME_FR": "Guam", "NAME_EL": "Γκουάμ", "NAME_HI": "गुआम", "NAME_HU": "Guam", "NAME_ID": "Guam", "NAME_IT": "Guam", "NAME_JA": "グアム", "NAME_KO": "괌", "NAME_NL": "Guam", "NAME_PL": "Guam", "NAME_PT": "Guam", "NAME_RU": "Гуам", "NAME_SV": "Guam", "NAME_TR": "Guam", "NAME_VI": "Guam", "NAME_ZH": "關島", "WB_NAME": "Guam (US)", "WB_RULES": "Name in italic", "WB_REGION": "Other", "Shape_Leng": 1.17824070939, "Shape_Area": 0.04709381526 }, "geometry": { "type": "Polygon", "coordinates": [ [ [ 135.057298656801919, 17.835029407803873 ], [ 151.696622270779585, 12.926836785043939 ], [ 145.880171259351926, 3.507109340734308 ], [ 143.673316867406044, 3.456178313661354 ], [ 135.057298656801919, 17.835029407803873 ] ] ] } },
{ "type": "Feature", "properties": { "OBJECTID": 167, "featurecla": "Admin-0 country", "LEVEL": 2, "TYPE": "Dependency", "FORMAL_EN": "New Caledonia", "FORMAL_FR": "Nouvelle-Calédonie", "POP_EST": 279070, "POP_RANK": 10, "GDP_MD_EST": 10770.0, "POP_YEAR": 2017, "LASTCENSUS": 2009, "GDP_YEAR": 2016, "ECONOMY": "6. Developing region", "INCOME_GRP": "2. High income: nonOECD", "FIPS_10_": "NC", "ISO_A2": "NC", "ISO_A3": "NCL", "ISO_A3_EH": "NCL", "ISO_N3": "540", "UN_A3": "540", "WB_A2": "NC", "WB_A3": "NCL", "CONTINENT": "Oceania", "REGION_UN": "Oceania", "SUBREGION": "Melanesia", "REGION_WB": "East Asia & Pacific", "NAME_AR": "كاليدونيا الجديدة", "NAME_BN": "নিউ ক্যালিডোনিয়া", "NAME_DE": "Neukaledonien", "NAME_EN": "New Caledonia", "NAME_ES": "Nueva Caledonia", "NAME_FR": "Nouvelle-Calédonie", "NAME_EL": "Νέα Καληδονία", "NAME_HI": "नया कैलेडोनिया", "NAME_HU": "Új-Kaledónia", "NAME_ID": "Kaledonia Baru", "NAME_IT": "Nuova Caledonia", "NAME_JA": "ニューカレドニア", "NAME_KO": "누벨칼레도니", "NAME_NL": "Nieuw-Caledonië", "NAME_PL": "Nowa Kaledonia", "NAME_PT": "Nova Caledónia", "NAME_RU": "Новая Каледония", "NAME_SV": "Nya Kaledonien", "NAME_TR": "Yeni Kaledonya", "NAME_VI": "Nouvelle-Calédonie", "NAME_ZH": "新喀里多尼亞", "WB_NAME": "New Caledonia (Fr.)", "WB_RULES": "Name in italic", "WB_REGION": "Other", "Shape_Leng": 17.6169111062, "Shape_Area": 1.6401141235600001 }, "geometry": { "type": "Polygon", "coordinates": [ [ [ 150.680427599762595, -27.63155741090651 ], [ 166.038814888276477, -18.493221423969157 ], [ 176.151914168992676, -22.453166886412042 ], [ 150.986058979692586, -29.785870621607259 ], [ 150.680427599762595, -27.63155741090651 ] ] ] } },
{ "type": "Feature", "properties": { "OBJECTID": 245, "featurecla": "Admin-0 country", "LEVEL": 2, "TYPE": "Dependency", "FORMAL_EN": null, "FORMAL_FR": null, "POP_EST": 300, "POP_RANK": 2, "GDP_MD_EST": 0.0, "POP_YEAR": 0, "LASTCENSUS": -99, "GDP_YEAR": 0, "ECONOMY": "7. Least developed region", "INCOME_GRP": "5. Low income", "FIPS_10_": "-99", "ISO_A2": "UM", "ISO_A3": "UMI", "ISO_A3_EH": "UMI", "ISO_N3": "581", "UN_A3": "-099", "WB_A2": "-99", "WB_A3": "UMI", "CONTINENT": "North America", "REGION_UN": "Seven seas (open ocean)", "SUBREGION": "Seven seas (open ocean)", "REGION_WB": "East Asia & Pacific", "NAME_AR": "جزر الولايات المتحدة الصغيرة النائية", "NAME_BN": "মার্কিন যুক্তরাষ্ট্র পার্শ্ববর্তী ক্ষুদ্র দ্বীপপুঞ্জ", "NAME_DE": "United States Minor Outlying Islands", "NAME_EN": "United States Minor Outlying Islands", "NAME_ES": "Islas ultramarinas de Estados Unidos", "NAME_FR": "Îles mineures éloignées des États-Unis", "NAME_EL": "Απομακρυσμένες Νησίδες των Ηνωμένων Πολιτειών", "NAME_HI": "संयुक्त राज्य अमेरिका के छोटे दूरस्थ द्वीपसमूह", "NAME_HU": "Az Amerikai Egyesült Államok lakatlan külbirtokai", "NAME_ID": "Kepulauan Terluar Kecil Amerika Serikat", "NAME_IT": "Isole minori esterne degli Stati Uniti d'America", "NAME_JA": "合衆国領有小離島", "NAME_KO": "미국령 군소 제도", "NAME_NL": "Kleine afgelegen eilanden van de Verenigde Staten", "NAME_PL": "Dalekie Wyspy Mniejsze Stanów Zjednoczonych", "NAME_PT": "Ilhas Menores Distantes dos Estados Unidos", "NAME_RU": "Внешние малые острова США", "NAME_SV": "Förenta staternas mindre öar i Oceanien och Västindien", "NAME_TR": "United States Minor Outlying Islands", "NAME_VI": "Các tiểu đảo xa của Hoa Kỳ", "NAME_ZH": "美国本土外小岛屿", "WB_NAME": "Wake Island (US)", "WB_RULES": "Name in italic", "WB_REGION": "Other", "Shape_Leng": 0.108124723, "Shape_Area": 0.00033657418 }, "geometry": { "type": "Polygon", "coordinates": [ [ [ 231.903555765093842, 94.148272087766884 ], [ 231.903555765093842, 31.818779494472075 ], [ 228.231327425232337, 30.205921576874214 ], [ 162.635142077127341, 11.571514248128276 ], [ 156.150649009891907, 17.5617865132653 ], [ 154.164048597516683, 31.328962345063932 ], [ 194.19215362805835, 94.148272087766884 ], [ 231.903555765093842, 94.148272087766884 ] ] ] } },
{ "type": "Feature", "properties": { "OBJECTID": 223, "featurecla": "Admin-0 country", "LEVEL": 2, "TYPE": "Sovereign country", "FORMAL_EN": "Federated States of Micronesia", "FORMAL_FR": null, "POP_EST": 104196, "POP_RANK": 9, "GDP_MD_EST": 314.0, "POP_YEAR": 2017, "LASTCENSUS": 2000, "GDP_YEAR": 2016, "ECONOMY": "6. Developing region", "INCOME_GRP": "4. Lower middle income", "FIPS_10_": "FM", "ISO_A2": "FM", "ISO_A3": "FSM", "ISO_A3_EH": "FSM", "ISO_N3": "583", "UN_A3": "583", "WB_A2": "FM", "WB_A3": "FSM", "CONTINENT": "Oceania", "REGION_UN": "Oceania", "SUBREGION": "Micronesia", "REGION_WB": "East Asia & Pacific", "NAME_AR": "ولايات ميكرونيسيا المتحدة", "NAME_BN": "মাইক্রোনেশিয়া যুক্তরাজ্য", "NAME_DE": "Mikronesien", "NAME_EN": "Federated States of Micronesia", "NAME_ES": "Micronesia", "NAME_FR": "Micronésie", "NAME_EL": "Μικρονησία", "NAME_HI": "माइक्रोनेशिया के संघीकृत राज्य", "NAME_HU": "Mikronéziai Szövetségi Államok", "NAME_ID": "Mikronesia", "NAME_IT": "Stati Federati di Micronesia", "NAME_JA": "ミクロネシア連邦", "NAME_KO": "미크로네시아 연방", "NAME_NL": "Micronesia", "NAME_PL": "Mikronezja", "NAME_PT": "Micronésia", "NAME_RU": "Микронезия", "NAME_SV": "Mikronesiens federerade stater", "NAME_TR": "Mikronezya", "NAME_VI": "Micronesia", "NAME_ZH": "密克罗尼西亚联邦", "WB_NAME": "Micronesia, Federated States of", "WB_RULES": "None", "WB_REGION": "EAP", "Shape_Leng": 3.1119834330699998, "Shape_Area": 0.05188218263 }, "geometry": { "type": "Polygon", "coordinates": [ [ [ 151.696622270779585, 12.926836785043939 ], [ 156.150649009891907, 17.5617865132653 ], [ 162.635142077127341, 11.571514248128276 ], [ 162.693264382110414, 5.711711046912683 ], [ 158.611706750925038, -0.650677832160996 ], [ 153.382623946020658, -2.092404942586368 ], [ 145.880171259351926, 3.507109340734308 ], [ 151.696622270779585, 12.926836785043939 ] ] ] } },
{ "type": "Feature", "properties": { "OBJECTID": 219, "featurecla": "Admin-0 country", "LEVEL": 2, "TYPE": "Sovereign country", "FORMAL_EN": null, "FORMAL_FR": null, "POP_EST": 647581, "POP_RANK": 11, "GDP_MD_EST": 1198.0, "POP_YEAR": 2017, "LASTCENSUS": 2009, "GDP_YEAR": 2016, "ECONOMY": "7. Least developed region", "INCOME_GRP": "4. Lower middle income", "FIPS_10_": "BP", "ISO_A2": "SB", "ISO_A3": "SLB", "ISO_A3_EH": "SLB", "ISO_N3": "090", "UN_A3": "090", "WB_A2": "SB", "WB_A3": "SLB", "CONTINENT": "Oceania", "REGION_UN": "Oceania", "SUBREGION": "Melanesia", "REGION_WB": "East Asia & Pacific", "NAME_AR": "جزر سليمان", "NAME_BN": "সলোমন দ্বীপপুঞ্জ", "NAME_DE": "Salomonen", "NAME_EN": "Solomon Islands", "NAME_ES": "Islas Salomón", "NAME_FR": "Îles Salomon", "NAME_EL": "Νήσοι Σολομώντα", "NAME_HI": "सोलोमन द्वीपसमूह", "NAME_HU": "Salamon-szigetek", "NAME_ID": "Kepulauan Solomon", "NAME_IT": "Isole Salomone", "NAME_JA": "ソロモン諸島", "NAME_KO": "솔로몬 제도", "NAME_NL": "Salomonseilanden", "NAME_PL": "Wyspy Salomona", "NAME_PT": "Ilhas Salomão", "NAME_RU": "Соломоновы Острова", "NAME_SV": "Salomonöarna", "NAME_TR": "Solomon Adaları", "NAME_VI": "Quần đảo Solomon", "NAME_ZH": "索羅門群島", "WB_NAME": "Solomon Islands", "WB_RULES": "None", "WB_REGION": "EAP", "Shape_Leng": 40.721514701799997, "Shape_Area": 2.2364024392499999 }, "geometry": { "type": "Polygon", "coordinates": [ [ [ 153.382623946020658, -2.092404942586368 ], [ 158.611706750925038, -0.650677832160996 ], [ 167.46949920101116, -8.353558497473697 ], [ 164.158150898063383, -12.015067944398218 ], [ 150.695934263523952, -17.959008139723316 ], [ 153.382623946020658, -2.092404942586368 ] ] ] } },
{ "type": "Feature", "properties": { "OBJECTID": 222, "featurecla": "Admin-0 country", "LEVEL": 2, "TYPE": "Sovereign country", "FORMAL_EN": "Republic of Nauru", "FORMAL_FR": null, "POP_EST": 9642, "POP_RANK": 5, "GDP_MD_EST": 150.8, "POP_YEAR": 2017, "LASTCENSUS": -99, "GDP_YEAR": 2015, "ECONOMY": "6. Developing region", "INCOME_GRP": "4. Lower middle income", "FIPS_10_": "NR", "ISO_A2": "NR", "ISO_A3": "NRU", "ISO_A3_EH": "NRU", "ISO_N3": "520", "UN_A3": "520", "WB_A2": "-99", "WB_A3": "NRU", "CONTINENT": "Oceania", "REGION_UN": "Oceania", "SUBREGION": "Micronesia", "REGION_WB": "East Asia & Pacific", "NAME_AR": "ناورو", "NAME_BN": "নাউরু", "NAME_DE": "Nauru", "NAME_EN": "Nauru", "NAME_ES": "Nauru", "NAME_FR": "Nauru", "NAME_EL": "Ναουρού", "NAME_HI": "नौरु", "NAME_HU": "Nauru", "NAME_ID": "Nauru", "NAME_IT": "Nauru", "NAME_JA": "ナウル", "NAME_KO": "나우루", "NAME_NL": "Nauru", "NAME_PL": "Nauru", "NAME_PT": "Nauru", "NAME_RU": "Науру", "NAME_SV": "Nauru", "NAME_TR": "Nauru", "NAME_VI": "Nauru", "NAME_ZH": "諾魯", "WB_NAME": "Nauru", "WB_RULES": "None", "WB_REGION": "Other", "Shape_Leng": 0.17879544162, "Shape_Area": 0.00233714448 }, "geometry": { "type": "Polygon", "coordinates": [ [ [ 158.611706750925038, -0.650677832160996 ], [ 162.693264382110414, 5.711711046912683 ], [ 175.550155033999204, 0.379860090798786 ], [ 170.177396080145655, -8.220980615028889 ], [ 167.46949920101116, -8.353558497473697 ], [ 158.611706750925038, -0.650677832160996 ] ] ] } },
{ "type": "Feature", "properties": { "OBJECTID": 166, "featurecla": "Admin-0 country", "LEVEL": 2, "TYPE": "Sovereign country", "FORMAL_EN": "Republic of Fiji", "FORMAL_FR": null, "POP_EST": 920938, "POP_RANK": 11, "GDP_MD_EST": 8374.0, "POP_YEAR": 2017, "LASTCENSUS": 2007, "GDP_YEAR": 2016, "ECONOMY": "6. Developing region", "INCOME_GRP": "4. Lower middle income", "FIPS_10_": "FJ", "ISO_A2": "FJ", "ISO_A3": "FJI", "ISO_A3_EH": "FJI", "ISO_N3": "242", "UN_A3": "242", "WB_A2": "FJ", "WB_A3": "FJI", "CONTINENT": "Oceania", "REGION_UN": "Oceania", "SUBREGION": "Melanesia", "REGION_WB": "East Asia & Pacific", "NAME_AR": "فيجي", "NAME_BN": "ফিজি", "NAME_DE": "Fidschi", "NAME_EN": "Fiji", "NAME_ES": "Fiyi", "NAME_FR": "Fidji", "NAME_EL": "Φίτζι", "NAME_HI": "फ़िजी", "NAME_HU": "Fidzsi-szigetek", "NAME_ID": "Fiji", "NAME_IT": "Figi", "NAME_JA": "フィジー", "NAME_KO": "피지", "NAME_NL": "Fiji", "NAME_PL": "Fidżi", "NAME_PT": "Fiji", "NAME_RU": "Фиджи", "NAME_SV": "Fiji", "NAME_TR": "Fiji", "NAME_VI": "Fiji", "NAME_ZH": "斐濟", "WB_NAME": "Fiji", "WB_RULES": "None", "WB_REGION": "EAP", "Shape_Leng": 24.082753732699999, "Shape_Area": 1.61025023655 }, "geometry": { "type": "Polygon", "coordinates": [ [ [ 150.695934263523952, -17.959008139723316 ], [ 164.158150898063383, -12.015067944398218 ], [ 166.038814888276477, -18.493221423969157 ], [ 150.680427599762595, -27.63155741090651 ], [ 148.805846100186812, -21.088594899052548 ], [ 150.695934263523952, -17.959008139723316 ] ] ] } },
{ "type": "Feature", "properties": { "OBJECTID": 226, "featurecla": "Admin-0 country", "LEVEL": 2, "TYPE": "Sovereign country", "FORMAL_EN": "Republic of Vanuatu", "FORMAL_FR": null, "POP_EST": 282814, "POP_RANK": 10, "GDP_MD_EST": 723.0, "POP_YEAR": 2017, "LASTCENSUS": 2009, "GDP_YEAR": 2016, "ECONOMY": "7. Least developed region", "INCOME_GRP": "4. Lower middle income", "FIPS_10_": "NH", "ISO_A2": "VU", "ISO_A3": "VUT", "ISO_A3_EH": "VUT", "ISO_N3": "548", "UN_A3": "548", "WB_A2": "VU", "WB_A3": "VUT", "CONTINENT": "Oceania", "REGION_UN": "Oceania", "SUBREGION": "Melanesia", "REGION_WB": "East Asia & Pacific", "NAME_AR": "فانواتو", "NAME_BN": "ভানুয়াটু", "NAME_DE": "Vanuatu", "NAME_EN": "Vanuatu", "NAME_ES": "Vanuatu", "NAME_FR": "Vanuatu", "NAME_EL": "Βανουάτου", "NAME_HI": "वानूआटू", "NAME_HU": "Vanuatu", "NAME_ID": "Vanuatu", "NAME_IT": "Vanuatu", "NAME_JA": "バヌアツ", "NAME_KO": "바누아투", "NAME_NL": "Vanuatu", "NAME_PL": "Vanuatu", "NAME_PT": "Vanuatu", "NAME_RU": "Вануату", "NAME_SV": "Vanuatu", "NAME_TR": "Vanuatu", "NAME_VI": "Vanuatu", "NAME_ZH": "萬那杜", "WB_NAME": "Vanuatu", "WB_RULES": "None", "WB_REGION": "EAP", "Shape_Leng": 20.774730545600001, "Shape_Area": 1.0395539199599999 }, "geometry": { "type": "Polygon", "coordinates": [ [ [ 176.151914168992676, -22.453166886412042 ], [ 166.038814888276477, -18.493221423969157 ], [ 164.158150898063383, -12.015067944398218 ], [ 167.46949920101116, -8.353558497473697 ], [ 170.177396080145655, -8.220980615028889 ], [ 181.204300178177874, -22.353043903895493 ], [ 176.151914168992676, -22.453166886412042 ] ] ] } },
{ "type": "Feature", "properties": { "OBJECTID": 214, "featurecla": "Admin-0 country", "LEVEL": 2, "TYPE": "Dependency", "FORMAL_EN": "Territory of Norfolk Island", "FORMAL_FR": null, "POP_EST": 2210, "POP_RANK": 4, "GDP_MD_EST": 33.15, "POP_YEAR": 2014, "LASTCENSUS": -99, "GDP_YEAR": 2016, "ECONOMY": "6. Developing region", "INCOME_GRP": "4. Lower middle income", "FIPS_10_": "NF", "ISO_A2": "NF", "ISO_A3": "NFK", "ISO_A3_EH": "NFK", "ISO_N3": "574", "UN_A3": "574", "WB_A2": "-99", "WB_A3": "NFK", "CONTINENT": "Oceania", "REGION_UN": "Oceania", "SUBREGION": "Australia and New Zealand", "REGION_WB": "East Asia & Pacific", "NAME_AR": "جزيرة نورفولك", "NAME_BN": "নরফোক দ্বীপ", "NAME_DE": "Norfolk Island", "NAME_EN": "Norfolk Island", "NAME_ES": "Isla Norfolk", "NAME_FR": "île Norfolk", "NAME_EL": "Νόρφολκ", "NAME_HI": "नॉर्फ़ोक द्वीप", "NAME_HU": "Norfolk-sziget", "NAME_ID": "Pulau Norfolk", "NAME_IT": "Isola Norfolk", "NAME_JA": "ノーフォーク島", "NAME_KO": "노퍽 섬", "NAME_NL": "Norfolk", "NAME_PL": "Norfolk", "NAME_PT": "Ilha Norfolk", "NAME_RU": "Норфолк", "NAME_SV": "Norfolkön", "NAME_TR": "Norfolk Adası", "NAME_VI": "Đảo Norfolk", "NAME_ZH": "诺福克岛", "WB_NAME": "Norfolk Island (Aus.)", "WB_RULES": "Name in italic", "WB_REGION": "Other", "Shape_Leng": 0.30007549751000001, "Shape_Area": 0.00381123691 }, "geometry": { "type": "Polygon", "coordinates": [ [ [ 181.204300178177874, -22.353043903895493 ], [ 194.058328745238214, -28.736094031162438 ], [ 149.89058053767647, -40.885726922009717 ], [ 150.986058979692586, -29.785870621607259 ], [ 176.151914168992676, -22.453166886412042 ], [ 181.204300178177874, -22.353043903895493 ] ] ] } },
{ "type": "Feature", "properties": { "OBJECTID": 220, "featurecla": "Admin-0 country", "LEVEL": 2, "TYPE": "Sovereign country", "FORMAL_EN": "Tuvalu", "FORMAL_FR": null, "POP_EST": 11052, "POP_RANK": 6, "GDP_MD_EST": 39.0, "POP_YEAR": 2017, "LASTCENSUS": 2002, "GDP_YEAR": 2016, "ECONOMY": "7. Least developed region", "INCOME_GRP": "3. Upper middle income", "FIPS_10_": "TV", "ISO_A2": "TV", "ISO_A3": "TUV", "ISO_A3_EH": "TUV", "ISO_N3": "798", "UN_A3": "798", "WB_A2": "TV", "WB_A3": "TUV", "CONTINENT": "Oceania", "REGION_UN": "Oceania", "SUBREGION": "Polynesia", "REGION_WB": "East Asia & Pacific", "NAME_AR": "توفالو", "NAME_BN": "টুভালু", "NAME_DE": "Tuvalu", "NAME_EN": "Tuvalu", "NAME_ES": "Tuvalu", "NAME_FR": "Tuvalu", "NAME_EL": "Τουβαλού", "NAME_HI": "तुवालू", "NAME_HU": "Tuvalu", "NAME_ID": "Tuvalu", "NAME_IT": "Tuvalu", "NAME_JA": "ツバル", "NAME_KO": "투발루", "NAME_NL": "Tuvalu", "NAME_PL": "Tuvalu", "NAME_PT": "Tuvalu", "NAME_RU": "Тувалу", "NAME_SV": "Tuvalu", "NAME_TR": "Tuvalu", "NAME_VI": "Tuvalu", "NAME_ZH": "吐瓦魯", "WB_NAME": "Tuvalu", "WB_RULES": "None", "WB_REGION": "EAP", "Shape_Leng": 0.70080012442999995, "Shape_Area": 0.00188714922 }, "geometry": { "type": "Polygon", "coordinates": [ [ [ 231.903555765093842, -36.562164839446147 ], [ 194.058328745238214, -28.736094031162438 ], [ 181.204300178177874, -22.353043903895493 ], [ 170.177396080145655, -8.220980615028889 ], [ 175.550155033999204, 0.379860090798786 ], [ 228.231327425232337, 30.205921576874214 ], [ 231.903555765093842, 31.818779494472075 ], [ 231.903555765093842, -36.562164839446147 ] ] ] } },
{ "type": "Feature", "properties": { "OBJECTID": 183, "featurecla": "Admin-0 country", "LEVEL": 2, "TYPE": "Sovereign country", "FORMAL_EN": "Republic of the Marshall Islands", "FORMAL_FR": null, "POP_EST": 74539, "POP_RANK": 8, "GDP_MD_EST": 180.0, "POP_YEAR": 2017, "LASTCENSUS": 2011, "GDP_YEAR": 2016, "ECONOMY": "6. Developing region", "INCOME_GRP": "4. Lower middle income", "FIPS_10_": "RM", "ISO_A2": "MH", "ISO_A3": "MHL", "ISO_A3_EH": "MHL", "ISO_N3": "584", "UN_A3": "584", "WB_A2": "MH", "WB_A3": "MHL", "CONTINENT": "Oceania", "REGION_UN": "Oceania", "SUBREGION": "Micronesia", "REGION_WB": "East Asia & Pacific", "NAME_AR": "جزر مارشال", "NAME_BN": "মার্শাল দ্বীপপুঞ্জ", "NAME_DE": "Marshallinseln", "NAME_EN": "Marshall Islands", "NAME_ES": "Islas Marshall", "NAME_FR": "îles Marshall", "NAME_EL": "Νησιά Μάρσαλ", "NAME_HI": "मार्शल द्वीपसमूह", "NAME_HU": "Marshall-szigetek", "NAME_ID": "Kepulauan Marshall", "NAME_IT": "Isole Marshall", "NAME_JA": "マーシャル諸島", "NAME_KO": "마셜 제도", "NAME_NL": "Marshalleilanden", "NAME_PL": "Wyspy Marshalla", "NAME_PT": "Ilhas Marshall", "NAME_RU": "Маршалловы Острова", "NAME_SV": "Marshallöarna", "NAME_TR": "Marshall Adaları", "NAME_VI": "Quần đảo Marshall", "NAME_ZH": "馬紹爾群島", "WB_NAME": "Marshall Islands", "WB_RULES": "None", "WB_REGION": "EAP", "Shape_Leng": 3.6748700286, "Shape_Area": 0.01349553475 }, "geometry": { "type": "Polygon", "coordinates": [ [ [ 162.635142077127341, 11.571514248128276 ], [ 228.231327425232337, 30.205921576874214 ], [ 175.550155033999204, 0.379860090798786 ], [ 162.693264382110414, 5.711711046912683 ], [ 162.635142077127341, 11.571514248128276 ] ] ] } },
{ "type": "Feature", "properties": { "OBJECTID": 251, "featurecla": "Admin-0 country", "LEVEL": 2, "TYPE": "Country", "FORMAL_EN": "New Zealand", "FORMAL_FR": null, "POP_EST": 4510327, "POP_RANK": 12, "GDP_MD_EST": 174800.0, "POP_YEAR": 2017, "LASTCENSUS": 2006, "GDP_YEAR": 2016, "ECONOMY": "2. Developed region: nonG7", "INCOME_GRP": "1. High income: OECD", "FIPS_10_": "NZ", "ISO_A2": "NZ", "ISO_A3": "NZL", "ISO_A3_EH": "NZL", "ISO_N3": "554", "UN_A3": "554", "WB_A2": "NZ", "WB_A3": "NZL", "CONTINENT": "Oceania", "REGION_UN": "Oceania", "SUBREGION": "Australia and New Zealand", "REGION_WB": "East Asia & Pacific", "NAME_AR": "نيوزيلندا", "NAME_BN": "নিউজিল্যান্ড", "NAME_DE": "Neuseeland", "NAME_EN": "New Zealand", "NAME_ES": "Nueva Zelanda", "NAME_FR": "Nouvelle-Zélande", "NAME_EL": "Νέα Ζηλανδία", "NAME_HI": "न्यूज़ीलैण्ड", "NAME_HU": "Új-Zéland", "NAME_ID": "Selandia Baru", "NAME_IT": "Nuova Zelanda", "NAME_JA": "ニュージーランド", "NAME_KO": "뉴질랜드", "NAME_NL": "Nieuw-Zeeland", "NAME_PL": "Nowa Zelandia", "NAME_PT": "Nova Zelândia", "NAME_RU": "Новая Зеландия", "NAME_SV": "Nya Zeeland", "NAME_TR": "Yeni Zelanda", "NAME_VI": "New Zealand", "NAME_ZH": "新西兰", "WB_NAME": "New Zealand", "WB_RULES": "None", "WB_REGION": "Other", "Shape_Leng": 104.828985944, "Shape_Area": 29.143542181800001 }, "geometry": { "type": "Polygon", "coordinates": [ [ [ 231.903555765093842, -74.091500619259619 ], [ 135.437351705328894, -74.091500619259619 ], [ 149.89058053767647, -40.885726922009717 ], [ 194.058328745238214, -28.736094031162438 ], [ 231.903555765093842, -36.562164839446147 ], [ 231.903555765093842, -74.091500619259619 ] ] ] } }
]
}
